item,lang,exp,AttachType,verbNum,N1_changed,N2_changed,N1_full,N2_full,N1,N2,mask_sents,auto_sents,target
1a,Spanish,Fernandez,ambi,sg,1,0,el relativo,del maestro,relativo,maestro,Andrés cenó ayer con el relativo del maestro que MASKTOKEN en el partido comunista..,Andrés cenó ayer con el relativo del maestro que,$ES_SG
1a,Spanish,Fernandez,low,sg,1,0,los relativos,del maestro,relativos,maestro,Andrés cenó ayer con los relativos del maestro que MASKTOKEN en el partido comunista..,Andrés cenó ayer con los relativos del maestro que,$ES_SG
1a,Spanish,Fernandez,high,sg,1,0,el relativo,de los maestros,relativo,maestros,Andrés cenó ayer con el relativo de los maestros que MASKTOKEN en el partido comunista..,Andrés cenó ayer con el relativo de los maestros que,$ES_SG
1a,Spanish,Fernandez,ambi,pl,1,0,los relativos,de los maestros,relativos,maestros,Andrés cenó ayer con los relativos de los maestros que MASKTOKEN en el partido comunista..,Andrés cenó ayer con los relativos de los maestros que,$ES_PL
1a,Spanish,Fernandez,low,pl,1,0,el relativo,de los maestros,relativo,maestros,Andrés cenó ayer con el relativo de los maestros que MASKTOKEN en el partido comunista..,Andrés cenó ayer con el relativo de los maestros que,$ES_PL
1a,Spanish,Fernandez,high,pl,1,0,los relativos,del maestro,relativos,maestro,Andrés cenó ayer con los relativos del maestro que MASKTOKEN en el partido comunista..,Andrés cenó ayer con los relativos del maestro que,$ES_PL
2a,Spanish,Fernandez,ambi,sg,0,1,al entrenador,del atleta,entrenador,atleta,El periodista entrevistó al entrenador del atleta que MASKTOKEN en la competición.,El periodista entrevistó al entrenador del atleta que,$ES_SG
2a,Spanish,Fernandez,low,sg,0,1,a los entrenadores,del atleta,entrenadores,atleta,El periodista entrevistó a los entrenadores del atleta que MASKTOKEN en la competición.,El periodista entrevistó a los entrenadores del atleta que,$ES_SG
2a,Spanish,Fernandez,high,sg,0,1,al entrenador,de los atletas,entrenador,atletas,El periodista entrevistó al entrenador de los atletas que MASKTOKEN en la competición.,El periodista entrevistó al entrenador de los atletas que,$ES_SG
2a,Spanish,Fernandez,ambi,pl,0,1,a los entrenadores,de los atletas,entrenadores,atletas,El periodista entrevistó a los entrenadores de los atletas que MASKTOKEN en la competición.,El periodista entrevistó a los entrenadores de los atletas que,$ES_PL
2a,Spanish,Fernandez,low,pl,0,1,al entrenador,de los atletas,entrenador,atletas,El periodista entrevistó al entrenador de los atletas que MASKTOKEN en la competición.,El periodista entrevistó al entrenador de los atletas que,$ES_PL
2a,Spanish,Fernandez,high,pl,0,1,a los entrenadores,del atleta,entrenadores,atleta,El periodista entrevistó a los entrenadores del atleta que MASKTOKEN en la competición.,El periodista entrevistó a los entrenadores del atleta que,$ES_PL
3a,Spanish,Fernandez,ambi,sg,1,1,al asistente,del trabajador,asistente,trabajador,El gerente observaba al asistente del trabajador que MASKTOKEN en la oficina.,El gerente observaba al asistente del trabajador que,$ES_SG
3a,Spanish,Fernandez,low,sg,1,1,a los asistentes,del trabajador,asistentes,trabajador,El gerente observaba a los asistentes del trabajador que MASKTOKEN en la oficina.,El gerente observaba a los asistentes del trabajador que,$ES_SG
3a,Spanish,Fernandez,high,sg,1,1,al asistente,de los trabajadores,asistente,trabajadores,El gerente observaba al asistente de los trabajadores que MASKTOKEN en la oficina.,El gerente observaba al asistente de los trabajadores que,$ES_SG
3a,Spanish,Fernandez,ambi,pl,1,1,a los asistentes,de los trabajadores,asistentes,trabajadores,El gerente observaba a los asistentes de los trabajadores que MASKTOKEN en la oficina.,El gerente observaba a los asistentes de los trabajadores que,$ES_PL
3a,Spanish,Fernandez,low,pl,1,1,al asistente,de los trabajadores,asistente,trabajadores,El gerente observaba al asistente de los trabajadores que MASKTOKEN en la oficina.,El gerente observaba al asistente de los trabajadores que,$ES_PL
3a,Spanish,Fernandez,high,pl,1,1,a los asistentes,del trabajador,asistentes,trabajador,El gerente observaba a los asistentes del trabajador que MASKTOKEN en la oficina.,El gerente observaba a los asistentes del trabajador que,$ES_PL
4a,Spanish,Fernandez,ambi,sg,1,0,al asistente,del abogado,asistente,abogado,Julia había hablado con al asistente del abogado que MASKTOKEN de vacación.,Julia había hablado con al asistente del abogado que,$ES_SG
4a,Spanish,Fernandez,low,sg,1,0,a los asistentes,del abogado,asistentes,abogado,Julia había hablado con a los asistentes del abogado que MASKTOKEN de vacación.,Julia había hablado con a los asistentes del abogado que,$ES_SG
4a,Spanish,Fernandez,high,sg,1,0,al asistente,de los abogados,asistente,abogados,Julia había hablado con al asistente de los abogados que MASKTOKEN de vacación.,Julia había hablado con al asistente de los abogados que,$ES_SG
4a,Spanish,Fernandez,ambi,pl,1,0,a los asistentes,de los abogados,asistentes,abogados,Julia había hablado con a los asistentes de los abogados que MASKTOKEN de vacación.,Julia había hablado con a los asistentes de los abogados que,$ES_PL
4a,Spanish,Fernandez,low,pl,1,0,al asistente,de los abogados,asistente,abogados,Julia había hablado con al asistente de los abogados que MASKTOKEN de vacación.,Julia había hablado con al asistente de los abogados que,$ES_PL
4a,Spanish,Fernandez,high,pl,1,0,a los asistentes,del abogado,asistentes,abogado,Julia había hablado con a los asistentes del abogado que MASKTOKEN de vacación.,Julia había hablado con a los asistentes del abogado que,$ES_PL
5a,Spanish,Fernandez,ambi,sg,0,0,al ayudante,del detective,ayudante,detective,Mi amigo conoció al ayudante del detective que MASKTOKEN en la oficina.,Mi amigo conoció al ayudante del detective que,$ES_SG
5a,Spanish,Fernandez,low,sg,0,0,a los ayudantes,del detective,ayudantes,detective,Mi amigo conoció a los ayudantes del detective que MASKTOKEN en la oficina.,Mi amigo conoció a los ayudantes del detective que,$ES_SG
5a,Spanish,Fernandez,high,sg,0,0,al ayudante,de los detectives,ayudante,detectives,Mi amigo conoció al ayudante de los detectives que MASKTOKEN en la oficina.,Mi amigo conoció al ayudante de los detectives que,$ES_SG
5a,Spanish,Fernandez,ambi,pl,0,0,a los ayudantes,de los detectives,ayudantes,detectives,Mi amigo conoció a los ayudantes de los detectives que MASKTOKEN en la oficina.,Mi amigo conoció a los ayudantes de los detectives que,$ES_PL
5a,Spanish,Fernandez,low,pl,0,0,al ayudante,de los detectives,ayudante,detectives,Mi amigo conoció al ayudante de los detectives que MASKTOKEN en la oficina.,Mi amigo conoció al ayudante de los detectives que,$ES_PL
5a,Spanish,Fernandez,high,pl,0,0,a los ayudantes,del detective,ayudantes,detective,Mi amigo conoció a los ayudantes del detective que MASKTOKEN en la oficina.,Mi amigo conoció a los ayudantes del detective que,$ES_PL
6a,Spanish,Fernandez,ambi,sg,1,0,al analista,del embajador,analista,embajador,Carlos conoció al analista del embajador que MASKTOKEN en la compañia.,Carlos conoció al analista del embajador que,$ES_SG
6a,Spanish,Fernandez,low,sg,1,0,a los analistas,del embajador,analistas,embajador,Carlos conoció a los analistas del embajador que MASKTOKEN en la compañia.,Carlos conoció a los analistas del embajador que,$ES_SG
6a,Spanish,Fernandez,high,sg,1,0,al analista,de los embajadores,analista,embajadores,Carlos conoció al analista de los embajadores que MASKTOKEN en la compañia.,Carlos conoció al analista de los embajadores que,$ES_SG
6a,Spanish,Fernandez,ambi,pl,1,0,a los analistas,de los embajadores,analistas,embajadores,Carlos conoció a los analistas de los embajadores que MASKTOKEN en la compañia.,Carlos conoció a los analistas de los embajadores que,$ES_PL
6a,Spanish,Fernandez,low,pl,1,0,al analista,de los embajadores,analista,embajadores,Carlos conoció al analista de los embajadores que MASKTOKEN en la compañia.,Carlos conoció al analista de los embajadores que,$ES_PL
6a,Spanish,Fernandez,high,pl,1,0,a los analistas,del embajador,analistas,embajador,Carlos conoció a los analistas del embajador que MASKTOKEN en la compañia.,Carlos conoció a los analistas del embajador que,$ES_PL
7a,Spanish,Fernandez,ambi,sg,1,1,el verso,de la poema,verso,poema,Rosa leyó el verso de la poema que MASKTOKEN en las últimas páginas de la revista.,Rosa leyó el verso de la poema que,$ES_SG
7a,Spanish,Fernandez,low,sg,1,1,los versos,de la poema,versos,poema,Rosa leyó los versos de la poema que MASKTOKEN en las últimas páginas de la revista.,Rosa leyó los versos de la poema que,$ES_SG
7a,Spanish,Fernandez,high,sg,1,1,el verso,de las poemas,verso,poemas,Rosa leyó el verso de las poemas que MASKTOKEN en las últimas páginas de la revista.,Rosa leyó el verso de las poemas que,$ES_SG
7a,Spanish,Fernandez,ambi,pl,1,1,los versos,de las poemas,versos,poemas,Rosa leyó los versos de las poemas que MASKTOKEN en las últimas páginas de la revista.,Rosa leyó los versos de las poemas que,$ES_PL
7a,Spanish,Fernandez,low,pl,1,1,el verso,de las poemas,verso,poemas,Rosa leyó el verso de las poemas que MASKTOKEN en las últimas páginas de la revista.,Rosa leyó el verso de las poemas que,$ES_PL
7a,Spanish,Fernandez,high,pl,1,1,los versos,de la poema,versos,poema,Rosa leyó los versos de la poema que MASKTOKEN en las últimas páginas de la revista.,Rosa leyó los versos de la poema que,$ES_PL
8a,Spanish,Fernandez,ambi,sg,0,1,el tubo,de la cocina,tubo,cocina,El plomero ajustó el tubo de la cocina que MASKTOKEN en la casa.,El plomero ajustó el tubo de la cocina que,$ES_SG
8a,Spanish,Fernandez,low,sg,0,1,los tubos,de la cocina,tubos,cocina,El plomero ajustó los tubos de la cocina que MASKTOKEN en la casa.,El plomero ajustó los tubos de la cocina que,$ES_SG
8a,Spanish,Fernandez,high,sg,0,1,el tubo,de las cocinas,tubo,cocinas,El plomero ajustó el tubo de las cocinas que MASKTOKEN en la casa.,El plomero ajustó el tubo de las cocinas que,$ES_SG
8a,Spanish,Fernandez,ambi,pl,0,1,los tubos,de las cocinas,tubos,cocinas,El plomero ajustó los tubos de las cocinas que MASKTOKEN en la casa.,El plomero ajustó los tubos de las cocinas que,$ES_PL
8a,Spanish,Fernandez,low,pl,0,1,el tubo,de las cocinas,tubo,cocinas,El plomero ajustó el tubo de las cocinas que MASKTOKEN en la casa.,El plomero ajustó el tubo de las cocinas que,$ES_PL
8a,Spanish,Fernandez,high,pl,0,1,los tubos,de la cocina,tubos,cocina,El plomero ajustó los tubos de la cocina que MASKTOKEN en la casa.,El plomero ajustó los tubos de la cocina que,$ES_PL
9a,Spanish,Fernandez,ambi,sg,0,1,el cable,del radio,cable,radio,María remplazó el cable del radio que MASKTOKEN en el coche.,María remplazó el cable del radio que,$ES_SG
9a,Spanish,Fernandez,low,sg,0,1,los cables,del radio,cables,radio,María remplazó los cables del radio que MASKTOKEN en el coche.,María remplazó los cables del radio que,$ES_SG
9a,Spanish,Fernandez,high,sg,0,1,el cable,de los radios,cable,radios,María remplazó el cable de los radios que MASKTOKEN en el coche.,María remplazó el cable de los radios que,$ES_SG
9a,Spanish,Fernandez,ambi,pl,0,1,los cables,de los radios,cables,radios,María remplazó los cables de los radios que MASKTOKEN en el coche.,María remplazó los cables de los radios que,$ES_PL
9a,Spanish,Fernandez,low,pl,0,1,el cable,de los radios,cable,radios,María remplazó el cable de los radios que MASKTOKEN en el coche.,María remplazó el cable de los radios que,$ES_PL
9a,Spanish,Fernandez,high,pl,0,1,los cables,del radio,cables,radio,María remplazó los cables del radio que MASKTOKEN en el coche.,María remplazó los cables del radio que,$ES_PL
10a,Spanish,Fernandez,ambi,sg,1,1,el ritmo,del canto,ritmo,canto,A mi hermano le gustaba escuchar el ritmo del canto que MASKTOKEN en la primera cara del álbum.,A mi hermano le gustaba escuchar el ritmo del canto que,$ES_SG
10a,Spanish,Fernandez,low,sg,1,1,los ritmos,del canto,ritmos,canto,A mi hermano le gustaba escuchar los ritmos del canto que MASKTOKEN en la primera cara del álbum.,A mi hermano le gustaba escuchar los ritmos del canto que,$ES_SG
10a,Spanish,Fernandez,high,sg,1,1,el ritmo,de los cantos,ritmo,cantos,A mi hermano le gustaba escuchar el ritmo de los cantos que MASKTOKEN en la primera cara del álbum.,A mi hermano le gustaba escuchar el ritmo de los cantos que,$ES_SG
10a,Spanish,Fernandez,ambi,pl,1,1,los ritmos,de los cantos,ritmos,cantos,A mi hermano le gustaba escuchar los ritmos de los cantos que MASKTOKEN en la primera cara del álbum.,A mi hermano le gustaba escuchar los ritmos de los cantos que,$ES_PL
10a,Spanish,Fernandez,low,pl,1,1,el ritmo,de los cantos,ritmo,cantos,A mi hermano le gustaba escuchar el ritmo de los cantos que MASKTOKEN en la primera cara del álbum.,A mi hermano le gustaba escuchar el ritmo de los cantos que,$ES_PL
10a,Spanish,Fernandez,high,pl,1,1,los ritmos,del canto,ritmos,canto,A mi hermano le gustaba escuchar los ritmos del canto que MASKTOKEN en la primera cara del álbum.,A mi hermano le gustaba escuchar los ritmos del canto que,$ES_PL
11a,Spanish,Fernandez,ambi,sg,1,1,el color,del plato,color,plato,El cocinero no pudo encontrar el color del plato que MASKTOKEN en el aparador.,El cocinero no pudo encontrar el color del plato que,$ES_SG
11a,Spanish,Fernandez,low,sg,1,1,los colores,del plato,colores,plato,El cocinero no pudo encontrar los colores del plato que MASKTOKEN en el aparador.,El cocinero no pudo encontrar los colores del plato que,$ES_SG
11a,Spanish,Fernandez,high,sg,1,1,el color,de los platos,color,platos,El cocinero no pudo encontrar el color de los platos que MASKTOKEN en el aparador.,El cocinero no pudo encontrar el color de los platos que,$ES_SG
11a,Spanish,Fernandez,ambi,pl,1,1,los colores,de los platos,colores,platos,El cocinero no pudo encontrar los colores de los platos que MASKTOKEN en el aparador.,El cocinero no pudo encontrar los colores de los platos que,$ES_PL
11a,Spanish,Fernandez,low,pl,1,1,el color,de los platos,color,platos,El cocinero no pudo encontrar el color de los platos que MASKTOKEN en el aparador.,El cocinero no pudo encontrar el color de los platos que,$ES_PL
11a,Spanish,Fernandez,high,pl,1,1,los colores,del plato,colores,plato,El cocinero no pudo encontrar los colores del plato que MASKTOKEN en el aparador.,El cocinero no pudo encontrar los colores del plato que,$ES_PL
12a,Spanish,Fernandez,ambi,sg,0,1,la llave,de la caja,llave,caja,El ladrón se llevó la llave de la caja que MASKTOKEN en al armario del pasillo.,El ladrón se llevó la llave de la caja que,$ES_SG
12a,Spanish,Fernandez,low,sg,0,1,las llaves,de la caja,llaves,caja,El ladrón se llevó las llaves de la caja que MASKTOKEN en al armario del pasillo.,El ladrón se llevó las llaves de la caja que,$ES_SG
12a,Spanish,Fernandez,high,sg,0,1,la llave,de las cajas,llave,cajas,El ladrón se llevó la llave de las cajas que MASKTOKEN en al armario del pasillo.,El ladrón se llevó la llave de las cajas que,$ES_SG
12a,Spanish,Fernandez,ambi,pl,0,1,las llaves,de las cajas,llaves,cajas,El ladrón se llevó las llaves de las cajas que MASKTOKEN en al armario del pasillo.,El ladrón se llevó las llaves de las cajas que,$ES_PL
12a,Spanish,Fernandez,low,pl,0,1,la llave,de las cajas,llave,cajas,El ladrón se llevó la llave de las cajas que MASKTOKEN en al armario del pasillo.,El ladrón se llevó la llave de las cajas que,$ES_PL
12a,Spanish,Fernandez,high,pl,0,1,las llaves,de la caja,llaves,caja,El ladrón se llevó las llaves de la caja que MASKTOKEN en al armario del pasillo.,El ladrón se llevó las llaves de la caja que,$ES_PL
13a,Spanish,Fernandez,ambi,sg,0,1,a la hija,del prisionero,hija,prisionero,El periodista no pudo entrevistar a la hija del prisionero que MASKTOKEN en el avión.,El periodista no pudo entrevistar a la hija del prisionero que,$ES_SG
13a,Spanish,Fernandez,low,sg,0,1,a las hijas,del prisionero,hijas,prisionero,El periodista no pudo entrevistar a las hijas del prisionero que MASKTOKEN en el avión.,El periodista no pudo entrevistar a las hijas del prisionero que,$ES_SG
13a,Spanish,Fernandez,high,sg,0,1,a la hija,de los prisioneros,hija,prisioneros,El periodista no pudo entrevistar a la hija de los prisioneros que MASKTOKEN en el avión.,El periodista no pudo entrevistar a la hija de los prisioneros que,$ES_SG
13a,Spanish,Fernandez,ambi,pl,0,1,a las hijas,de los prisioneros,hijas,prisioneros,El periodista no pudo entrevistar a las hijas de los prisioneros que MASKTOKEN en el avión.,El periodista no pudo entrevistar a las hijas de los prisioneros que,$ES_PL
13a,Spanish,Fernandez,low,pl,0,1,a la hija,de los prisioneros,hija,prisioneros,El periodista no pudo entrevistar a la hija de los prisioneros que MASKTOKEN en el avión.,El periodista no pudo entrevistar a la hija de los prisioneros que,$ES_PL
13a,Spanish,Fernandez,high,pl,0,1,a las hijas,del prisionero,hijas,prisionero,El periodista no pudo entrevistar a las hijas del prisionero que MASKTOKEN en el avión.,El periodista no pudo entrevistar a las hijas del prisionero que,$ES_PL
14a,Spanish,Fernandez,ambi,sg,0,0,al profesor,del estudiante,profesor,estudiante,Patricia vio al profesor del estudiante que MASKTOKEN en clase.,Patricia vio al profesor del estudiante que,$ES_SG
14a,Spanish,Fernandez,low,sg,0,0,a los profesores,del estudiante,profesores,estudiante,Patricia vio a los profesores del estudiante que MASKTOKEN en clase.,Patricia vio a los profesores del estudiante que,$ES_SG
14a,Spanish,Fernandez,high,sg,0,0,al profesor,de los estudiantes,profesor,estudiantes,Patricia vio al profesor de los estudiantes que MASKTOKEN en clase.,Patricia vio al profesor de los estudiantes que,$ES_SG
14a,Spanish,Fernandez,ambi,pl,0,0,a los profesores,de los estudiantes,profesores,estudiantes,Patricia vio a los profesores de los estudiantes que MASKTOKEN en clase.,Patricia vio a los profesores de los estudiantes que,$ES_PL
14a,Spanish,Fernandez,low,pl,0,0,al profesor,de los estudiantes,profesor,estudiantes,Patricia vio al profesor de los estudiantes que MASKTOKEN en clase.,Patricia vio al profesor de los estudiantes que,$ES_PL
14a,Spanish,Fernandez,high,pl,0,0,a los profesores,del estudiante,profesores,estudiante,Patricia vio a los profesores del estudiante que MASKTOKEN en clase.,Patricia vio a los profesores del estudiante que,$ES_PL
15a,Spanish,Fernandez,ambi,sg,1,0,al director,del asistente,director,asistente,Linda escribió al director del asistente que MASKTOKEN en la universidad.,Linda escribió al director del asistente que,$ES_SG
15a,Spanish,Fernandez,low,sg,1,0,a los directores,del asistente,directores,asistente,Linda escribió a los directores del asistente que MASKTOKEN en la universidad.,Linda escribió a los directores del asistente que,$ES_SG
15a,Spanish,Fernandez,high,sg,1,0,al director,de los asistentes,director,asistentes,Linda escribió al director de los asistentes que MASKTOKEN en la universidad.,Linda escribió al director de los asistentes que,$ES_SG
15a,Spanish,Fernandez,ambi,pl,1,0,a los directores,de los asistentes,directores,asistentes,Linda escribió a los directores de los asistentes que MASKTOKEN en la universidad.,Linda escribió a los directores de los asistentes que,$ES_PL
15a,Spanish,Fernandez,low,pl,1,0,al director,de los asistentes,director,asistentes,Linda escribió al director de los asistentes que MASKTOKEN en la universidad.,Linda escribió al director de los asistentes que,$ES_PL
15a,Spanish,Fernandez,high,pl,1,0,a los directores,del asistente,directores,asistente,Linda escribió a los directores del asistente que MASKTOKEN en la universidad.,Linda escribió a los directores del asistente que,$ES_PL
16a,Spanish,Fernandez,ambi,sg,1,0,al conductor,del turista,conductor,turista,El director del hotel no quiso ver al conductor del turista que MASKTOKEN en recepción..,El director del hotel no quiso ver al conductor del turista que,$ES_SG
16a,Spanish,Fernandez,low,sg,1,0,a los conductores,del turista,conductores,turista,El director del hotel no quiso ver a los conductores del turista que MASKTOKEN en recepción..,El director del hotel no quiso ver a los conductores del turista que,$ES_SG
16a,Spanish,Fernandez,high,sg,1,0,al conductor,de los turistas,conductor,turistas,El director del hotel no quiso ver al conductor de los turistas que MASKTOKEN en recepción..,El director del hotel no quiso ver al conductor de los turistas que,$ES_SG
16a,Spanish,Fernandez,ambi,pl,1,0,a los conductores,de los turistas,conductores,turistas,El director del hotel no quiso ver a los conductores de los turistas que MASKTOKEN en recepción..,El director del hotel no quiso ver a los conductores de los turistas que,$ES_PL
16a,Spanish,Fernandez,low,pl,1,0,al conductor,de los turistas,conductor,turistas,El director del hotel no quiso ver al conductor de los turistas que MASKTOKEN en recepción..,El director del hotel no quiso ver al conductor de los turistas que,$ES_PL
16a,Spanish,Fernandez,high,pl,1,0,a los conductores,del turista,conductores,turista,El director del hotel no quiso ver a los conductores del turista que MASKTOKEN en recepción..,El director del hotel no quiso ver a los conductores del turista que,$ES_PL
17a,Spanish,Fernandez,ambi,sg,0,0,al cliente,del abogado,cliente,abogado,La recepcionista saludó al cliente del abogado que MASKTOKEN en la sala de conferencias.,La recepcionista saludó al cliente del abogado que,$ES_SG
17a,Spanish,Fernandez,low,sg,0,0,a los clientes,del abogado,clientes,abogado,La recepcionista saludó a los clientes del abogado que MASKTOKEN en la sala de conferencias.,La recepcionista saludó a los clientes del abogado que,$ES_SG
17a,Spanish,Fernandez,high,sg,0,0,al cliente,de los abogados,cliente,abogados,La recepcionista saludó al cliente de los abogados que MASKTOKEN en la sala de conferencias.,La recepcionista saludó al cliente de los abogados que,$ES_SG
17a,Spanish,Fernandez,ambi,pl,0,0,a los clientes,de los abogados,clientes,abogados,La recepcionista saludó a los clientes de los abogados que MASKTOKEN en la sala de conferencias.,La recepcionista saludó a los clientes de los abogados que,$ES_PL
17a,Spanish,Fernandez,low,pl,0,0,al cliente,de los abogados,cliente,abogados,La recepcionista saludó al cliente de los abogados que MASKTOKEN en la sala de conferencias.,La recepcionista saludó al cliente de los abogados que,$ES_PL
17a,Spanish,Fernandez,high,pl,0,0,a los clientes,del abogado,clientes,abogado,La recepcionista saludó a los clientes del abogado que MASKTOKEN en la sala de conferencias.,La recepcionista saludó a los clientes del abogado que,$ES_PL
18a,Spanish,Fernandez,ambi,sg,1,0,al guarda,del embajador,guarda,embajador,Nadie vio al guarda del embajador que MASKTOKEN en la fiesta.,Nadie vio al guarda del embajador que,$ES_SG
18a,Spanish,Fernandez,low,sg,1,0,a los guardas,del embajador,guardas,embajador,Nadie vio a los guardas del embajador que MASKTOKEN en la fiesta.,Nadie vio a los guardas del embajador que,$ES_SG
18a,Spanish,Fernandez,high,sg,1,0,al guarda,de los embajadores,guarda,embajadores,Nadie vio al guarda de los embajadores que MASKTOKEN en la fiesta.,Nadie vio al guarda de los embajadores que,$ES_SG
18a,Spanish,Fernandez,ambi,pl,1,0,a los guardas,de los embajadores,guardas,embajadores,Nadie vio a los guardas de los embajadores que MASKTOKEN en la fiesta.,Nadie vio a los guardas de los embajadores que,$ES_PL
18a,Spanish,Fernandez,low,pl,1,0,al guarda,de los embajadores,guarda,embajadores,Nadie vio al guarda de los embajadores que MASKTOKEN en la fiesta.,Nadie vio al guarda de los embajadores que,$ES_PL
18a,Spanish,Fernandez,high,pl,1,0,a los guardas,del embajador,guardas,embajador,Nadie vio a los guardas del embajador que MASKTOKEN en la fiesta.,Nadie vio a los guardas del embajador que,$ES_PL
19a,Spanish,Fernandez,ambi,sg,0,0,al hijo,del delegado,hijo,delegado,Ivana conoció al hijo del delegado que MASKTOKEN en el salón.,Ivana conoció al hijo del delegado que,$ES_SG
19a,Spanish,Fernandez,low,sg,0,0,a los hijos,del delegado,hijos,delegado,Ivana conoció a los hijos del delegado que MASKTOKEN en el salón.,Ivana conoció a los hijos del delegado que,$ES_SG
19a,Spanish,Fernandez,high,sg,0,0,al hijo,de los delegados,hijo,delegados,Ivana conoció al hijo de los delegados que MASKTOKEN en el salón.,Ivana conoció al hijo de los delegados que,$ES_SG
19a,Spanish,Fernandez,ambi,pl,0,0,a los hijos,de los delegados,hijos,delegados,Ivana conoció a los hijos de los delegados que MASKTOKEN en el salón.,Ivana conoció a los hijos de los delegados que,$ES_PL
19a,Spanish,Fernandez,low,pl,0,0,al hijo,de los delegados,hijo,delegados,Ivana conoció al hijo de los delegados que MASKTOKEN en el salón.,Ivana conoció al hijo de los delegados que,$ES_PL
19a,Spanish,Fernandez,high,pl,0,0,a los hijos,del delegado,hijos,delegado,Ivana conoció a los hijos del delegado que MASKTOKEN en el salón.,Ivana conoció a los hijos del delegado que,$ES_PL
20a,Spanish,Fernandez,ambi,sg,1,1,el componente,de la pluma,componente,pluma,Lisa no pudo encontrar el componente de la pluma que MASKTOKEN de oferta.,Lisa no pudo encontrar el componente de la pluma que,$ES_SG
20a,Spanish,Fernandez,low,sg,1,1,los componentes,de la pluma,componentes,pluma,Lisa no pudo encontrar los componentes de la pluma que MASKTOKEN de oferta.,Lisa no pudo encontrar los componentes de la pluma que,$ES_SG
20a,Spanish,Fernandez,high,sg,1,1,el componente,de las plumas,componente,plumas,Lisa no pudo encontrar el componente de las plumas que MASKTOKEN de oferta.,Lisa no pudo encontrar el componente de las plumas que,$ES_SG
20a,Spanish,Fernandez,ambi,pl,1,1,los componentes,de las plumas,componentes,plumas,Lisa no pudo encontrar los componentes de las plumas que MASKTOKEN de oferta.,Lisa no pudo encontrar los componentes de las plumas que,$ES_PL
20a,Spanish,Fernandez,low,pl,1,1,el componente,de las plumas,componente,plumas,Lisa no pudo encontrar el componente de las plumas que MASKTOKEN de oferta.,Lisa no pudo encontrar el componente de las plumas que,$ES_PL
20a,Spanish,Fernandez,high,pl,1,1,los componentes,de la pluma,componentes,pluma,Lisa no pudo encontrar los componentes de la pluma que MASKTOKEN de oferta.,Lisa no pudo encontrar los componentes de la pluma que,$ES_PL
21a,Spanish,Fernandez,ambi,sg,1,0,el relato,del manuscrito,relato,manuscrito,El estudiante leyó el relato del manuscrito que MASKTOKEN en el examen.,El estudiante leyó el relato del manuscrito que,$ES_SG
21a,Spanish,Fernandez,low,sg,1,0,los relatos,del manuscrito,relatos,manuscrito,El estudiante leyó los relatos del manuscrito que MASKTOKEN en el examen.,El estudiante leyó los relatos del manuscrito que,$ES_SG
21a,Spanish,Fernandez,high,sg,1,0,el relato,de los manuscritos,relato,manuscritos,El estudiante leyó el relato de los manuscritos que MASKTOKEN en el examen.,El estudiante leyó el relato de los manuscritos que,$ES_SG
21a,Spanish,Fernandez,ambi,pl,1,0,los relatos,de los manuscritos,relatos,manuscritos,El estudiante leyó los relatos de los manuscritos que MASKTOKEN en el examen.,El estudiante leyó los relatos de los manuscritos que,$ES_PL
21a,Spanish,Fernandez,low,pl,1,0,el relato,de los manuscritos,relato,manuscritos,El estudiante leyó el relato de los manuscritos que MASKTOKEN en el examen.,El estudiante leyó el relato de los manuscritos que,$ES_PL
21a,Spanish,Fernandez,high,pl,1,0,los relatos,del manuscrito,relatos,manuscrito,El estudiante leyó los relatos del manuscrito que MASKTOKEN en el examen.,El estudiante leyó los relatos del manuscrito que,$ES_PL
22a,Spanish,Fernandez,ambi,sg,0,1,el panel,de la caja,panel,caja,Los arqueólogos finalmente encontraron el panel de la caja que MASKTOKEN en el poema.,Los arqueólogos finalmente encontraron el panel de la caja que,$ES_SG
22a,Spanish,Fernandez,low,sg,0,1,los paneles,de la caja,paneles,caja,Los arqueólogos finalmente encontraron los paneles de la caja que MASKTOKEN en el poema.,Los arqueólogos finalmente encontraron los paneles de la caja que,$ES_SG
22a,Spanish,Fernandez,high,sg,0,1,el panel,de las cajas,panel,cajas,Los arqueólogos finalmente encontraron el panel de las cajas que MASKTOKEN en el poema.,Los arqueólogos finalmente encontraron el panel de las cajas que,$ES_SG
22a,Spanish,Fernandez,ambi,pl,0,1,los paneles,de las cajas,paneles,cajas,Los arqueólogos finalmente encontraron los paneles de las cajas que MASKTOKEN en el poema.,Los arqueólogos finalmente encontraron los paneles de las cajas que,$ES_PL
22a,Spanish,Fernandez,low,pl,0,1,el panel,de las cajas,panel,cajas,Los arqueólogos finalmente encontraron el panel de las cajas que MASKTOKEN en el poema.,Los arqueólogos finalmente encontraron el panel de las cajas que,$ES_PL
22a,Spanish,Fernandez,high,pl,0,1,los paneles,de la caja,paneles,caja,Los arqueólogos finalmente encontraron los paneles de la caja que MASKTOKEN en el poema.,Los arqueólogos finalmente encontraron los paneles de la caja que,$ES_PL
23a,Spanish,Fernandez,ambi,sg,1,0,la pieza,del computadora,pieza,computadora,Enrique había inspeccionado la pieza del computadora que MASKTOKEN encima del escritorio..,Enrique había inspeccionado la pieza del computadora que,$ES_SG
23a,Spanish,Fernandez,low,sg,1,0,las piezas,del computadora,piezas,computadora,Enrique había inspeccionado las piezas del computadora que MASKTOKEN encima del escritorio..,Enrique había inspeccionado las piezas del computadora que,$ES_SG
23a,Spanish,Fernandez,high,sg,1,0,la pieza,de las computadoras,pieza,computadoras,Enrique había inspeccionado la pieza de las computadoras que MASKTOKEN encima del escritorio..,Enrique había inspeccionado la pieza de las computadoras que,$ES_SG
23a,Spanish,Fernandez,ambi,pl,1,0,las piezas,de las computadoras,piezas,computadoras,Enrique había inspeccionado las piezas de las computadoras que MASKTOKEN encima del escritorio..,Enrique había inspeccionado las piezas de las computadoras que,$ES_PL
23a,Spanish,Fernandez,low,pl,1,0,la pieza,de las computadoras,pieza,computadoras,Enrique había inspeccionado la pieza de las computadoras que MASKTOKEN encima del escritorio..,Enrique había inspeccionado la pieza de las computadoras que,$ES_PL
23a,Spanish,Fernandez,high,pl,1,0,las piezas,del computadora,piezas,computadora,Enrique había inspeccionado las piezas del computadora que MASKTOKEN encima del escritorio..,Enrique había inspeccionado las piezas del computadora que,$ES_PL
24a,Spanish,Fernandez,ambi,sg,0,0,el pasillo,del apartamento,pasillo,apartamento,Susana admiró el pasillo del apartamento que MASKTOKEN cerca del parque.,Susana admiró el pasillo del apartamento que,$ES_SG
24a,Spanish,Fernandez,low,sg,0,0,los pasillos,del apartamento,pasillos,apartamento,Susana admiró los pasillos del apartamento que MASKTOKEN cerca del parque.,Susana admiró los pasillos del apartamento que,$ES_SG
24a,Spanish,Fernandez,high,sg,0,0,el pasillo,de los apartamentos,pasillo,apartamentos,Susana admiró el pasillo de los apartamentos que MASKTOKEN cerca del parque.,Susana admiró el pasillo de los apartamentos que,$ES_SG
24a,Spanish,Fernandez,ambi,pl,0,0,los pasillos,de los apartamentos,pasillos,apartamentos,Susana admiró los pasillos de los apartamentos que MASKTOKEN cerca del parque.,Susana admiró los pasillos de los apartamentos que,$ES_PL
24a,Spanish,Fernandez,low,pl,0,0,el pasillo,de los apartamentos,pasillo,apartamentos,Susana admiró el pasillo de los apartamentos que MASKTOKEN cerca del parque.,Susana admiró el pasillo de los apartamentos que,$ES_PL
24a,Spanish,Fernandez,high,pl,0,0,los pasillos,del apartamento,pasillos,apartamento,Susana admiró los pasillos del apartamento que MASKTOKEN cerca del parque.,Susana admiró los pasillos del apartamento que,$ES_PL
1,Spanish,Cuetos_Mitchell,ambi,sg,0,0,el libro,de la chica,libro,chica,Pedro miraba el libro de la chica que MASKTOKEN en el salón.,Pedro miraba el libro de la chica que,$ES_SG
1,Spanish,Cuetos_Mitchell,low,sg,0,0,los libros,de la chica,libros,chica,Pedro miraba los libros de la chica que MASKTOKEN en el salón.,Pedro miraba los libros de la chica que,$ES_SG
1,Spanish,Cuetos_Mitchell,high,sg,0,0,el libro,de las chicas,libro,chicas,Pedro miraba el libro de las chicas que MASKTOKEN en el salón.,Pedro miraba el libro de las chicas que,$ES_SG
1,Spanish,Cuetos_Mitchell,ambi,pl,0,0,los libros,de las chicas,libros,chicas,Pedro miraba los libros de las chicas que MASKTOKEN en el salón.,Pedro miraba los libros de las chicas que,$ES_PL
1,Spanish,Cuetos_Mitchell,low,pl,0,0,el libro,de las chicas,libro,chicas,Pedro miraba el libro de las chicas que MASKTOKEN en el salón.,Pedro miraba el libro de las chicas que,$ES_PL
1,Spanish,Cuetos_Mitchell,high,pl,0,0,los libros,de la chica,libros,chica,Pedro miraba los libros de la chica que MASKTOKEN en el salón.,Pedro miraba los libros de la chica que,$ES_PL
2,Spanish,Cuetos_Mitchell,ambi,sg,0,0,el criado,de la actriz,criado,actriz,Alguien disparó contra el criado de la actriz que MASKTOKEN en el balcón.,Alguien disparó contra el criado de la actriz que,$ES_SG
2,Spanish,Cuetos_Mitchell,low,sg,0,0,los criados,de la actriz,criados,actriz,Alguien disparó contra los criados de la actriz que MASKTOKEN en el balcón.,Alguien disparó contra los criados de la actriz que,$ES_SG
2,Spanish,Cuetos_Mitchell,high,sg,0,0,el criado,de las actrices,criado,actrices,Alguien disparó contra el criado de las actrices que MASKTOKEN en el balcón.,Alguien disparó contra el criado de las actrices que,$ES_SG
2,Spanish,Cuetos_Mitchell,ambi,pl,0,0,los criados,de las actrices,criados,actrices,Alguien disparó contra los criados de las actrices que MASKTOKEN en el balcón.,Alguien disparó contra los criados de las actrices que,$ES_PL
2,Spanish,Cuetos_Mitchell,low,pl,0,0,el criado,de las actrices,criado,actrices,Alguien disparó contra el criado de las actrices que MASKTOKEN en el balcón.,Alguien disparó contra el criado de las actrices que,$ES_PL
2,Spanish,Cuetos_Mitchell,high,pl,0,0,los criados,de la actriz,criados,actriz,Alguien disparó contra los criados de la actriz que MASKTOKEN en el balcón.,Alguien disparó contra los criados de la actriz que,$ES_PL
3,Spanish,Cuetos_Mitchell,ambi,sg,0,0,al amigo,de la maestra,amigo,maestra,Juan conoció al amigo de la maestra que MASKTOKEN en Alemania.,Juan conoció al amigo de la maestra que,$ES_SG
3,Spanish,Cuetos_Mitchell,low,sg,0,0,a los amigos,de la maestra,amigos,maestra,Juan conoció a los amigos de la maestra que MASKTOKEN en Alemania.,Juan conoció a los amigos de la maestra que,$ES_SG
3,Spanish,Cuetos_Mitchell,high,sg,0,0,al amigo,de las maestras,amigo,maestras,Juan conoció al amigo de las maestras que MASKTOKEN en Alemania.,Juan conoció al amigo de las maestras que,$ES_SG
3,Spanish,Cuetos_Mitchell,ambi,pl,0,0,a los amigos,de las maestras,amigos,maestras,Juan conoció a los amigos de las maestras que MASKTOKEN en Alemania.,Juan conoció a los amigos de las maestras que,$ES_PL
3,Spanish,Cuetos_Mitchell,low,pl,0,0,al amigo,de las maestras,amigo,maestras,Juan conoció al amigo de las maestras que MASKTOKEN en Alemania.,Juan conoció al amigo de las maestras que,$ES_PL
3,Spanish,Cuetos_Mitchell,high,pl,0,0,a los amigos,de la maestra,amigos,maestra,Juan conoció a los amigos de la maestra que MASKTOKEN en Alemania.,Juan conoció a los amigos de la maestra que,$ES_PL
4,Spanish,Cuetos_Mitchell,ambi,sg,0,0,la maleta,del turista,maleta,turista,Un ladrón espiaba la maleta del turista que MASKTOKEN junto al buzón.,Un ladrón espiaba la maleta del turista que,$ES_SG
4,Spanish,Cuetos_Mitchell,low,sg,0,0,las maletas,del turista,maletas,turista,Un ladrón espiaba las maletas del turista que MASKTOKEN junto al buzón.,Un ladrón espiaba las maletas del turista que,$ES_SG
4,Spanish,Cuetos_Mitchell,high,sg,0,0,la maleta,de los turistas,maleta,turistas,Un ladrón espiaba la maleta de los turistas que MASKTOKEN junto al buzón.,Un ladrón espiaba la maleta de los turistas que,$ES_SG
4,Spanish,Cuetos_Mitchell,ambi,pl,0,0,las maletas,de los turistas,maletas,turistas,Un ladrón espiaba las maletas de los turistas que MASKTOKEN junto al buzón.,Un ladrón espiaba las maletas de los turistas que,$ES_PL
4,Spanish,Cuetos_Mitchell,low,pl,0,0,la maleta,de los turistas,maleta,turistas,Un ladrón espiaba la maleta de los turistas que MASKTOKEN junto al buzón.,Un ladrón espiaba la maleta de los turistas que,$ES_PL
4,Spanish,Cuetos_Mitchell,high,pl,0,0,las maletas,del turista,maletas,turista,Un ladrón espiaba las maletas del turista que MASKTOKEN junto al buzón.,Un ladrón espiaba las maletas del turista que,$ES_PL
5,Spanish,Cuetos_Mitchell,ambi,sg,1,0,el caballo,del campesino,caballo,campesino,El turista fotografió el caballo del campesino que MASKTOKEN junto a la charca.,El turista fotografió el caballo del campesino que,$ES_SG
5,Spanish,Cuetos_Mitchell,low,sg,1,0,los caballos,del campesino,caballos,campesino,El turista fotografió los caballos del campesino que MASKTOKEN junto a la charca.,El turista fotografió los caballos del campesino que,$ES_SG
5,Spanish,Cuetos_Mitchell,high,sg,1,0,el caballo,de los campesinos,caballo,campesinos,El turista fotografió el caballo de los campesinos que MASKTOKEN junto a la charca.,El turista fotografió el caballo de los campesinos que,$ES_SG
5,Spanish,Cuetos_Mitchell,ambi,pl,1,0,los caballos,de los campesinos,caballos,campesinos,El turista fotografió los caballos de los campesinos que MASKTOKEN junto a la charca.,El turista fotografió los caballos de los campesinos que,$ES_PL
5,Spanish,Cuetos_Mitchell,low,pl,1,0,el caballo,de los campesinos,caballo,campesinos,El turista fotografió el caballo de los campesinos que MASKTOKEN junto a la charca.,El turista fotografió el caballo de los campesinos que,$ES_PL
5,Spanish,Cuetos_Mitchell,high,pl,1,0,los caballos,del campesino,caballos,campesino,El turista fotografió los caballos del campesino que MASKTOKEN junto a la charca.,El turista fotografió los caballos del campesino que,$ES_PL
6,Spanish,Cuetos_Mitchell,ambi,sg,0,1,a la hermana,del trabajador,hermana,trabajador,La policía detuvo a la hermana del trabajador que MASKTOKEN en Melilla.,La policía detuvo a la hermana del trabajador que,$ES_SG
6,Spanish,Cuetos_Mitchell,low,sg,0,1,a las hermanas,del trabajador,hermanas,trabajador,La policía detuvo a las hermanas del trabajador que MASKTOKEN en Melilla.,La policía detuvo a las hermanas del trabajador que,$ES_SG
6,Spanish,Cuetos_Mitchell,high,sg,0,1,a la hermana,de los trabajadores,hermana,trabajadores,La policía detuvo a la hermana de los trabajadores que MASKTOKEN en Melilla.,La policía detuvo a la hermana de los trabajadores que,$ES_SG
6,Spanish,Cuetos_Mitchell,ambi,pl,0,1,a las hermanas,de los trabajadores,hermanas,trabajadores,La policía detuvo a las hermanas de los trabajadores que MASKTOKEN en Melilla.,La policía detuvo a las hermanas de los trabajadores que,$ES_PL
6,Spanish,Cuetos_Mitchell,low,pl,0,1,a la hermana,de los trabajadores,hermana,trabajadores,La policía detuvo a la hermana de los trabajadores que MASKTOKEN en Melilla.,La policía detuvo a la hermana de los trabajadores que,$ES_PL
6,Spanish,Cuetos_Mitchell,high,pl,0,1,a las hermanas,del trabajador,hermanas,trabajador,La policía detuvo a las hermanas del trabajador que MASKTOKEN en Melilla.,La policía detuvo a las hermanas del trabajador que,$ES_PL
7,Spanish,Cuetos_Mitchell,ambi,sg,1,0,la medicina,del paciente,medicina,paciente,La enfermera apartó la medicina del paciente que MASKTOKEN junto a la ventana.,La enfermera apartó la medicina del paciente que,$ES_SG
7,Spanish,Cuetos_Mitchell,low,sg,1,0,las medicinas,del paciente,medicinas,paciente,La enfermera apartó las medicinas del paciente que MASKTOKEN junto a la ventana.,La enfermera apartó las medicinas del paciente que,$ES_SG
7,Spanish,Cuetos_Mitchell,high,sg,1,0,la medicina,de los pacientes,medicina,pacientes,La enfermera apartó la medicina de los pacientes que MASKTOKEN junto a la ventana.,La enfermera apartó la medicina de los pacientes que,$ES_SG
7,Spanish,Cuetos_Mitchell,ambi,pl,1,0,las medicinas,de los pacientes,medicinas,pacientes,La enfermera apartó las medicinas de los pacientes que MASKTOKEN junto a la ventana.,La enfermera apartó las medicinas de los pacientes que,$ES_PL
7,Spanish,Cuetos_Mitchell,low,pl,1,0,la medicina,de los pacientes,medicina,pacientes,La enfermera apartó la medicina de los pacientes que MASKTOKEN junto a la ventana.,La enfermera apartó la medicina de los pacientes que,$ES_PL
7,Spanish,Cuetos_Mitchell,high,pl,1,0,las medicinas,del paciente,medicinas,paciente,La enfermera apartó las medicinas del paciente que MASKTOKEN junto a la ventana.,La enfermera apartó las medicinas del paciente que,$ES_PL
8,Spanish,Cuetos_Mitchell,ambi,sg,1,1,la relativa,del granjero,relativa,granjero,Andrés estuvo hablando con la relativa del granjero que MASKTOKEN en Brasil.,Andrés estuvo hablando con la relativa del granjero que,$ES_SG
8,Spanish,Cuetos_Mitchell,low,sg,1,1,las relativas,del granjero,relativas,granjero,Andrés estuvo hablando con las relativas del granjero que MASKTOKEN en Brasil.,Andrés estuvo hablando con las relativas del granjero que,$ES_SG
8,Spanish,Cuetos_Mitchell,high,sg,1,1,la relativa,de los granjeros,relativa,granjeros,Andrés estuvo hablando con la relativa de los granjeros que MASKTOKEN en Brasil.,Andrés estuvo hablando con la relativa de los granjeros que,$ES_SG
8,Spanish,Cuetos_Mitchell,ambi,pl,1,1,las relativas,de los granjeros,relativas,granjeros,Andrés estuvo hablando con las relativas de los granjeros que MASKTOKEN en Brasil.,Andrés estuvo hablando con las relativas de los granjeros que,$ES_PL
8,Spanish,Cuetos_Mitchell,low,pl,1,1,la relativa,de los granjeros,relativa,granjeros,Andrés estuvo hablando con la relativa de los granjeros que MASKTOKEN en Brasil.,Andrés estuvo hablando con la relativa de los granjeros que,$ES_PL
8,Spanish,Cuetos_Mitchell,high,pl,1,1,las relativas,del granjero,relativas,granjero,Andrés estuvo hablando con las relativas del granjero que MASKTOKEN en Brasil.,Andrés estuvo hablando con las relativas del granjero que,$ES_PL
9,Spanish,Cuetos_Mitchell,ambi,sg,0,1,el zapato,del invitado,zapato,invitado,La sirvienta contemplaba el zapato del invitado que MASKTOKEN junto a la chimenea.,La sirvienta contemplaba el zapato del invitado que,$ES_SG
9,Spanish,Cuetos_Mitchell,low,sg,0,1,los zapatos,del invitado,zapatos,invitado,La sirvienta contemplaba los zapatos del invitado que MASKTOKEN junto a la chimenea.,La sirvienta contemplaba los zapatos del invitado que,$ES_SG
9,Spanish,Cuetos_Mitchell,high,sg,0,1,el zapato,de los invitados,zapato,invitados,La sirvienta contemplaba el zapato de los invitados que MASKTOKEN junto a la chimenea.,La sirvienta contemplaba el zapato de los invitados que,$ES_SG
9,Spanish,Cuetos_Mitchell,ambi,pl,0,1,los zapatos,de los invitados,zapatos,invitados,La sirvienta contemplaba los zapatos de los invitados que MASKTOKEN junto a la chimenea.,La sirvienta contemplaba los zapatos de los invitados que,$ES_PL
9,Spanish,Cuetos_Mitchell,low,pl,0,1,el zapato,de los invitados,zapato,invitados,La sirvienta contemplaba el zapato de los invitados que MASKTOKEN junto a la chimenea.,La sirvienta contemplaba el zapato de los invitados que,$ES_PL
9,Spanish,Cuetos_Mitchell,high,pl,0,1,los zapatos,del invitado,zapatos,invitado,La sirvienta contemplaba los zapatos del invitado que MASKTOKEN junto a la chimenea.,La sirvienta contemplaba los zapatos del invitado que,$ES_PL
10,Spanish,Cuetos_Mitchell,ambi,sg,0,0,la amiga,del concejal,amiga,concejal,Ayer me encontré con la amiga del concejal que MASKTOKEN en Australia.,Ayer me encontré con la amiga del concejal que,$ES_SG
10,Spanish,Cuetos_Mitchell,low,sg,0,0,las amigas,del concejal,amigas,concejal,Ayer me encontré con las amigas del concejal que MASKTOKEN en Australia.,Ayer me encontré con las amigas del concejal que,$ES_SG
10,Spanish,Cuetos_Mitchell,high,sg,0,0,la amiga,de los concejales,amiga,concejales,Ayer me encontré con la amiga de los concejales que MASKTOKEN en Australia.,Ayer me encontré con la amiga de los concejales que,$ES_SG
10,Spanish,Cuetos_Mitchell,ambi,pl,0,0,las amigas,de los concejales,amigas,concejales,Ayer me encontré con las amigas de los concejales que MASKTOKEN en Australia.,Ayer me encontré con las amigas de los concejales que,$ES_PL
10,Spanish,Cuetos_Mitchell,low,pl,0,0,la amiga,de los concejales,amiga,concejales,Ayer me encontré con la amiga de los concejales que MASKTOKEN en Australia.,Ayer me encontré con la amiga de los concejales que,$ES_PL
10,Spanish,Cuetos_Mitchell,high,pl,0,0,las amigas,del concejal,amigas,concejal,Ayer me encontré con las amigas del concejal que MASKTOKEN en Australia.,Ayer me encontré con las amigas del concejal que,$ES_PL
11,Spanish,Cuetos_Mitchell,ambi,sg,0,1,al caballo,del viajero,caballo,viajero,El alguacil encerró al caballo del viajero que MASKTOKEN junto al puente.,El alguacil encerró al caballo del viajero que,$ES_SG
11,Spanish,Cuetos_Mitchell,low,sg,0,1,a los caballos,del viajero,caballos,viajero,El alguacil encerró a los caballos del viajero que MASKTOKEN junto al puente.,El alguacil encerró a los caballos del viajero que,$ES_SG
11,Spanish,Cuetos_Mitchell,high,sg,0,1,al caballo,de los viajeros,caballo,viajeros,El alguacil encerró al caballo de los viajeros que MASKTOKEN junto al puente.,El alguacil encerró al caballo de los viajeros que,$ES_SG
11,Spanish,Cuetos_Mitchell,ambi,pl,0,1,a los caballos,de los viajeros,caballos,viajeros,El alguacil encerró a los caballos de los viajeros que MASKTOKEN junto al puente.,El alguacil encerró a los caballos de los viajeros que,$ES_PL
11,Spanish,Cuetos_Mitchell,low,pl,0,1,al caballo,de los viajeros,caballo,viajeros,El alguacil encerró al caballo de los viajeros que MASKTOKEN junto al puente.,El alguacil encerró al caballo de los viajeros que,$ES_PL
11,Spanish,Cuetos_Mitchell,high,pl,0,1,a los caballos,del viajero,caballos,viajero,El alguacil encerró a los caballos del viajero que MASKTOKEN junto al puente.,El alguacil encerró a los caballos del viajero que,$ES_PL
12,Spanish,Cuetos_Mitchell,ambi,sg,0,1,el juguete,del chico,juguete,chico,La anciana observaba el juguete del chico que MASKTOKEN encima de la cama.,La anciana observaba el juguete del chico que,$ES_SG
12,Spanish,Cuetos_Mitchell,low,sg,0,1,los juguetes,del chico,juguetes,chico,La anciana observaba los juguetes del chico que MASKTOKEN encima de la cama.,La anciana observaba los juguetes del chico que,$ES_SG
12,Spanish,Cuetos_Mitchell,high,sg,0,1,el juguete,de los chicos,juguete,chicos,La anciana observaba el juguete de los chicos que MASKTOKEN encima de la cama.,La anciana observaba el juguete de los chicos que,$ES_SG
12,Spanish,Cuetos_Mitchell,ambi,pl,0,1,los juguetes,de los chicos,juguetes,chicos,La anciana observaba los juguetes de los chicos que MASKTOKEN encima de la cama.,La anciana observaba los juguetes de los chicos que,$ES_PL
12,Spanish,Cuetos_Mitchell,low,pl,0,1,el juguete,de los chicos,juguete,chicos,La anciana observaba el juguete de los chicos que MASKTOKEN encima de la cama.,La anciana observaba el juguete de los chicos que,$ES_PL
12,Spanish,Cuetos_Mitchell,high,pl,0,1,los juguetes,del chico,juguetes,chico,La anciana observaba los juguetes del chico que MASKTOKEN encima de la cama.,La anciana observaba los juguetes del chico que,$ES_PL
13,Spanish,Cuetos_Mitchell,ambi,sg,0,1,a la hija,del comandante,hija,comandante,El periodista entrevistó a la hija del comandante que MASKTOKEN el accidente.,El periodista entrevistó a la hija del comandante que,$ES_SG
13,Spanish,Cuetos_Mitchell,low,sg,0,1,a las hijas,del comandante,hijas,comandante,El periodista entrevistó a las hijas del comandante que MASKTOKEN el accidente.,El periodista entrevistó a las hijas del comandante que,$ES_SG
13,Spanish,Cuetos_Mitchell,high,sg,0,1,a la hija,de los comandantes,hija,comandantes,El periodista entrevistó a la hija de los comandantes que MASKTOKEN el accidente.,El periodista entrevistó a la hija de los comandantes que,$ES_SG
13,Spanish,Cuetos_Mitchell,ambi,pl,0,1,a las hijas,de los comandantes,hijas,comandantes,El periodista entrevistó a las hijas de los comandantes que MASKTOKEN el accidente.,El periodista entrevistó a las hijas de los comandantes que,$ES_PL
13,Spanish,Cuetos_Mitchell,low,pl,0,1,a la hija,de los comandantes,hija,comandantes,El periodista entrevistó a la hija de los comandantes que MASKTOKEN el accidente.,El periodista entrevistó a la hija de los comandantes que,$ES_PL
13,Spanish,Cuetos_Mitchell,high,pl,0,1,a las hijas,del comandante,hijas,comandante,El periodista entrevistó a las hijas del comandante que MASKTOKEN el accidente.,El periodista entrevistó a las hijas del comandante que,$ES_PL
14,Spanish,Cuetos_Mitchell,ambi,sg,1,1,la maleta,del viajero,maleta,viajero,El campesino contemplaba la maleta del viajero que MASKTOKEN bajo un árbol.,El campesino contemplaba la maleta del viajero que,$ES_SG
14,Spanish,Cuetos_Mitchell,low,sg,1,1,las maletas,del viajero,maletas,viajero,El campesino contemplaba las maletas del viajero que MASKTOKEN bajo un árbol.,El campesino contemplaba las maletas del viajero que,$ES_SG
14,Spanish,Cuetos_Mitchell,high,sg,1,1,la maleta,de los viajeros,maleta,viajeros,El campesino contemplaba la maleta de los viajeros que MASKTOKEN bajo un árbol.,El campesino contemplaba la maleta de los viajeros que,$ES_SG
14,Spanish,Cuetos_Mitchell,ambi,pl,1,1,las maletas,de los viajeros,maletas,viajeros,El campesino contemplaba las maletas de los viajeros que MASKTOKEN bajo un árbol.,El campesino contemplaba las maletas de los viajeros que,$ES_PL
14,Spanish,Cuetos_Mitchell,low,pl,1,1,la maleta,de los viajeros,maleta,viajeros,El campesino contemplaba la maleta de los viajeros que MASKTOKEN bajo un árbol.,El campesino contemplaba la maleta de los viajeros que,$ES_PL
14,Spanish,Cuetos_Mitchell,high,pl,1,1,las maletas,del viajero,maletas,viajero,El campesino contemplaba las maletas del viajero que MASKTOKEN bajo un árbol.,El campesino contemplaba las maletas del viajero que,$ES_PL
15,Spanish,Cuetos_Mitchell,ambi,sg,0,0,la caja,del soldado,caja,soldado,La gente observaba la caja del soldado que MASKTOKEN en el andén.,La gente observaba la caja del soldado que,$ES_SG
15,Spanish,Cuetos_Mitchell,low,sg,0,0,las cajas,del soldado,cajas,soldado,La gente observaba las cajas del soldado que MASKTOKEN en el andén.,La gente observaba las cajas del soldado que,$ES_SG
15,Spanish,Cuetos_Mitchell,high,sg,0,0,la caja,de los soldados,caja,soldados,La gente observaba la caja de los soldados que MASKTOKEN en el andén.,La gente observaba la caja de los soldados que,$ES_SG
15,Spanish,Cuetos_Mitchell,ambi,pl,0,0,las cajas,de los soldados,cajas,soldados,La gente observaba las cajas de los soldados que MASKTOKEN en el andén.,La gente observaba las cajas de los soldados que,$ES_PL
15,Spanish,Cuetos_Mitchell,low,pl,0,0,la caja,de los soldados,caja,soldados,La gente observaba la caja de los soldados que MASKTOKEN en el andén.,La gente observaba la caja de los soldados que,$ES_PL
15,Spanish,Cuetos_Mitchell,high,pl,0,0,las cajas,del soldado,cajas,soldado,La gente observaba las cajas del soldado que MASKTOKEN en el andén.,La gente observaba las cajas del soldado que,$ES_PL
16,Spanish,Cuetos_Mitchell,ambi,sg,0,1,al perro,del vendedor,perro,vendedor,Luis atropelló al perro del vendedor que viene a MASKTOKEN barrio.,Luis atropelló al perro del vendedor que viene a,$ES_SG
16,Spanish,Cuetos_Mitchell,low,sg,0,1,a los perros,del vendedor,perros,vendedor,Luis atropelló a los perros del vendedor que viene a MASKTOKEN barrio.,Luis atropelló a los perros del vendedor que viene a,$ES_SG
16,Spanish,Cuetos_Mitchell,high,sg,0,1,al perro,de los vendedores,perro,vendedores,Luis atropelló al perro de los vendedores que viene a MASKTOKEN barrio.,Luis atropelló al perro de los vendedores que viene a,$ES_SG
16,Spanish,Cuetos_Mitchell,ambi,pl,0,1,a los perros,de los vendedores,perros,vendedores,Luis atropelló a los perros de los vendedores que viene a MASKTOKEN barrio.,Luis atropelló a los perros de los vendedores que viene a,$ES_PL
16,Spanish,Cuetos_Mitchell,low,pl,0,1,al perro,de los vendedores,perro,vendedores,Luis atropelló al perro de los vendedores que viene a MASKTOKEN barrio.,Luis atropelló al perro de los vendedores que viene a,$ES_PL
16,Spanish,Cuetos_Mitchell,high,pl,0,1,a los perros,del vendedor,perros,vendedor,Luis atropelló a los perros del vendedor que viene a MASKTOKEN barrio.,Luis atropelló a los perros del vendedor que viene a,$ES_PL
17,Spanish,Cuetos_Mitchell,ambi,sg,1,1,la prima,del obrero,prima,obrero,Andrés cenó ayer con la prima del obrero que MASKTOKEN en partido comunista.,Andrés cenó ayer con la prima del obrero que,$ES_SG
17,Spanish,Cuetos_Mitchell,low,sg,1,1,las primas,del obrero,primas,obrero,Andrés cenó ayer con las primas del obrero que MASKTOKEN en partido comunista.,Andrés cenó ayer con las primas del obrero que,$ES_SG
17,Spanish,Cuetos_Mitchell,high,sg,1,1,la prima,de los obreros,prima,obreros,Andrés cenó ayer con la prima de los obreros que MASKTOKEN en partido comunista.,Andrés cenó ayer con la prima de los obreros que,$ES_SG
17,Spanish,Cuetos_Mitchell,ambi,pl,1,1,las primas,de los obreros,primas,obreros,Andrés cenó ayer con las primas de los obreros que MASKTOKEN en partido comunista.,Andrés cenó ayer con las primas de los obreros que,$ES_PL
17,Spanish,Cuetos_Mitchell,low,pl,1,1,la prima,de los obreros,prima,obreros,Andrés cenó ayer con la prima de los obreros que MASKTOKEN en partido comunista.,Andrés cenó ayer con la prima de los obreros que,$ES_PL
17,Spanish,Cuetos_Mitchell,high,pl,1,1,las primas,del obrero,primas,obrero,Andrés cenó ayer con las primas del obrero que MASKTOKEN en partido comunista.,Andrés cenó ayer con las primas del obrero que,$ES_PL
18,Spanish,Cuetos_Mitchell,ambi,sg,0,0,al gato,de la francesa,gato,francesa,Jorge acariciaba al gato de la francesa que MASKTOKEN en la fuente.,Jorge acariciaba al gato de la francesa que,$ES_SG
18,Spanish,Cuetos_Mitchell,low,sg,0,0,a los gatos,de la francesa,gatos,francesa,Jorge acariciaba a los gatos de la francesa que MASKTOKEN en la fuente.,Jorge acariciaba a los gatos de la francesa que,$ES_SG
18,Spanish,Cuetos_Mitchell,high,sg,0,0,al gato,de las francesas,gato,francesas,Jorge acariciaba al gato de las francesas que MASKTOKEN en la fuente.,Jorge acariciaba al gato de las francesas que,$ES_SG
18,Spanish,Cuetos_Mitchell,ambi,pl,0,0,a los gatos,de las francesas,gatos,francesas,Jorge acariciaba a los gatos de las francesas que MASKTOKEN en la fuente.,Jorge acariciaba a los gatos de las francesas que,$ES_PL
18,Spanish,Cuetos_Mitchell,low,pl,0,0,al gato,de las francesas,gato,francesas,Jorge acariciaba al gato de las francesas que MASKTOKEN en la fuente.,Jorge acariciaba al gato de las francesas que,$ES_PL
18,Spanish,Cuetos_Mitchell,high,pl,0,0,a los gatos,de la francesa,gatos,francesa,Jorge acariciaba a los gatos de la francesa que MASKTOKEN en la fuente.,Jorge acariciaba a los gatos de la francesa que,$ES_PL
19,Spanish,Cuetos_Mitchell,ambi,sg,0,0,al hermano,del cura,hermano,cura,Marta saludó al hermano del cura que MASKTOKEN en el colegio.,Marta saludó al hermano del cura que,$ES_SG
19,Spanish,Cuetos_Mitchell,low,sg,0,0,a los hermanos,del cura,hermanos,cura,Marta saludó a los hermanos del cura que MASKTOKEN en el colegio.,Marta saludó a los hermanos del cura que,$ES_SG
19,Spanish,Cuetos_Mitchell,high,sg,0,0,al hermano,de los curas,hermano,curas,Marta saludó al hermano de los curas que MASKTOKEN en el colegio.,Marta saludó al hermano de los curas que,$ES_SG
19,Spanish,Cuetos_Mitchell,ambi,pl,0,0,a los hermanos,de los curas,hermanos,curas,Marta saludó a los hermanos de los curas que MASKTOKEN en el colegio.,Marta saludó a los hermanos de los curas que,$ES_PL
19,Spanish,Cuetos_Mitchell,low,pl,0,0,al hermano,de los curas,hermano,curas,Marta saludó al hermano de los curas que MASKTOKEN en el colegio.,Marta saludó al hermano de los curas que,$ES_PL
19,Spanish,Cuetos_Mitchell,high,pl,0,0,a los hermanos,del cura,hermanos,cura,Marta saludó a los hermanos del cura que MASKTOKEN en el colegio.,Marta saludó a los hermanos del cura que,$ES_PL
20,Spanish,Cuetos_Mitchell,ambi,sg,0,0,la maleta,del estudiante,maleta,estudiante,El detective fotografió la maleta del estudiante que MASKTOKEN en la terraza.,El detective fotografió la maleta del estudiante que,$ES_SG
20,Spanish,Cuetos_Mitchell,low,sg,0,0,las maletas,del estudiante,maletas,estudiante,El detective fotografió las maletas del estudiante que MASKTOKEN en la terraza.,El detective fotografió las maletas del estudiante que,$ES_SG
20,Spanish,Cuetos_Mitchell,high,sg,0,0,la maleta,de los estudiantes,maleta,estudiantes,El detective fotografió la maleta de los estudiantes que MASKTOKEN en la terraza.,El detective fotografió la maleta de los estudiantes que,$ES_SG
20,Spanish,Cuetos_Mitchell,ambi,pl,0,0,las maletas,de los estudiantes,maletas,estudiantes,El detective fotografió las maletas de los estudiantes que MASKTOKEN en la terraza.,El detective fotografió las maletas de los estudiantes que,$ES_PL
20,Spanish,Cuetos_Mitchell,low,pl,0,0,la maleta,de los estudiantes,maleta,estudiantes,El detective fotografió la maleta de los estudiantes que MASKTOKEN en la terraza.,El detective fotografió la maleta de los estudiantes que,$ES_PL
20,Spanish,Cuetos_Mitchell,high,pl,0,0,las maletas,del estudiante,maletas,estudiante,El detective fotografió las maletas del estudiante que MASKTOKEN en la terraza.,El detective fotografió las maletas del estudiante que,$ES_PL
21,Spanish,Cuetos_Mitchell,ambi,sg,0,0,la prima,del vaquero,prima,vaquero,María discutió con la prima del vaquero que MASKTOKEN en Argentina.,María discutió con la prima del vaquero que,$ES_SG
21,Spanish,Cuetos_Mitchell,low,sg,0,0,las primas,del vaquero,primas,vaquero,María discutió con las primas del vaquero que MASKTOKEN en Argentina.,María discutió con las primas del vaquero que,$ES_SG
21,Spanish,Cuetos_Mitchell,high,sg,0,0,la prima,de los vaqueros,prima,vaqueros,María discutió con la prima de los vaqueros que MASKTOKEN en Argentina.,María discutió con la prima de los vaqueros que,$ES_SG
21,Spanish,Cuetos_Mitchell,ambi,pl,0,0,las primas,de los vaqueros,primas,vaqueros,María discutió con las primas de los vaqueros que MASKTOKEN en Argentina.,María discutió con las primas de los vaqueros que,$ES_PL
21,Spanish,Cuetos_Mitchell,low,pl,0,0,la prima,de los vaqueros,prima,vaqueros,María discutió con la prima de los vaqueros que MASKTOKEN en Argentina.,María discutió con la prima de los vaqueros que,$ES_PL
21,Spanish,Cuetos_Mitchell,high,pl,0,0,las primas,del vaquero,primas,vaquero,María discutió con las primas del vaquero que MASKTOKEN en Argentina.,María discutió con las primas del vaquero que,$ES_PL
22,Spanish,Cuetos_Mitchell,ambi,sg,1,0,de la chica,del maestro,chica,maestro,Los chicos se burlaron de la chica del maestro que MASKTOKEN en el parque.,Los chicos se burlaron de la chica del maestro que,$ES_SG
22,Spanish,Cuetos_Mitchell,low,sg,1,0,de las chicas,del maestro,chicas,maestro,Los chicos se burlaron de las chicas del maestro que MASKTOKEN en el parque.,Los chicos se burlaron de las chicas del maestro que,$ES_SG
22,Spanish,Cuetos_Mitchell,high,sg,1,0,de la chica,de los maestros,chica,maestros,Los chicos se burlaron de la chica de los maestros que MASKTOKEN en el parque.,Los chicos se burlaron de la chica de los maestros que,$ES_SG
22,Spanish,Cuetos_Mitchell,ambi,pl,1,0,de las chicas,de los maestros,chicas,maestros,Los chicos se burlaron de las chicas de los maestros que MASKTOKEN en el parque.,Los chicos se burlaron de las chicas de los maestros que,$ES_PL
22,Spanish,Cuetos_Mitchell,low,pl,1,0,de la chica,de los maestros,chica,maestros,Los chicos se burlaron de la chica de los maestros que MASKTOKEN en el parque.,Los chicos se burlaron de la chica de los maestros que,$ES_PL
22,Spanish,Cuetos_Mitchell,high,pl,1,0,de las chicas,del maestro,chicas,maestro,Los chicos se burlaron de las chicas del maestro que MASKTOKEN en el parque.,Los chicos se burlaron de las chicas del maestro que,$ES_PL
23,Spanish,Cuetos_Mitchell,ambi,sg,1,1,el esclavo,del rey,esclavo,rey,Mi madre discutió con el esclavo del rey que MASKTOKEN de casa.,Mi madre discutió con el esclavo del rey que,$ES_SG
23,Spanish,Cuetos_Mitchell,low,sg,1,1,los esclavos,del rey,esclavos,rey,Mi madre discutió con los esclavos del rey que MASKTOKEN de casa.,Mi madre discutió con los esclavos del rey que,$ES_SG
23,Spanish,Cuetos_Mitchell,high,sg,1,1,el esclavo,de los reyes,esclavo,reyes,Mi madre discutió con el esclavo de los reyes que MASKTOKEN de casa.,Mi madre discutió con el esclavo de los reyes que,$ES_SG
23,Spanish,Cuetos_Mitchell,ambi,pl,1,1,los esclavos,de los reyes,esclavos,reyes,Mi madre discutió con los esclavos de los reyes que MASKTOKEN de casa.,Mi madre discutió con los esclavos de los reyes que,$ES_PL
23,Spanish,Cuetos_Mitchell,low,pl,1,1,el esclavo,de los reyes,esclavo,reyes,Mi madre discutió con el esclavo de los reyes que MASKTOKEN de casa.,Mi madre discutió con el esclavo de los reyes que,$ES_PL
23,Spanish,Cuetos_Mitchell,high,pl,1,1,los esclavos,del rey,esclavos,rey,Mi madre discutió con los esclavos del rey que MASKTOKEN de casa.,Mi madre discutió con los esclavos del rey que,$ES_PL
24,Spanish,Cuetos_Mitchell,ambi,sg,0,0,al hijo,del doctor,hijo,doctor,Esta tarde he visto al hijo del doctor que MASKTOKEN en nuestra casa.,Esta tarde he visto al hijo del doctor que,$ES_SG
24,Spanish,Cuetos_Mitchell,low,sg,0,0,a los hijos,del doctor,hijos,doctor,Esta tarde he visto a los hijos del doctor que MASKTOKEN en nuestra casa.,Esta tarde he visto a los hijos del doctor que,$ES_SG
24,Spanish,Cuetos_Mitchell,high,sg,0,0,al hijo,de los doctores,hijo,doctores,Esta tarde he visto al hijo de los doctores que MASKTOKEN en nuestra casa.,Esta tarde he visto al hijo de los doctores que,$ES_SG
24,Spanish,Cuetos_Mitchell,ambi,pl,0,0,a los hijos,de los doctores,hijos,doctores,Esta tarde he visto a los hijos de los doctores que MASKTOKEN en nuestra casa.,Esta tarde he visto a los hijos de los doctores que,$ES_PL
24,Spanish,Cuetos_Mitchell,low,pl,0,0,al hijo,de los doctores,hijo,doctores,Esta tarde he visto al hijo de los doctores que MASKTOKEN en nuestra casa.,Esta tarde he visto al hijo de los doctores que,$ES_PL
24,Spanish,Cuetos_Mitchell,high,pl,0,0,a los hijos,del doctor,hijos,doctor,Esta tarde he visto a los hijos del doctor que MASKTOKEN en nuestra casa.,Esta tarde he visto a los hijos del doctor que,$ES_PL
