item,cond,adjunct,contrast,pronoun,og_sent,sent,mask_sents,auto_sents,target
1,CATAMARAN-OBJ-Misma,Constraint,Mismatch,her,"Before offering her a fancy pastry, Michael politely asked Emily whether he had any preference.","Before offering her a fancy pastry, the MASKTOKEN politely asked Emily whether he had any preference.","Before offering her a fancy pastry, the MASKTOKEN politely asked Emily whether he had any preference.","Before offering her a fancy pastry, the",man
1,CATAMARAN-OBJ-Match,Constraint,Match,him,"Before offering him a fancy pastry, Michael politely asked Tyler whether he had any preference.","Before offering him a fancy pastry, the MASKTOKEN politely asked Tyler whether he had any preference.","Before offering him a fancy pastry, the MASKTOKEN politely asked Tyler whether he had any preference.","Before offering him a fancy pastry, the",man
1,CATAMARAN-GEN-Misma,No Constraint,Mismatch,her,"Before offering her son a fancy pastry, Michael politely asked Emily whether he had any preference.","Before offering her son a fancy pastry, the MASKTOKEN politely asked Emily whether he had any preference.","Before offering her son a fancy pastry, the MASKTOKEN politely asked Emily whether he had any preference.","Before offering her son a fancy pastry, the",man
1,CATAMARAN-GEN-Match,No Constraint,Match,his,"Before offering his son a fancy pastry, Michael politely asked Tyler whether he had any preference.","Before offering his son a fancy pastry, the MASKTOKEN politely asked Tyler whether he had any preference.","Before offering his son a fancy pastry, the MASKTOKEN politely asked Tyler whether he had any preference.","Before offering his son a fancy pastry, the",man
2,CATAMARAN-GEN-Match,No Constraint,Match,his,"While driving his daughter to school on Friday, Christopher casually told Juan that he would pick up everyone early for a surprise.","While driving his daughter to school on Friday, the MASKTOKEN casually told Juan that he would pick up everyone early for a surprise.","While driving his daughter to school on Friday, the MASKTOKEN casually told Juan that he would pick up everyone early for a surprise.","While driving his daughter to school on Friday, the",man
2,CATAMARAN-OBJ-Misma,Constraint,Mismatch,her,"While driving her to school on Friday, Christopher casually told Hannah that he would pick up everyone early for a surprise.","While driving her to school on Friday, the MASKTOKEN casually told Hannah that he would pick up everyone early for a surprise.","While driving her to school on Friday, the MASKTOKEN casually told Hannah that he would pick up everyone early for a surprise.","While driving her to school on Friday, the",man
2,CATAMARAN-OBJ-Match,Constraint,Match,him,"While driving him to school on Friday, Christopher casually told Juan that he would pick up everyone early for a surprise.","While driving him to school on Friday, the MASKTOKEN casually told Juan that he would pick up everyone early for a surprise.","While driving him to school on Friday, the MASKTOKEN casually told Juan that he would pick up everyone early for a surprise.","While driving him to school on Friday, the",man
2,CATAMARAN-GEN-Misma,No Constraint,Mismatch,her,"While driving her daughter to school on Friday, Christopher casually told Hannah that he would pick up everyone early for a surprise.","While driving her daughter to school on Friday, the MASKTOKEN casually told Hannah that he would pick up everyone early for a surprise.","While driving her daughter to school on Friday, the MASKTOKEN casually told Hannah that he would pick up everyone early for a surprise.","While driving her daughter to school on Friday, the",man
3,CATAMARAN-GEN-Misma,No Constraint,Mismatch,her,"While baking her friends some cookies, Nicholas happily informed Kayla about all the positive new changes in his life.","While baking her friends some cookies, the MASKTOKEN happily informed Kayla about all the positive new changes in his life.","While baking her friends some cookies, the MASKTOKEN happily informed Kayla about all the positive new changes in his life.","While baking her friends some cookies, the",man
3,CATAMARAN-GEN-Match,No Constraint,Match,his,"While baking his friends some cookies, Nicholas happily informed Luke about all the positive new changes in his life.","While baking his friends some cookies, the MASKTOKEN happily informed Luke about all the positive new changes in his life.","While baking his friends some cookies, the MASKTOKEN happily informed Luke about all the positive new changes in his life.","While baking his friends some cookies, the",man
3,CATAMARAN-OBJ-Misma,Constraint,Mismatch,her,"While baking her some cookies, Nicholas happily informed Kayla about all the positive new changes in his life.","While baking her some cookies, the MASKTOKEN happily informed Kayla about all the positive new changes in his life.","While baking her some cookies, the MASKTOKEN happily informed Kayla about all the positive new changes in his life.","While baking her some cookies, the",man
3,CATAMARAN-OBJ-Match,Constraint,Match,him,"While baking him some cookies, Nicholas happily informed Luke about all the positive new changes in his life.","While baking him some cookies, the MASKTOKEN happily informed Luke about all the positive new changes in his life.","While baking him some cookies, the MASKTOKEN happily informed Luke about all the positive new changes in his life.","While baking him some cookies, the",man
4,CATAMARAN-OBJ-Match,Constraint,Match,him,"After lifting him onto the bus, Brandon carefully sat Derek down in one of the front-most seats.","After lifting him onto the bus, the MASKTOKEN carefully sat Derek down in one of the front-most seats.","After lifting him onto the bus, the MASKTOKEN carefully sat Derek down in one of the front-most seats.","After lifting him onto the bus, the",man
4,CATAMARAN-GEN-Misma,No Constraint,Mismatch,her,"After lifting her neighbor onto the bus, Brandon carefully sat Amber down in one of the front-most seats.","After lifting her neighbor onto the bus, the MASKTOKEN carefully sat Amber down in one of the front-most seats.","After lifting her neighbor onto the bus, the MASKTOKEN carefully sat Amber down in one of the front-most seats.","After lifting her neighbor onto the bus, the",man
4,CATAMARAN-GEN-Match,No Constraint,Match,his,"After lifting his neighbor onto the bus, Brandon carefully sat Derek down in one of the front-most seats.","After lifting his neighbor onto the bus, the MASKTOKEN carefully sat Derek down in one of the front-most seats.","After lifting his neighbor onto the bus, the MASKTOKEN carefully sat Derek down in one of the front-most seats.","After lifting his neighbor onto the bus, the",man
4,CATAMARAN-OBJ-Misma,Constraint,Mismatch,her,"After lifting her onto the bus, Brandon carefully sat Amber down in one of the front-most seats.","After lifting her onto the bus, the MASKTOKEN carefully sat Amber down in one of the front-most seats.","After lifting her onto the bus, the MASKTOKEN carefully sat Amber down in one of the front-most seats.","After lifting her onto the bus, the",man
5,CATAMARAN-OBJ-Misma,Constraint,Mismatch,her,"Before interrogating her about the crime, Daniel kindly offered Jasmine some food and a cigarette.","Before interrogating her about the crime, the MASKTOKEN kindly offered Jasmine some food and a cigarette.","Before interrogating her about the crime, the MASKTOKEN kindly offered Jasmine some food and a cigarette.","Before interrogating her about the crime, the",man
5,CATAMARAN-OBJ-Match,Constraint,Match,him,"Before interrogating him about the crime, Daniel kindly offered Corey some food and a cigarette.","Before interrogating him about the crime, the MASKTOKEN kindly offered Corey some food and a cigarette.","Before interrogating him about the crime, the MASKTOKEN kindly offered Corey some food and a cigarette.","Before interrogating him about the crime, the",man
5,CATAMARAN-GEN-Misma,No Constraint,Mismatch,her,"Before interrogating her informant about the crime, Daniel kindly offered Jasmine some food and a cigarette.","Before interrogating her informant about the crime, the MASKTOKEN kindly offered Jasmine some food and a cigarette.","Before interrogating her informant about the crime, the MASKTOKEN kindly offered Jasmine some food and a cigarette.","Before interrogating her informant about the crime, the",man
5,CATAMARAN-GEN-Match,No Constraint,Match,his,"Before interrogating his informant about the crime, Daniel kindly offered Corey some food and a cigarette.","Before interrogating his informant about the crime, the MASKTOKEN kindly offered Corey some food and a cigarette.","Before interrogating his informant about the crime, the MASKTOKEN kindly offered Corey some food and a cigarette.","Before interrogating his informant about the crime, the",man
6,CATAMARAN-GEN-Match,No Constraint,Match,his,"After embarrassing his guests during the party, Andrew promptly apologized to Jeffrey for the unforgivable behavior.","After embarrassing his guests during the party, the MASKTOKEN promptly apologized to Jeffrey for the unforgivable behavior.","After embarrassing his guests during the party, the MASKTOKEN promptly apologized to Jeffrey for the unforgivable behavior.","After embarrassing his guests during the party, the",man
6,CATAMARAN-OBJ-Misma,Constraint,Mismatch,her,"After embarrassing her during the party, Andrew promptly apologized to Alyssa for the unforgivable behavior.","After embarrassing her during the party, the MASKTOKEN promptly apologized to Alyssa for the unforgivable behavior.","After embarrassing her during the party, the MASKTOKEN promptly apologized to Alyssa for the unforgivable behavior.","After embarrassing her during the party, the",man
6,CATAMARAN-OBJ-Match,Constraint,Match,him,"After embarrassing him during the party, Andrew promptly apologized to Jeffrey for the unforgivable behavior.","After embarrassing him during the party, the MASKTOKEN promptly apologized to Jeffrey for the unforgivable behavior.","After embarrassing him during the party, the MASKTOKEN promptly apologized to Jeffrey for the unforgivable behavior.","After embarrassing him during the party, the",man
6,CATAMARAN-GEN-Misma,No Constraint,Mismatch,her,"After embarrassing her guests during the party, Andrew promptly apologized to Alyssa for the unforgivable behavior.","After embarrassing her guests during the party, the MASKTOKEN promptly apologized to Alyssa for the unforgivable behavior.","After embarrassing her guests during the party, the MASKTOKEN promptly apologized to Alyssa for the unforgivable behavior.","After embarrassing her guests during the party, the",man
7,CATAMARAN-GEN-Misma,No Constraint,Mismatch,her,"While helping her secretary shred the documents, Alexander tearfully admitted to Abigail that upper-level managers had been embezzling money for years.","While helping her secretary shred the documents, the MASKTOKEN tearfully admitted to Abigail that upper-level managers had been embezzling money for years.","While helping her secretary shred the documents, the MASKTOKEN tearfully admitted to Abigail that upper-level managers had been embezzling money for years.","While helping her secretary shred the documents, the",man
7,CATAMARAN-GEN-Match,No Constraint,Match,his,"While helping his secretary shred the documents, Alexander tearfully admitted to Gavin that upper-level managers had been embezzling money for years.","While helping his secretary shred the documents, the MASKTOKEN tearfully admitted to Gavin that upper-level managers had been embezzling money for years.","While helping his secretary shred the documents, the MASKTOKEN tearfully admitted to Gavin that upper-level managers had been embezzling money for years.","While helping his secretary shred the documents, the",man
7,CATAMARAN-OBJ-Misma,Constraint,Mismatch,her,"While helping her shred the documents, Alexander tearfully admitted to Abigail that upper-level managers had been embezzling money for years.","While helping her shred the documents, the MASKTOKEN tearfully admitted to Abigail that upper-level managers had been embezzling money for years.","While helping her shred the documents, the MASKTOKEN tearfully admitted to Abigail that upper-level managers had been embezzling money for years.","While helping her shred the documents, the",man
7,CATAMARAN-OBJ-Match,Constraint,Match,him,"While helping him shred the documents, Alexander tearfully admitted to Gavin that upper-level managers had been embezzling money for years.","While helping him shred the documents, the MASKTOKEN tearfully admitted to Gavin that upper-level managers had been embezzling money for years.","While helping him shred the documents, the MASKTOKEN tearfully admitted to Gavin that upper-level managers had been embezzling money for years.","While helping him shred the documents, the",man
8,CATAMARAN-OBJ-Match,Constraint,Match,him,"While reading him a bedtime story, William gently gestured to Luis to turn off the lights.","While reading him a bedtime story, the MASKTOKEN gently gestured to Luis to turn off the lights.","While reading him a bedtime story, the MASKTOKEN gently gestured to Luis to turn off the lights.","While reading him a bedtime story, the",man
8,CATAMARAN-GEN-Misma,No Constraint,Mismatch,her,"While reading her grand kids a bedtime story, William gently gestured to Olivia to turn off the lights.","While reading her grand kids a bedtime story, the MASKTOKEN gently gestured to Olivia to turn off the lights.","While reading her grand kids a bedtime story, the MASKTOKEN gently gestured to Olivia to turn off the lights.","While reading her grand kids a bedtime story, the",man
8,CATAMARAN-GEN-Match,No Constraint,Match,his,"While reading his grand kids a bedtime story, William gently gestured to Luis to turn off the lights.","While reading his grand kids a bedtime story, the MASKTOKEN gently gestured to Luis to turn off the lights.","While reading his grand kids a bedtime story, the MASKTOKEN gently gestured to Luis to turn off the lights.","While reading his grand kids a bedtime story, the",man
8,CATAMARAN-OBJ-Misma,Constraint,Mismatch,her,"While reading her a bedtime story, William gently gestured to Olivia to turn off the lights.","While reading her a bedtime story, the MASKTOKEN gently gestured to Olivia to turn off the lights.","While reading her a bedtime story, the MASKTOKEN gently gestured to Olivia to turn off the lights.","While reading her a bedtime story, the",man
9,CATAMARAN-OBJ-Misma,Constraint,Mismatch,her,"After cornering her next to the water cooler, Robert loudly insulted Annie much to everyone's horror.","After cornering her next to the water cooler, the MASKTOKEN loudly insulted Annie much to everyone's horror.","After cornering her next to the water cooler, the MASKTOKEN loudly insulted Annie much to everyone's horror.","After cornering her next to the water cooler, the",man
9,CATAMARAN-OBJ-Match,Constraint,Match,him,"After cornering him next to the water cooler, Robert loudly insulted Jorge much to everyone's horror.","After cornering him next to the water cooler, the MASKTOKEN loudly insulted Jorge much to everyone's horror.","After cornering him next to the water cooler, the MASKTOKEN loudly insulted Jorge much to everyone's horror.","After cornering him next to the water cooler, the",man
9,CATAMARAN-GEN-Misma,No Constraint,Mismatch,her,"After cornering her intern next to the water cooler, Robert loudly insulted Annie much to everyone's horror.","After cornering her intern next to the water cooler, the MASKTOKEN loudly insulted Annie much to everyone's horror.","After cornering her intern next to the water cooler, the MASKTOKEN loudly insulted Annie much to everyone's horror.","After cornering her intern next to the water cooler, the",man
9,CATAMARAN-GEN-Match,No Constraint,Match,his,"After cornering his intern next to the water cooler, Robert loudly insulted Jorge much to everyone's horror.","After cornering his intern next to the water cooler, the MASKTOKEN loudly insulted Jorge much to everyone's horror.","After cornering his intern next to the water cooler, the MASKTOKEN loudly insulted Jorge much to everyone's horror.","After cornering his intern next to the water cooler, the",man
10,CATAMARAN-GEN-Match,No Constraint,Match,his,"After weighing his patient on the scale, Jonathan calmly informed Steven that he should be concerned about the onset of gout.","After weighing his patient on the scale, the MASKTOKEN calmly informed Steven that he should be concerned about the onset of gout.","After weighing his patient on the scale, the MASKTOKEN calmly informed Steven that he should be concerned about the onset of gout.","After weighing his patient on the scale, the",man
10,CATAMARAN-OBJ-Misma,Constraint,Mismatch,her,"After weighing her on the scale, Jonathan calmly informed Michelle that she should be concerned about the onset of gout.","After weighing her on the scale, the MASKTOKEN calmly informed Michelle that she should be concerned about the onset of gout.","After weighing her on the scale, the MASKTOKEN calmly informed Michelle that she should be concerned about the onset of gout.","After weighing her on the scale, the",man
10,CATAMARAN-OBJ-Match,Constraint,Match,him,"After weighing him on the scale, Jonathan calmly informed Steven that he should be concerned about the onset of gout.","After weighing him on the scale, the MASKTOKEN calmly informed Steven that he should be concerned about the onset of gout.","After weighing him on the scale, the MASKTOKEN calmly informed Steven that he should be concerned about the onset of gout.","After weighing him on the scale, the",man
10,CATAMARAN-GEN-Misma,No Constraint,Mismatch,her,"After weighing her patient on the scale, Jonathan calmly informed Michelle that she should be concerned about the onset of gout.","After weighing her patient on the scale, the MASKTOKEN calmly informed Michelle that she should be concerned about the onset of gout.","After weighing her patient on the scale, the MASKTOKEN calmly informed Michelle that she should be concerned about the onset of gout.","After weighing her patient on the scale, the",man
11,CATAMARAN-GEN-Misma,No Constraint,Mismatch,her,"Before spotting her instructor at yoga class, Zachary secretly followed Kaitlyn around town.","Before spotting her instructor at yoga class, the MASKTOKEN secretly followed Kaitlyn around town.","Before spotting her instructor at yoga class, the MASKTOKEN secretly followed Kaitlyn around town.","Before spotting her instructor at yoga class, the",man
11,CATAMARAN-GEN-Match,No Constraint,Match,his,"Before spotting his instructor at yoga class, Zachary secretly followed Christian around town.","Before spotting his instructor at yoga class, the MASKTOKEN secretly followed Christian around town.","Before spotting his instructor at yoga class, the MASKTOKEN secretly followed Christian around town.","Before spotting his instructor at yoga class, the",man
11,CATAMARAN-OBJ-Misma,Constraint,Mismatch,her,"Before spotting her at yoga class, Zachary secretly followed Kaitlyn around town.","Before spotting her at yoga class, the MASKTOKEN secretly followed Kaitlyn around town.","Before spotting her at yoga class, the MASKTOKEN secretly followed Kaitlyn around town.","Before spotting her at yoga class, the",man
11,CATAMARAN-OBJ-Match,Constraint,Match,him,"Before spotting him at yoga class, Zachary secretly followed Christian around town.","Before spotting him at yoga class, the MASKTOKEN secretly followed Christian around town.","Before spotting him at yoga class, the MASKTOKEN secretly followed Christian around town.","Before spotting him at yoga class, the",man
12,CATAMARAN-OBJ-Match,Constraint,Match,him,"Before visiting him on Sunday afternoons, Benjamin usually called Jason up to confirm that he was still free.","Before visiting him on Sunday afternoons, the MASKTOKEN usually called Jason up to confirm that he was still free.","Before visiting him on Sunday afternoons, the MASKTOKEN usually called Jason up to confirm that he was still free.","Before visiting him on Sunday afternoons, the",man
12,CATAMARAN-GEN-Misma,No Constraint,Mismatch,her,"Before visiting her family on Sunday afternoons, Benjamin usually called Mary up to confirm that they were still free.","Before visiting her family on Sunday afternoons, the MASKTOKEN usually called Mary up to confirm that they were still free.","Before visiting her family on Sunday afternoons, the MASKTOKEN usually called Mary up to confirm that they were still free.","Before visiting her family on Sunday afternoons, the",man
12,CATAMARAN-GEN-Match,No Constraint,Match,his,"Before visiting his family on Sunday afternoons, Benjamin usually called Jason up to confirm that they were still free.","Before visiting his family on Sunday afternoons, the MASKTOKEN usually called Jason up to confirm that they were still free.","Before visiting his family on Sunday afternoons, the MASKTOKEN usually called Jason up to confirm that they were still free.","Before visiting his family on Sunday afternoons, the",man
12,CATAMARAN-OBJ-Misma,Constraint,Mismatch,her,"Before visiting her on Sunday afternoons, Benjamin usually called Mary up to confirm that she was still free.","Before visiting her on Sunday afternoons, the MASKTOKEN usually called Mary up to confirm that she was still free.","Before visiting her on Sunday afternoons, the MASKTOKEN usually called Mary up to confirm that she was still free.","Before visiting her on Sunday afternoons, the",man
13,CATAMARAN-OBJ-Misma,Constraint,Mismatch,him,"After having him in multiple classes, Jessica finally admitted to Richard that she was a little uncomfortable about the whole deal.","After having him in multiple classes, the MASKTOKEN finally admitted to Richard that she was a little uncomfortable about the whole deal.","After having him in multiple classes, the MASKTOKEN finally admitted to Richard that she was a little uncomfortable about the whole deal.","After having him in multiple classes, the",woman
13,CATAMARAN-OBJ-Match,Constraint,Match,her,"After having her in multiple classes, Jessica finally admitted to Sydney that she was a little uncomfortable about the whole deal.","After having her in multiple classes, the MASKTOKEN finally admitted to Sydney that she was a little uncomfortable about the whole deal.","After having her in multiple classes, the MASKTOKEN finally admitted to Sydney that she was a little uncomfortable about the whole deal.","After having her in multiple classes, the",woman
13,CATAMARAN-GEN-Misma,No Constraint,Mismatch,his,"After having his therapist in multiple classes, Jessica finally admitted to Richard that she was a little uncomfortable about the whole deal.","After having his therapist in multiple classes, the MASKTOKEN finally admitted to Richard that she was a little uncomfortable about the whole deal.","After having his therapist in multiple classes, the MASKTOKEN finally admitted to Richard that she was a little uncomfortable about the whole deal.","After having his therapist in multiple classes, the",woman
13,CATAMARAN-GEN-Match,No Constraint,Match,her,"After having her therapist in multiple classes, Jessica finally admitted to Sydney that she was a little uncomfortable about the whole deal.","After having her therapist in multiple classes, the MASKTOKEN finally admitted to Sydney that she was a little uncomfortable about the whole deal.","After having her therapist in multiple classes, the MASKTOKEN finally admitted to Sydney that she was a little uncomfortable about the whole deal.","After having her therapist in multiple classes, the",woman
14,CATAMARAN-GEN-Match,No Constraint,Match,her,"After buying her colleague a pumpkin-spice latte, Samantha generously offered Tiffany the best seat at the conference table.","After buying her colleague a pumpkin-spice latte, the MASKTOKEN generously offered Tiffany the best seat at the conference table.","After buying her colleague a pumpkin-spice latte, the MASKTOKEN generously offered Tiffany the best seat at the conference table.","After buying her colleague a pumpkin-spice latte, the",woman
14,CATAMARAN-OBJ-Misma,Constraint,Mismatch,him,"After buying him a pumpkin-spice latte, Samantha generously offered Austin the best seat at the conference table.","After buying him a pumpkin-spice latte, the MASKTOKEN generously offered Austin the best seat at the conference table.","After buying him a pumpkin-spice latte, the MASKTOKEN generously offered Austin the best seat at the conference table.","After buying him a pumpkin-spice latte, the",woman
14,CATAMARAN-OBJ-Match,Constraint,Match,her,"After buying her a pumpkin-spice latte, Samantha generously offered Tiffany the best seat at the conference table.","After buying her a pumpkin-spice latte, the MASKTOKEN generously offered Tiffany the best seat at the conference table.","After buying her a pumpkin-spice latte, the MASKTOKEN generously offered Tiffany the best seat at the conference table.","After buying her a pumpkin-spice latte, the",woman
14,CATAMARAN-GEN-Misma,No Constraint,Mismatch,his,"After buying his colleague a pumpkin-spice latte, Samantha generously offered Austin the best seat at the conference table.","After buying his colleague a pumpkin-spice latte, the MASKTOKEN generously offered Austin the best seat at the conference table.","After buying his colleague a pumpkin-spice latte, the MASKTOKEN generously offered Austin the best seat at the conference table.","After buying his colleague a pumpkin-spice latte, the",woman
15,CATAMARAN-GEN-Misma,No Constraint,Mismatch,his,"While writing his editor a reminder note, Amanda vigorously scolded Antonio for being so forgetful about important appointments.","While writing his editor a reminder note, the MASKTOKEN vigorously scolded Antonio for being so forgetful about important appointments.","While writing his editor a reminder note, the MASKTOKEN vigorously scolded Antonio for being so forgetful about important appointments.","While writing his editor a reminder note, the",woman
15,CATAMARAN-GEN-Match,No Constraint,Match,her,"While writing her editor a reminder note, Amanda vigorously scolded Chelsea for being so forgetful about important appointments.","While writing her editor a reminder note, the MASKTOKEN vigorously scolded Chelsea for being so forgetful about important appointments.","While writing her editor a reminder note, the MASKTOKEN vigorously scolded Chelsea for being so forgetful about important appointments.","While writing her editor a reminder note, the",woman
15,CATAMARAN-OBJ-Misma,Constraint,Mismatch,him,"While writing him a reminder note, Amanda vigorously scolded Antonio for being so forgetful about important appointments.","While writing him a reminder note, the MASKTOKEN vigorously scolded Antonio for being so forgetful about important appointments.","While writing him a reminder note, the MASKTOKEN vigorously scolded Antonio for being so forgetful about important appointments.","While writing him a reminder note, the",woman
15,CATAMARAN-OBJ-Match,Constraint,Match,her,"While writing her a reminder note, Amanda vigorously scolded Chelsea for being so forgetful about important appointments.","While writing her a reminder note, the MASKTOKEN vigorously scolded Chelsea for being so forgetful about important appointments.","While writing her a reminder note, the MASKTOKEN vigorously scolded Chelsea for being so forgetful about important appointments.","While writing her a reminder note, the",woman
16,CATAMARAN-OBJ-Match,Constraint,Match,her,"After pouring her some hot tea, Britney accidentally burned Natalie by knocking the nearly full pot off the table.","After pouring her some hot tea, the MASKTOKEN accidentally burned Natalie by knocking the nearly full pot off the table.","After pouring her some hot tea, the MASKTOKEN accidentally burned Natalie by knocking the nearly full pot off the table.","After pouring her some hot tea, the",woman
16,CATAMARAN-GEN-Misma,No Constraint,Mismatch,his,"After pouring his mother some hot tea, Britney accidentally burned Peter by knocking the nearly full pot off the table.","After pouring his mother some hot tea, the MASKTOKEN accidentally burned Peter by knocking the nearly full pot off the table.","After pouring his mother some hot tea, the MASKTOKEN accidentally burned Peter by knocking the nearly full pot off the table.","After pouring his mother some hot tea, the",woman
16,CATAMARAN-GEN-Match,No Constraint,Match,her,"After pouring her mother some hot tea, Britney accidentally burned Natalie by knocking the nearly full pot off the table.","After pouring her mother some hot tea, the MASKTOKEN accidentally burned Natalie by knocking the nearly full pot off the table.","After pouring her mother some hot tea, the MASKTOKEN accidentally burned Natalie by knocking the nearly full pot off the table.","After pouring her mother some hot tea, the",woman
16,CATAMARAN-OBJ-Misma,Constraint,Mismatch,him,"After pouring him some hot tea, Britney accidentally burned Peter by knocking the nearly full pot off the table.","After pouring him some hot tea, the MASKTOKEN accidentally burned Peter by knocking the nearly full pot off the table.","After pouring him some hot tea, the MASKTOKEN accidentally burned Peter by knocking the nearly full pot off the table.","After pouring him some hot tea, the",woman
17,CATAMARAN-OBJ-Misma,Constraint,Mismatch,him,"After leaving him a voice message, Stephanie also sent Marcus a text containing the same information.","After leaving him a voice message, the MASKTOKEN also sent Marcus a text containing the same information.","After leaving him a voice message, the MASKTOKEN also sent Marcus a text containing the same information.","After leaving him a voice message, the",woman
17,CATAMARAN-OBJ-Match,Constraint,Match,her,"After leaving her a voice message, Stephanie also sent Marissa a text containing the same information.","After leaving her a voice message, the MASKTOKEN also sent Marissa a text containing the same information.","After leaving her a voice message, the MASKTOKEN also sent Marissa a text containing the same information.","After leaving her a voice message, the",woman
17,CATAMARAN-GEN-Misma,No Constraint,Mismatch,his,"After leaving his partner a voice message, Stephanie also sent Marcus a text containing the same information.","After leaving his partner a voice message, the MASKTOKEN also sent Marcus a text containing the same information.","After leaving his partner a voice message, the MASKTOKEN also sent Marcus a text containing the same information.","After leaving his partner a voice message, the",woman
17,CATAMARAN-GEN-Match,No Constraint,Match,her,"After leaving her partner a voice message, Stephanie also sent Marissa a text containing the same information.","After leaving her partner a voice message, the MASKTOKEN also sent Marissa a text containing the same information.","After leaving her partner a voice message, the MASKTOKEN also sent Marissa a text containing the same information.","After leaving her partner a voice message, the",woman
18,CATAMARAN-GEN-Match,No Constraint,Match,her,"After sending her boss a thank-you note, Jennifer thoughtfully bought Gabriella a nice down comforter as a token of gratitude.","After sending her boss a thank-you note, the MASKTOKEN thoughtfully bought Gabriella a nice down comforter as a token of gratitude.","After sending her boss a thank-you note, the MASKTOKEN thoughtfully bought Gabriella a nice down comforter as a token of gratitude.","After sending her boss a thank-you note, the",woman
18,CATAMARAN-OBJ-Misma,Constraint,Mismatch,him,"After sending him a thank-you note, Jennifer thoughtfully bought Victor a nice down comforter as a token of gratitude.","After sending him a thank-you note, the MASKTOKEN thoughtfully bought Victor a nice down comforter as a token of gratitude.","After sending him a thank-you note, the MASKTOKEN thoughtfully bought Victor a nice down comforter as a token of gratitude.","After sending him a thank-you note, the",woman
18,CATAMARAN-OBJ-Match,Constraint,Match,her,"After sending her a thank-you note, Jennifer thoughtfully bought Gabriella a nice down comforter as a token of gratitude.","After sending her a thank-you note, the MASKTOKEN thoughtfully bought Gabriella a nice down comforter as a token of gratitude.","After sending her a thank-you note, the MASKTOKEN thoughtfully bought Gabriella a nice down comforter as a token of gratitude.","After sending her a thank-you note, the",woman
18,CATAMARAN-GEN-Misma,No Constraint,Mismatch,his,"After sending his boss a thank-you note, Jennifer thoughtfully bought Victor a nice down comforter as a token of gratitude.","After sending his boss a thank-you note, the MASKTOKEN thoughtfully bought Victor a nice down comforter as a token of gratitude.","After sending his boss a thank-you note, the MASKTOKEN thoughtfully bought Victor a nice down comforter as a token of gratitude.","After sending his boss a thank-you note, the",woman
19,CATAMARAN-GEN-Misma,No Constraint,Mismatch,his,"Before taking his kids on the roller coaster, Victoria calmly reassured Lucas that the loop wasn't dangerous at all.","Before taking his kids on the roller coaster, the MASKTOKEN calmly reassured Lucas that the loop wasn't dangerous at all.","Before taking his kids on the roller coaster, the MASKTOKEN calmly reassured Lucas that the loop wasn't dangerous at all.","Before taking his kids on the roller coaster, the",woman
19,CATAMARAN-GEN-Match,No Constraint,Match,her,"Before taking her kids on the roller coaster, Victoria calmly reassured Andrea that the loop wasn't dangerous at all.","Before taking her kids on the roller coaster, the MASKTOKEN calmly reassured Andrea that the loop wasn't dangerous at all.","Before taking her kids on the roller coaster, the MASKTOKEN calmly reassured Andrea that the loop wasn't dangerous at all.","Before taking her kids on the roller coaster, the",woman
19,CATAMARAN-OBJ-Misma,Constraint,Mismatch,him,"Before taking him on the roller coaster, Victoria calmly reassured Lucas that the loop wasn't dangerous at all.","Before taking him on the roller coaster, the MASKTOKEN calmly reassured Lucas that the loop wasn't dangerous at all.","Before taking him on the roller coaster, the MASKTOKEN calmly reassured Lucas that the loop wasn't dangerous at all.","Before taking him on the roller coaster, the",woman
19,CATAMARAN-OBJ-Match,Constraint,Match,her,"Before taking her on the roller coaster, Victoria calmly reassured Andrea that the loop wasn't dangerous at all.","Before taking her on the roller coaster, the MASKTOKEN calmly reassured Andrea that the loop wasn't dangerous at all.","Before taking her on the roller coaster, the MASKTOKEN calmly reassured Andrea that the loop wasn't dangerous at all.","Before taking her on the roller coaster, the",woman
20,CATAMARAN-OBJ-Match,Constraint,Match,her,"After taking her to any social event, Rebecca always checked with Julia to see whether she actually had a good time.","After taking her to any social event, the MASKTOKEN always checked with Julia to see whether she actually had a good time.","After taking her to any social event, the MASKTOKEN always checked with Julia to see whether she actually had a good time.","After taking her to any social event, the",woman
20,CATAMARAN-GEN-Misma,No Constraint,Mismatch,his,"After taking his clients to any social event, Rebecca always checked with Elijah to see whether they actually had a good time.","After taking his clients to any social event, the MASKTOKEN always checked with Elijah to see whether they actually had a good time.","After taking his clients to any social event, the MASKTOKEN always checked with Elijah to see whether they actually had a good time.","After taking his clients to any social event, the",woman
20,CATAMARAN-GEN-Match,No Constraint,Match,her,"After taking her clients to any social event, Rebecca always checked with Julia to see whether they actually had a good time.","After taking her clients to any social event, the MASKTOKEN always checked with Julia to see whether they actually had a good time.","After taking her clients to any social event, the MASKTOKEN always checked with Julia to see whether they actually had a good time.","After taking her clients to any social event, the",woman
20,CATAMARAN-OBJ-Misma,Constraint,Mismatch,him,"After taking him to any social event, Rebecca always checked with Elijah to see whether he actually had a good time.","After taking him to any social event, the MASKTOKEN always checked with Elijah to see whether he actually had a good time.","After taking him to any social event, the MASKTOKEN always checked with Elijah to see whether he actually had a good time.","After taking him to any social event, the",woman
21,CATAMARAN-OBJ-Misma,Constraint,Mismatch,him,"Before showing him any new paintings, Catherine typically consulted Shawn to see which pieces were the best.","Before showing him any new paintings, the MASKTOKEN typically consulted Shawn to see which pieces were the best.","Before showing him any new paintings, the MASKTOKEN typically consulted Shawn to see which pieces were the best.","Before showing him any new paintings, the",woman
21,CATAMARAN-OBJ-Match,Constraint,Match,her,"Before showing her any new paintings, Catherine typically consulted Kelly to see which pieces were the best.","Before showing her any new paintings, the MASKTOKEN typically consulted Kelly to see which pieces were the best.","Before showing her any new paintings, the MASKTOKEN typically consulted Kelly to see which pieces were the best.","Before showing her any new paintings, the",woman
21,CATAMARAN-GEN-Misma,No Constraint,Mismatch,his,"Before showing his patron any new paintings, Catherine typically consulted Shawn to see which pieces were the best.","Before showing his patron any new paintings, the MASKTOKEN typically consulted Shawn to see which pieces were the best.","Before showing his patron any new paintings, the MASKTOKEN typically consulted Shawn to see which pieces were the best.","Before showing his patron any new paintings, the",woman
21,CATAMARAN-GEN-Match,No Constraint,Match,her,"Before showing her patron any new paintings, Catherine typically consulted Kelly to see which pieces were the best.","Before showing her patron any new paintings, the MASKTOKEN typically consulted Kelly to see which pieces were the best.","Before showing her patron any new paintings, the MASKTOKEN typically consulted Kelly to see which pieces were the best.","Before showing her patron any new paintings, the",woman
22,CATAMARAN-GEN-Match,No Constraint,Match,her,"After nominating her roommate for class president, Nicole publicly humiliated Destiny by sharing a private conversation all over social media.","After nominating her roommate for class president, the MASKTOKEN publicly humiliated Destiny by sharing a private conversation all over social media.","After nominating her roommate for class president, the MASKTOKEN publicly humiliated Destiny by sharing a private conversation all over social media.","After nominating her roommate for class president, the",woman
22,CATAMARAN-OBJ-Misma,Constraint,Mismatch,him,"After nominating him for class president, Nicole publicly humiliated Jerome by sharing a private conversation all over social media.","After nominating him for class president, the MASKTOKEN publicly humiliated Jerome by sharing a private conversation all over social media.","After nominating him for class president, the MASKTOKEN publicly humiliated Jerome by sharing a private conversation all over social media.","After nominating him for class president, the",woman
22,CATAMARAN-OBJ-Match,Constraint,Match,her,"After nominating her for class president, Nicole publicly humiliated Destiny by sharing a private conversation all over social media.","After nominating her for class president, the MASKTOKEN publicly humiliated Destiny by sharing a private conversation all over social media.","After nominating her for class president, the MASKTOKEN publicly humiliated Destiny by sharing a private conversation all over social media.","After nominating her for class president, the",woman
22,CATAMARAN-GEN-Misma,No Constraint,Mismatch,his,"After nominating his roommate for class president, Nicole publicly humiliated Jerome by sharing a private conversation all over social media.","After nominating his roommate for class president, the MASKTOKEN publicly humiliated Jerome by sharing a private conversation all over social media.","After nominating his roommate for class president, the MASKTOKEN publicly humiliated Jerome by sharing a private conversation all over social media.","After nominating his roommate for class president, the",woman
23,CATAMARAN-GEN-Misma,No Constraint,Mismatch,his,"After watching his idol on the Voice, Kimberly immediately called up Francisco to discuss some of the highlights of the performance.","After watching his idol on the Voice, the MASKTOKEN immediately called up Francisco to discuss some of the highlights of the performance.","After watching his idol on the Voice, the MASKTOKEN immediately called up Francisco to discuss some of the highlights of the performance.","After watching his idol on the Voice, the",woman
23,CATAMARAN-GEN-Match,No Constraint,Match,her,"After watching her idol on the Voice, Kimberly immediately called up Selena to discuss some of the highlights of the performance.","After watching her idol on the Voice, the MASKTOKEN immediately called up Selena to discuss some of the highlights of the performance.","After watching her idol on the Voice, the MASKTOKEN immediately called up Selena to discuss some of the highlights of the performance.","After watching her idol on the Voice, the",woman
23,CATAMARAN-OBJ-Misma,Constraint,Mismatch,him,"After watching him on the Voice, Kimberly immediately called up Francisco to discuss some of the highlights of the performance.","After watching him on the Voice, the MASKTOKEN immediately called up Francisco to discuss some of the highlights of the performance.","After watching him on the Voice, the MASKTOKEN immediately called up Francisco to discuss some of the highlights of the performance.","After watching him on the Voice, the",woman
23,CATAMARAN-OBJ-Match,Constraint,Match,her,"After watching her on the Voice, Kimberly immediately called up Selena to discuss some of the highlights of the performance.","After watching her on the Voice, the MASKTOKEN immediately called up Selena to discuss some of the highlights of the performance.","After watching her on the Voice, the MASKTOKEN immediately called up Selena to discuss some of the highlights of the performance.","After watching her on the Voice, the",woman
24,CATAMARAN-OBJ-Match,Constraint,Match,her,"Before sending her the secret contract, Rachel repeatedly made Crystal promise not to disclose the terms to anyone.","Before sending her the secret contract, the MASKTOKEN repeatedly made Crystal promise not to disclose the terms to anyone.","Before sending her the secret contract, the MASKTOKEN repeatedly made Crystal promise not to disclose the terms to anyone.","Before sending her the secret contract, the",woman
24,CATAMARAN-GEN-Misma,No Constraint,Mismatch,his,"Before sending his associate the secret contract, Rachel repeatedly made Raymond promise not to disclose the terms to anyone.","Before sending his associate the secret contract, the MASKTOKEN repeatedly made Raymond promise not to disclose the terms to anyone.","Before sending his associate the secret contract, the MASKTOKEN repeatedly made Raymond promise not to disclose the terms to anyone.","Before sending his associate the secret contract, the",woman
24,CATAMARAN-GEN-Match,No Constraint,Match,her,"Before sending her associate the secret contract, Rachel repeatedly made Crystal promise not to disclose the terms to anyone.","Before sending her associate the secret contract, the MASKTOKEN repeatedly made Crystal promise not to disclose the terms to anyone.","Before sending her associate the secret contract, the MASKTOKEN repeatedly made Crystal promise not to disclose the terms to anyone.","Before sending her associate the secret contract, the",woman
24,CATAMARAN-OBJ-Misma,Constraint,Mismatch,him,"Before sending him the secret contract, Rachel repeatedly made Raymond promise not to disclose the terms to anyone.","Before sending him the secret contract, the MASKTOKEN repeatedly made Raymond promise not to disclose the terms to anyone.","Before sending him the secret contract, the MASKTOKEN repeatedly made Raymond promise not to disclose the terms to anyone.","Before sending him the secret contract, the",woman
