item,cond,adjunct,contrast,pronoun,og_sent,sent,mask_sents,auto_sents,target,/data/bert-base-uncased_surp,/data/roberta-base_surp
1,CATAMARAN2-FIN-Match,No Constraint,Match,him,"Before anyone offered him a fancy pastry, Michael politely asked Tyler whether he had any preference.","Before anyone offered him a fancy pastry, the MASKTOKEN politely asked Tyler whether he had any preference.","Before anyone offered him a fancy pastry, the MASKTOKEN politely asked Tyler whether he had any preference.","Before anyone offered him a fancy pastry, the",man,5.053250789642334,5.4025678634643555
1,CATAMARAN2-FIN-Misma,No Constraint,Mismatch,her,"Before anyone offered her a fancy pastry, Michael politely asked Emily whether he had any preference.","Before anyone offered her a fancy pastry, the MASKTOKEN politely asked Emily whether he had any preference.","Before anyone offered her a fancy pastry, the MASKTOKEN politely asked Emily whether he had any preference.","Before anyone offered her a fancy pastry, the",man,3.2717654705047607,3.946669101715088
1,CATAMARAN2-OBJ-Match,Constraint,Match,him,"Before offering him a fancy pastry, Michael politely asked Tyler whether he had any preference.","Before offering him a fancy pastry, the MASKTOKEN politely asked Tyler whether he had any preference.","Before offering him a fancy pastry, the MASKTOKEN politely asked Tyler whether he had any preference.","Before offering him a fancy pastry, the",man,4.651919364929199,4.535339832305908
1,CATAMARAN2-OBJ-Misma,Constraint,Mismatch,her,"Before offering her a fancy pastry, Michael politely asked Emily whether he had any preference.","Before offering her a fancy pastry, the MASKTOKEN politely asked Emily whether he had any preference.","Before offering her a fancy pastry, the MASKTOKEN politely asked Emily whether he had any preference.","Before offering her a fancy pastry, the",man,2.3038246631622314,3.3713386058807373
2,CATAMARAN2-FIN-Match,No Constraint,Match,him,"While a parent drove him to school on Friday, Christopher casually told Juan that he would pick up everyone early for a surprise.","While a parent drove him to school on Friday, the MASKTOKEN casually told Juan that he would pick up everyone early for a surprise.","While a parent drove him to school on Friday, the MASKTOKEN casually told Juan that he would pick up everyone early for a surprise.","While a parent drove him to school on Friday, the",man,5.447666168212891,4.617298603057861
2,CATAMARAN2-FIN-Misma,No Constraint,Mismatch,her,"While a parent drove her to school on Friday, Christopher casually told Hannah that he would pick up everyone early for a surprise.","While a parent drove her to school on Friday, the MASKTOKEN casually told Hannah that he would pick up everyone early for a surprise.","While a parent drove her to school on Friday, the MASKTOKEN casually told Hannah that he would pick up everyone early for a surprise.","While a parent drove her to school on Friday, the",man,3.7638399600982666,3.7361717224121094
2,CATAMARAN2-OBJ-Match,Constraint,Match,him,"While driving him to school on Friday, Christopher casually told Juan that he would pick up everyone early for a surprise.","While driving him to school on Friday, the MASKTOKEN casually told Juan that he would pick up everyone early for a surprise.","While driving him to school on Friday, the MASKTOKEN casually told Juan that he would pick up everyone early for a surprise.","While driving him to school on Friday, the",man,3.8042080402374268,4.4527716636657715
2,CATAMARAN2-OBJ-Misma,Constraint,Mismatch,her,"While driving her to school on Friday, Christopher casually told Hannah that he would pick up everyone early for a surprise.","While driving her to school on Friday, the MASKTOKEN casually told Hannah that he would pick up everyone early for a surprise.","While driving her to school on Friday, the MASKTOKEN casually told Hannah that he would pick up everyone early for a surprise.","While driving her to school on Friday, the",man,2.2497482299804688,3.2600696086883545
3,CATAMARAN2-FIN-Match,No Constraint,Match,him,"While an employee baked him some cookies, Nicholas happily informed Luke about all the positive new changes in his life.","While an employee baked him some cookies, the MASKTOKEN happily informed Luke about all the positive new changes in his life.","While an employee baked him some cookies, the MASKTOKEN happily informed Luke about all the positive new changes in his life.","While an employee baked him some cookies, the",man,5.267040729522705,3.3870513439178467
3,CATAMARAN2-FIN-Misma,No Constraint,Mismatch,her,"While an employee baked her some cookies, Nicholas happily informed Kayla about all the positive new changes in his life.","While an employee baked her some cookies, the MASKTOKEN happily informed Kayla about all the positive new changes in his life.","While an employee baked her some cookies, the MASKTOKEN happily informed Kayla about all the positive new changes in his life.","While an employee baked her some cookies, the",man,2.4788172245025635,1.9164245128631592
3,CATAMARAN2-OBJ-Match,Constraint,Match,him,"While baking him some cookies, Nicholas happily informed Luke about all the positive new changes in his life.","While baking him some cookies, the MASKTOKEN happily informed Luke about all the positive new changes in his life.","While baking him some cookies, the MASKTOKEN happily informed Luke about all the positive new changes in his life.","While baking him some cookies, the",man,7.928143501281738,5.7867751121521
3,CATAMARAN2-OBJ-Misma,Constraint,Mismatch,her,"While baking her some cookies, Nicholas happily informed Kayla about all the positive new changes in his life.","While baking her some cookies, the MASKTOKEN happily informed Kayla about all the positive new changes in his life.","While baking her some cookies, the MASKTOKEN happily informed Kayla about all the positive new changes in his life.","While baking her some cookies, the",man,2.8099539279937744,4.093902587890625
4,CATAMARAN2-FIN-Match,No Constraint,Match,him,"After an orderly lifted him onto the bus, Brandon carefully sat Derek down in one of the front-most seats.","After an orderly lifted him onto the bus, the MASKTOKEN carefully sat Derek down in one of the front-most seats.","After an orderly lifted him onto the bus, the MASKTOKEN carefully sat Derek down in one of the front-most seats.","After an orderly lifted him onto the bus, the",man,6.153600215911865,6.213303089141846
4,CATAMARAN2-FIN-Misma,No Constraint,Mismatch,her,"After an orderly lifted her onto the bus, Brandon carefully sat Amber down in one of the front-most seats.","After an orderly lifted her onto the bus, the MASKTOKEN carefully sat Amber down in one of the front-most seats.","After an orderly lifted her onto the bus, the MASKTOKEN carefully sat Amber down in one of the front-most seats.","After an orderly lifted her onto the bus, the",man,6.357446670532227,6.971306800842285
4,CATAMARAN2-OBJ-Match,Constraint,Match,him,"After lifting him onto the bus, Brandon carefully sat Derek down in one of the front-most seats.","After lifting him onto the bus, the MASKTOKEN carefully sat Derek down in one of the front-most seats.","After lifting him onto the bus, the MASKTOKEN carefully sat Derek down in one of the front-most seats.","After lifting him onto the bus, the",man,5.0374956130981445,5.916867733001709
4,CATAMARAN2-OBJ-Misma,Constraint,Mismatch,her,"After lifting her onto the bus, Brandon carefully sat Amber down in one of the front-most seats.","After lifting her onto the bus, the MASKTOKEN carefully sat Amber down in one of the front-most seats.","After lifting her onto the bus, the MASKTOKEN carefully sat Amber down in one of the front-most seats.","After lifting her onto the bus, the",man,3.842524290084839,6.675410270690918
5,CATAMARAN2-FIN-Match,No Constraint,Match,him,"Before an officer interrogated him about the crime, Daniel kindly offered Corey some food and a cigarette.","Before an officer interrogated him about the crime, the MASKTOKEN kindly offered Corey some food and a cigarette.","Before an officer interrogated him about the crime, the MASKTOKEN kindly offered Corey some food and a cigarette.","Before an officer interrogated him about the crime, the",man,5.009972095489502,1.6352757215499878
5,CATAMARAN2-FIN-Misma,No Constraint,Mismatch,her,"Before an officer interrogated her about the crime, Daniel kindly offered Jasmine some food and a cigarette.","Before an officer interrogated her about the crime, the MASKTOKEN kindly offered Jasmine some food and a cigarette.","Before an officer interrogated her about the crime, the MASKTOKEN kindly offered Jasmine some food and a cigarette.","Before an officer interrogated her about the crime, the",man,6.552252769470215,3.131523370742798
5,CATAMARAN2-OBJ-Match,Constraint,Match,him,"Before interrogating him about the crime, Daniel kindly offered Corey some food and a cigarette.","Before interrogating him about the crime, the MASKTOKEN kindly offered Corey some food and a cigarette.","Before interrogating him about the crime, the MASKTOKEN kindly offered Corey some food and a cigarette.","Before interrogating him about the crime, the",man,4.06385612487793,5.2759199142456055
5,CATAMARAN2-OBJ-Misma,Constraint,Mismatch,her,"Before interrogating her about the crime, Daniel kindly offered Jasmine some food and a cigarette.","Before interrogating her about the crime, the MASKTOKEN kindly offered Jasmine some food and a cigarette.","Before interrogating her about the crime, the MASKTOKEN kindly offered Jasmine some food and a cigarette.","Before interrogating her about the crime, the",man,4.325892448425293,6.396576881408691
6,CATAMARAN2-FIN-Match,No Constraint,Match,him,"After a guest embarrassed him during the party, Andrew promptly apologized to Jeffrey for the unforgivable behavior.","After a guest embarrassed him during the party, the MASKTOKEN promptly apologized to Jeffrey for the unforgivable behavior.","After a guest embarrassed him during the party, the MASKTOKEN promptly apologized to Jeffrey for the unforgivable behavior.","After a guest embarrassed him during the party, the",man,5.671506404876709,2.93363356590271
6,CATAMARAN2-FIN-Misma,No Constraint,Mismatch,her,"After a guest embarrassed her during the party, Andrew promptly apologized to Alyssa for the unforgivable behavior.","After a guest embarrassed her during the party, the MASKTOKEN promptly apologized to Alyssa for the unforgivable behavior.","After a guest embarrassed her during the party, the MASKTOKEN promptly apologized to Alyssa for the unforgivable behavior.","After a guest embarrassed her during the party, the",man,7.096988677978516,3.618548631668091
6,CATAMARAN2-OBJ-Match,Constraint,Match,him,"After embarrassing him during the party, Andrew promptly apologized to Jeffrey for the unforgivable behavior.","After embarrassing him during the party, the MASKTOKEN promptly apologized to Jeffrey for the unforgivable behavior.","After embarrassing him during the party, the MASKTOKEN promptly apologized to Jeffrey for the unforgivable behavior.","After embarrassing him during the party, the",man,6.840699195861816,4.760531425476074
6,CATAMARAN2-OBJ-Misma,Constraint,Mismatch,her,"After embarrassing her during the party, Andrew promptly apologized to Alyssa for the unforgivable behavior.","After embarrassing her during the party, the MASKTOKEN promptly apologized to Alyssa for the unforgivable behavior.","After embarrassing her during the party, the MASKTOKEN promptly apologized to Alyssa for the unforgivable behavior.","After embarrassing her during the party, the",man,5.3671369552612305,4.119795799255371
7,CATAMARAN2-FIN-Match,No Constraint,Match,him,"While an intern helped him shred the documents, Alexander tearfully admitted to Gavin that upper-level managers had been embezzling money for years.","While an intern helped him shred the documents, the MASKTOKEN tearfully admitted to Gavin that upper-level managers had been embezzling money for years.","While an intern helped him shred the documents, the MASKTOKEN tearfully admitted to Gavin that upper-level managers had been embezzling money for years.","While an intern helped him shred the documents, the",man,3.8256990909576416,3.197038173675537
7,CATAMARAN2-FIN-Misma,No Constraint,Mismatch,her,"While an intern helped her shred the documents, Alexander tearfully admitted to Abigail that upper-level managers had been embezzling money for years.","While an intern helped her shred the documents, the MASKTOKEN tearfully admitted to Abigail that upper-level managers had been embezzling money for years.","While an intern helped her shred the documents, the MASKTOKEN tearfully admitted to Abigail that upper-level managers had been embezzling money for years.","While an intern helped her shred the documents, the",man,5.127266883850098,4.398657321929932
7,CATAMARAN2-OBJ-Match,Constraint,Match,him,"While helping him shred the documents, Alexander tearfully admitted to Gavin that upper-level managers had been embezzling money for years.","While helping him shred the documents, the MASKTOKEN tearfully admitted to Gavin that upper-level managers had been embezzling money for years.","While helping him shred the documents, the MASKTOKEN tearfully admitted to Gavin that upper-level managers had been embezzling money for years.","While helping him shred the documents, the",man,3.4977383613586426,4.5382256507873535
7,CATAMARAN2-OBJ-Misma,Constraint,Mismatch,her,"While helping her shred the documents, Alexander tearfully admitted to Abigail that upper-level managers had been embezzling money for years.","While helping her shred the documents, the MASKTOKEN tearfully admitted to Abigail that upper-level managers had been embezzling money for years.","While helping her shred the documents, the MASKTOKEN tearfully admitted to Abigail that upper-level managers had been embezzling money for years.","While helping her shred the documents, the",man,3.017759323120117,4.65367317199707
8,CATAMARAN2-FIN-Match,No Constraint,Match,him,"While someone read him a bedtime story, William gently gestured to Luis to turn off the lights.","While someone read him a bedtime story, the MASKTOKEN gently gestured to Luis to turn off the lights.","While someone read him a bedtime story, the MASKTOKEN gently gestured to Luis to turn off the lights.","While someone read him a bedtime story, the",man,3.2923192977905273,4.343264102935791
8,CATAMARAN2-FIN-Misma,No Constraint,Mismatch,her,"While someone read her a bedtime story, William gently gestured to Olivia to turn off the lights.","While someone read her a bedtime story, the MASKTOKEN gently gestured to Olivia to turn off the lights.","While someone read her a bedtime story, the MASKTOKEN gently gestured to Olivia to turn off the lights.","While someone read her a bedtime story, the",man,4.699682235717773,4.671548843383789
8,CATAMARAN2-OBJ-Match,Constraint,Match,him,"While reading him a bedtime story, William gently gestured to Luis to turn off the lights.","While reading him a bedtime story, the MASKTOKEN gently gestured to Luis to turn off the lights.","While reading him a bedtime story, the MASKTOKEN gently gestured to Luis to turn off the lights.","While reading him a bedtime story, the",man,3.730897903442383,5.530636310577393
8,CATAMARAN2-OBJ-Misma,Constraint,Mismatch,her,"While reading her a bedtime story, William gently gestured to Olivia to turn off the lights.","While reading her a bedtime story, the MASKTOKEN gently gestured to Olivia to turn off the lights.","While reading her a bedtime story, the MASKTOKEN gently gestured to Olivia to turn off the lights.","While reading her a bedtime story, the",man,4.158082485198975,4.750094890594482
9,CATAMARAN2-FIN-Match,No Constraint,Match,him,"After a colleague cornered him next to the water cooler, Robert loudly insulted Jorge much to everyone's horror.","After a colleague cornered him next to the water cooler, the MASKTOKEN loudly insulted Jorge much to everyone's horror.","After a colleague cornered him next to the water cooler, the MASKTOKEN loudly insulted Jorge much to everyone's horror.","After a colleague cornered him next to the water cooler, the",man,2.355724334716797,2.6391851902008057
9,CATAMARAN2-FIN-Misma,No Constraint,Mismatch,her,"After a colleague cornered her next to the water cooler, Robert loudly insulted Annie much to everyone's horror.","After a colleague cornered her next to the water cooler, the MASKTOKEN loudly insulted Annie much to everyone's horror.","After a colleague cornered her next to the water cooler, the MASKTOKEN loudly insulted Annie much to everyone's horror.","After a colleague cornered her next to the water cooler, the",man,3.5057806968688965,3.5155186653137207
9,CATAMARAN2-OBJ-Match,Constraint,Match,him,"After cornering him next to the water cooler, Robert loudly insulted Jorge much to everyone's horror.","After cornering him next to the water cooler, the MASKTOKEN loudly insulted Jorge much to everyone's horror.","After cornering him next to the water cooler, the MASKTOKEN loudly insulted Jorge much to everyone's horror.","After cornering him next to the water cooler, the",man,2.1270456314086914,5.092573165893555
9,CATAMARAN2-OBJ-Misma,Constraint,Mismatch,her,"After cornering her next to the water cooler, Robert loudly insulted Annie much to everyone's horror.","After cornering her next to the water cooler, the MASKTOKEN loudly insulted Annie much to everyone's horror.","After cornering her next to the water cooler, the MASKTOKEN loudly insulted Annie much to everyone's horror.","After cornering her next to the water cooler, the",man,2.9855778217315674,4.732488632202148
10,CATAMARAN2-FIN-Match,No Constraint,Match,him,"After a nurse weighed him on the scale, Johnathan calmly informed Steven that he should be concerned about the onset of gout.","After a nurse weighed him on the scale, the MASKTOKEN calmly informed Steven that he should be concerned about the onset of gout.","After a nurse weighed him on the scale, the MASKTOKEN calmly informed Steven that he should be concerned about the onset of gout.","After a nurse weighed him on the scale, the",man,7.814297676086426,9.76162052154541
10,CATAMARAN2-FIN-Misma,No Constraint,Mismatch,her,"After a nurse weighed her on the scale, Johnathan calmly informed Michelle that she should be concerned about the onset of gout.","After a nurse weighed her on the scale, the MASKTOKEN calmly informed Michelle that she should be concerned about the onset of gout.","After a nurse weighed her on the scale, the MASKTOKEN calmly informed Michelle that she should be concerned about the onset of gout.","After a nurse weighed her on the scale, the",man,9.122350692749023,8.246468544006348
10,CATAMARAN2-OBJ-Match,Constraint,Match,him,"After weighing him on the scale, Johnathan calmly informed Steven that he should be concerned about the onset of gout.","After weighing him on the scale, the MASKTOKEN calmly informed Steven that he should be concerned about the onset of gout.","After weighing him on the scale, the MASKTOKEN calmly informed Steven that he should be concerned about the onset of gout.","After weighing him on the scale, the",man,6.333946704864502,9.179088592529297
10,CATAMARAN2-OBJ-Misma,Constraint,Mismatch,her,"After weighing her on the scale, Johnathan calmly informed Michelle that she should be concerned about the onset of gout.","After weighing her on the scale, the MASKTOKEN calmly informed Michelle that she should be concerned about the onset of gout.","After weighing her on the scale, the MASKTOKEN calmly informed Michelle that she should be concerned about the onset of gout.","After weighing her on the scale, the",man,7.178998947143555,8.675277709960938
11,CATAMARAN2-FIN-Match,No Constraint,Match,him,"Before anyone spotted him at yoga class, Zachary secretly followed Christian around town.","Before anyone spotted him at yoga class, the MASKTOKEN secretly followed Christian around town.","Before anyone spotted him at yoga class, the MASKTOKEN secretly followed Christian around town.","Before anyone spotted him at yoga class, the",man,6.484461307525635,5.771848678588867
11,CATAMARAN2-FIN-Misma,No Constraint,Mismatch,her,"Before anyone spotted her at yoga class, Zachary secretly followed Kaitlyn around town.","Before anyone spotted her at yoga class, the MASKTOKEN secretly followed Kaitlyn around town.","Before anyone spotted her at yoga class, the MASKTOKEN secretly followed Kaitlyn around town.","Before anyone spotted her at yoga class, the",man,11.062498092651367,7.990316390991211
11,CATAMARAN2-OBJ-Match,Constraint,Match,him,"Before spotting him at yoga class, Zachary secretly followed Christian around town.","Before spotting him at yoga class, the MASKTOKEN secretly followed Christian around town.","Before spotting him at yoga class, the MASKTOKEN secretly followed Christian around town.","Before spotting him at yoga class, the",man,10.377608299255371,6.153731822967529
11,CATAMARAN2-OBJ-Misma,Constraint,Mismatch,her,"Before spotting her at yoga class, Zachary secretly followed Kaitlyn around town.","Before spotting her at yoga class, the MASKTOKEN secretly followed Kaitlyn around town.","Before spotting her at yoga class, the MASKTOKEN secretly followed Kaitlyn around town.","Before spotting her at yoga class, the",man,8.65612506866455,6.88436222076416
12,CATAMARAN2-FIN-Match,No Constraint,Match,him,"Before friends visited him on Sunday afternoons, Benjamin usually called Jason up to confirm that they were still free.","Before friends visited him on Sunday afternoons, the MASKTOKEN usually called Jason up to confirm that they were still free.","Before friends visited him on Sunday afternoons, the MASKTOKEN usually called Jason up to confirm that they were still free.","Before friends visited him on Sunday afternoons, the",man,5.96144962310791,8.878961563110352
12,CATAMARAN2-FIN-Misma,No Constraint,Mismatch,her,"Before friends visited her on Sunday afternoons, Benjamin usually called Mary up to confirm that they were still free.","Before friends visited her on Sunday afternoons, the MASKTOKEN usually called Mary up to confirm that they were still free.","Before friends visited her on Sunday afternoons, the MASKTOKEN usually called Mary up to confirm that they were still free.","Before friends visited her on Sunday afternoons, the",man,9.09119701385498,7.320223331451416
12,CATAMARAN2-OBJ-Match,Constraint,Match,him,"Before visiting him on Sunday afternoons, Benjamin usually called Jason up to confirm that he was still free.","Before visiting him on Sunday afternoons, the MASKTOKEN usually called Jason up to confirm that he was still free.","Before visiting him on Sunday afternoons, the MASKTOKEN usually called Jason up to confirm that he was still free.","Before visiting him on Sunday afternoons, the",man,5.384978771209717,8.39193058013916
12,CATAMARAN2-OBJ-Misma,Constraint,Mismatch,her,"Before visiting her on Sunday afternoons, Benjamin usually called Mary up to confirm that she was still free.","Before visiting her on Sunday afternoons, the MASKTOKEN usually called Mary up to confirm that she was still free.","Before visiting her on Sunday afternoons, the MASKTOKEN usually called Mary up to confirm that she was still free.","Before visiting her on Sunday afternoons, the",man,7.320459842681885,7.908720016479492
13,CATAMARAN2-FIN-Match,No Constraint,Match,her,"After a professor had her in multiple classes, Jessica finally admitted to Sydney that she was a little uncomfortable about the whole deal.","After a professor had her in multiple classes, the MASKTOKEN finally admitted to Sydney that she was a little uncomfortable about the whole deal.","After a professor had her in multiple classes, the MASKTOKEN finally admitted to Sydney that she was a little uncomfortable about the whole deal.","After a professor had her in multiple classes, the",woman,3.4120700359344482,3.83953595161438
13,CATAMARAN2-FIN-Misma,No Constraint,Mismatch,him,"After a professor had him in multiple classes, Jessica finally admitted to Richard that she was a little uncomfortable about the whole deal.","After a professor had him in multiple classes, the MASKTOKEN finally admitted to Richard that she was a little uncomfortable about the whole deal.","After a professor had him in multiple classes, the MASKTOKEN finally admitted to Richard that she was a little uncomfortable about the whole deal.","After a professor had him in multiple classes, the",woman,2.50431227684021,2.2103567123413086
13,CATAMARAN2-OBJ-Match,Constraint,Match,her,"After having her in multiple classes, Jessica finally admitted to Sydney that she was a little uncomfortable about the whole deal.","After having her in multiple classes, the MASKTOKEN finally admitted to Sydney that she was a little uncomfortable about the whole deal.","After having her in multiple classes, the MASKTOKEN finally admitted to Sydney that she was a little uncomfortable about the whole deal.","After having her in multiple classes, the",woman,4.947048664093018,4.963098526000977
13,CATAMARAN2-OBJ-Misma,Constraint,Mismatch,him,"After having him in multiple classes, Jessica finally admitted to Richard that she was a little uncomfortable about the whole deal.","After having him in multiple classes, the MASKTOKEN finally admitted to Richard that she was a little uncomfortable about the whole deal.","After having him in multiple classes, the MASKTOKEN finally admitted to Richard that she was a little uncomfortable about the whole deal.","After having him in multiple classes, the",woman,2.641726493835449,3.0376744270324707
14,CATAMARAN2-FIN-Match,No Constraint,Match,her,"After a stranger bought her a pumpkin-spice latte, Samantha generously offered Tiffany the best seat at the conference table.","After a stranger bought her a pumpkin-spice latte, the MASKTOKEN generously offered Tiffany the best seat at the conference table.","After a stranger bought her a pumpkin-spice latte, the MASKTOKEN generously offered Tiffany the best seat at the conference table.","After a stranger bought her a pumpkin-spice latte, the",woman,3.116009473800659,3.6160101890563965
14,CATAMARAN2-FIN-Misma,No Constraint,Mismatch,him,"After a stranger bought him a pumpkin-spice latte, Samantha generously offered Austin the best seat at the conference table.","After a stranger bought him a pumpkin-spice latte, the MASKTOKEN generously offered Austin the best seat at the conference table.","After a stranger bought him a pumpkin-spice latte, the MASKTOKEN generously offered Austin the best seat at the conference table.","After a stranger bought him a pumpkin-spice latte, the",woman,4.274541854858398,3.984541416168213
14,CATAMARAN2-OBJ-Match,Constraint,Match,her,"After buying her a pumpkin-spice latte, Samantha generously offered Tiffany the best seat at the conference table.","After buying her a pumpkin-spice latte, the MASKTOKEN generously offered Tiffany the best seat at the conference table.","After buying her a pumpkin-spice latte, the MASKTOKEN generously offered Tiffany the best seat at the conference table.","After buying her a pumpkin-spice latte, the",woman,3.857046604156494,5.5704474449157715
14,CATAMARAN2-OBJ-Misma,Constraint,Mismatch,him,"After buying him a pumpkin-spice latte, Samantha generously offered Austin the best seat at the conference table.","After buying him a pumpkin-spice latte, the MASKTOKEN generously offered Austin the best seat at the conference table.","After buying him a pumpkin-spice latte, the MASKTOKEN generously offered Austin the best seat at the conference table.","After buying him a pumpkin-spice latte, the",woman,4.39328670501709,4.800577640533447
15,CATAMARAN2-FIN-Match,No Constraint,Match,her,"While someone writing her a reminder note, Amanda vigorously scolded Chelsea for being so forgetful about important appointments.","While someone writing her a reminder note, the MASKTOKEN vigorously scolded Chelsea for being so forgetful about important appointments.","While someone writing her a reminder note, the MASKTOKEN vigorously scolded Chelsea for being so forgetful about important appointments.","While someone writing her a reminder note, the",woman,4.611170768737793,5.880533695220947
15,CATAMARAN2-FIN-Misma,No Constraint,Mismatch,him,"While someone writing him a reminder note, Amanda vigorously scolded Antonio for being so forgetful about important appointments.","While someone writing him a reminder note, the MASKTOKEN vigorously scolded Antonio for being so forgetful about important appointments.","While someone writing him a reminder note, the MASKTOKEN vigorously scolded Antonio for being so forgetful about important appointments.","While someone writing him a reminder note, the",woman,4.789634704589844,5.982150077819824
15,CATAMARAN2-OBJ-Match,Constraint,Match,her,"While writing her a reminder note, Amanda vigorously scolded Chelsea for being so forgetful about important appointments.","While writing her a reminder note, the MASKTOKEN vigorously scolded Chelsea for being so forgetful about important appointments.","While writing her a reminder note, the MASKTOKEN vigorously scolded Chelsea for being so forgetful about important appointments.","While writing her a reminder note, the",woman,5.672635555267334,7.033985614776611
15,CATAMARAN2-OBJ-Misma,Constraint,Mismatch,him,"While writing him a reminder note, Amanda vigorously scolded Antonio for being so forgetful about important appointments.","While writing him a reminder note, the MASKTOKEN vigorously scolded Antonio for being so forgetful about important appointments.","While writing him a reminder note, the MASKTOKEN vigorously scolded Antonio for being so forgetful about important appointments.","While writing him a reminder note, the",woman,6.026812553405762,6.440263271331787
16,CATAMARAN2-FIN-Match,No Constraint,Match,her,"After a waiter poured her some hot tea, Britney accidentally burned Natalie by knocking the nearly full pot off the table.","After a waiter poured her some hot tea, the MASKTOKEN accidentally burned Natalie by knocking the nearly full pot off the table.","After a waiter poured her some hot tea, the MASKTOKEN accidentally burned Natalie by knocking the nearly full pot off the table.","After a waiter poured her some hot tea, the",woman,3.4664547443389893,7.809317111968994
16,CATAMARAN2-FIN-Misma,No Constraint,Mismatch,him,"After a waiter poured him some hot tea, Britney accidentally burned Peter by knocking the nearly full pot off the table.","After a waiter poured him some hot tea, the MASKTOKEN accidentally burned Peter by knocking the nearly full pot off the table.","After a waiter poured him some hot tea, the MASKTOKEN accidentally burned Peter by knocking the nearly full pot off the table.","After a waiter poured him some hot tea, the",woman,5.946262836456299,10.05733585357666
16,CATAMARAN2-OBJ-Match,Constraint,Match,her,"After pouring her some hot tea, Britney accidentally burned Natalie by knocking the nearly full pot off the table.","After pouring her some hot tea, the MASKTOKEN accidentally burned Natalie by knocking the nearly full pot off the table.","After pouring her some hot tea, the MASKTOKEN accidentally burned Natalie by knocking the nearly full pot off the table.","After pouring her some hot tea, the",woman,2.740798234939575,5.621088981628418
16,CATAMARAN2-OBJ-Misma,Constraint,Mismatch,him,"After pouring him some hot tea, Britney accidentally burned Peter by knocking the nearly full pot off the table.","After pouring him some hot tea, the MASKTOKEN accidentally burned Peter by knocking the nearly full pot off the table.","After pouring him some hot tea, the MASKTOKEN accidentally burned Peter by knocking the nearly full pot off the table.","After pouring him some hot tea, the",woman,4.1988444328308105,6.276737689971924
17,CATAMARAN2-FIN-Match,No Constraint,Match,her,"After a volunteer left her a voice message, Stephanie also sent Marissa a text containing the same information.","After a volunteer left her a voice message, the MASKTOKEN also sent Marissa a text containing the same information.","After a volunteer left her a voice message, the MASKTOKEN also sent Marissa a text containing the same information.","After a volunteer left her a voice message, the",woman,3.0938384532928467,4.388344764709473
17,CATAMARAN2-FIN-Misma,No Constraint,Mismatch,him,"After a volunteer left him a voice message, Stephanie also sent Marcus a text containing the same information.","After a volunteer left him a voice message, the MASKTOKEN also sent Marcus a text containing the same information.","After a volunteer left him a voice message, the MASKTOKEN also sent Marcus a text containing the same information.","After a volunteer left him a voice message, the",woman,4.444077014923096,4.187190532684326
17,CATAMARAN2-OBJ-Match,Constraint,Match,her,"After leaving her a voice message, Stephanie also sent Marissa a text containing the same information.","After leaving her a voice message, the MASKTOKEN also sent Marissa a text containing the same information.","After leaving her a voice message, the MASKTOKEN also sent Marissa a text containing the same information.","After leaving her a voice message, the",woman,3.2169933319091797,5.920351505279541
17,CATAMARAN2-OBJ-Misma,Constraint,Mismatch,him,"After leaving him a voice message, Stephanie also sent Marcus a text containing the same information.","After leaving him a voice message, the MASKTOKEN also sent Marcus a text containing the same information.","After leaving him a voice message, the MASKTOKEN also sent Marcus a text containing the same information.","After leaving him a voice message, the",woman,5.240095138549805,3.964094877243042
18,CATAMARAN2-FIN-Match,No Constraint,Match,her,"After someone sent her a thank-you note, Jennifer thoughtfully bought Gabriella a nice down comforter as a token of gratitude.","After someone sent her a thank-you note, the MASKTOKEN thoughtfully bought Gabriella a nice down comforter as a token of gratitude.","After someone sent her a thank-you note, the MASKTOKEN thoughtfully bought Gabriella a nice down comforter as a token of gratitude.","After someone sent her a thank-you note, the",woman,2.8046860694885254,3.6623244285583496
18,CATAMARAN2-FIN-Misma,No Constraint,Mismatch,him,"After someone sent him a thank-you note, Jennifer thoughtfully bought Victor a nice down comforter as a token of gratitude.","After someone sent him a thank-you note, the MASKTOKEN thoughtfully bought Victor a nice down comforter as a token of gratitude.","After someone sent him a thank-you note, the MASKTOKEN thoughtfully bought Victor a nice down comforter as a token of gratitude.","After someone sent him a thank-you note, the",woman,5.665542125701904,4.367312431335449
18,CATAMARAN2-OBJ-Match,Constraint,Match,her,"After sending her a thank-you note, Jennifer thoughtfully bought Gabriella a nice down comforter as a token of gratitude.","After sending her a thank-you note, the MASKTOKEN thoughtfully bought Gabriella a nice down comforter as a token of gratitude.","After sending her a thank-you note, the MASKTOKEN thoughtfully bought Gabriella a nice down comforter as a token of gratitude.","After sending her a thank-you note, the",woman,3.2927684783935547,5.435033321380615
18,CATAMARAN2-OBJ-Misma,Constraint,Mismatch,him,"After sending him a thank-you note, Jennifer thoughtfully bought Victor a nice down comforter as a token of gratitude.","After sending him a thank-you note, the MASKTOKEN thoughtfully bought Victor a nice down comforter as a token of gratitude.","After sending him a thank-you note, the MASKTOKEN thoughtfully bought Victor a nice down comforter as a token of gratitude.","After sending him a thank-you note, the",woman,4.158756732940674,5.4288811683654785
19,CATAMARAN2-FIN-Match,No Constraint,Match,her,"Before a chaperon took her kids on the roller coaster, Victoria calmly reassured Andrea that the loop wasn't dangerous at all.","Before a chaperon took her kids on the roller coaster, the MASKTOKEN calmly reassured Andrea that the loop wasn't dangerous at all.","Before a chaperon took her kids on the roller coaster, the MASKTOKEN calmly reassured Andrea that the loop wasn't dangerous at all.","Before a chaperon took her kids on the roller coaster, the",woman,3.441925287246704,2.6037375926971436
19,CATAMARAN2-FIN-Misma,No Constraint,Mismatch,his,"Before a chaperon took his kids on the roller coaster, Victoria calmly reassured Lucas that the loop wasn't dangerous at all.","Before a chaperon took his kids on the roller coaster, the MASKTOKEN calmly reassured Lucas that the loop wasn't dangerous at all.","Before a chaperon took his kids on the roller coaster, the MASKTOKEN calmly reassured Lucas that the loop wasn't dangerous at all.","Before a chaperon took his kids on the roller coaster, the",woman,6.500686168670654,6.45942497253418
19,CATAMARAN2-OBJ-Match,Constraint,Match,her,"Before taking her on the roller coaster, Victoria calmly reassured Andrea that the loop wasn't dangerous at all.","Before taking her on the roller coaster, the MASKTOKEN calmly reassured Andrea that the loop wasn't dangerous at all.","Before taking her on the roller coaster, the MASKTOKEN calmly reassured Andrea that the loop wasn't dangerous at all.","Before taking her on the roller coaster, the",woman,5.858266830444336,5.201320171356201
19,CATAMARAN2-OBJ-Misma,Constraint,Mismatch,him,"Before taking him on the roller coaster, Victoria calmly reassured Lucas that the loop wasn't dangerous at all.","Before taking him on the roller coaster, the MASKTOKEN calmly reassured Lucas that the loop wasn't dangerous at all.","Before taking him on the roller coaster, the MASKTOKEN calmly reassured Lucas that the loop wasn't dangerous at all.","Before taking him on the roller coaster, the",woman,4.492297172546387,4.566673278808594
20,CATAMARAN2-FIN-Match,No Constraint,Match,her,"After anyone took her to a social event, Rebecca always checked with Julia to see whether they actually had a good time.","After anyone took her to a social event, the MASKTOKEN always checked with Julia to see whether they actually had a good time.","After anyone took her to a social event, the MASKTOKEN always checked with Julia to see whether they actually had a good time.","After anyone took her to a social event, the",woman,4.58225154876709,10.240067481994629
20,CATAMARAN2-FIN-Misma,No Constraint,Mismatch,him,"After anyone took him to a social event, Rebecca always checked with Elijah to see whether they actually had a good time.","After anyone took him to a social event, the MASKTOKEN always checked with Elijah to see whether they actually had a good time.","After anyone took him to a social event, the MASKTOKEN always checked with Elijah to see whether they actually had a good time.","After anyone took him to a social event, the",woman,6.1288604736328125,10.734264373779297
20,CATAMARAN2-OBJ-Match,Constraint,Match,her,"After taking her to a social event, Rebecca always checked with Julia to see whether she actually had a good time.","After taking her to a social event, the MASKTOKEN always checked with Julia to see whether she actually had a good time.","After taking her to a social event, the MASKTOKEN always checked with Julia to see whether she actually had a good time.","After taking her to a social event, the",woman,4.806164741516113,11.291045188903809
20,CATAMARAN2-OBJ-Misma,Constraint,Mismatch,him,"After taking him to a social event, Rebecca always checked with Elijah to see whether he actually had a good time.","After taking him to a social event, the MASKTOKEN always checked with Elijah to see whether he actually had a good time.","After taking him to a social event, the MASKTOKEN always checked with Elijah to see whether he actually had a good time.","After taking him to a social event, the",woman,5.502629280090332,9.201043128967285
21,CATAMARAN2-FIN-Match,No Constraint,Match,her,"Before auctioneers showed her any new paintings, Catherine typically consulted Kelly to see which pieces were the best.","Before auctioneers showed her any new paintings, the MASKTOKEN typically consulted Kelly to see which pieces were the best.","Before auctioneers showed her any new paintings, the MASKTOKEN typically consulted Kelly to see which pieces were the best.","Before auctioneers showed her any new paintings, the",woman,8.261698722839355,10.255919456481934
21,CATAMARAN2-FIN-Misma,No Constraint,Mismatch,him,"Before auctioneers showed him any new paintings, Catherine typically consulted Shawn to see which pieces were the best.","Before auctioneers showed him any new paintings, the MASKTOKEN typically consulted Shawn to see which pieces were the best.","Before auctioneers showed him any new paintings, the MASKTOKEN typically consulted Shawn to see which pieces were the best.","Before auctioneers showed him any new paintings, the",woman,10.834373474121094,13.387677192687988
21,CATAMARAN2-OBJ-Match,Constraint,Match,her,"Before showing her any new paintings, Catherine typically consulted Kelly to see which pieces were the best.","Before showing her any new paintings, the MASKTOKEN typically consulted Kelly to see which pieces were the best.","Before showing her any new paintings, the MASKTOKEN typically consulted Kelly to see which pieces were the best.","Before showing her any new paintings, the",woman,7.6677350997924805,12.378807067871094
21,CATAMARAN2-OBJ-Misma,Constraint,Mismatch,him,"Before showing him any new paintings, Catherine typically consulted Shawn to see which pieces were the best.","Before showing him any new paintings, the MASKTOKEN typically consulted Shawn to see which pieces were the best.","Before showing him any new paintings, the MASKTOKEN typically consulted Shawn to see which pieces were the best.","Before showing him any new paintings, the",woman,8.001827239990234,14.652763366699219
22,CATAMARAN2-FIN-Match,No Constraint,Match,her,"After a student nominated her for class president, Nicole publicly humiliated Destiny by sharing a private conversation all over social media.","After a student nominated her for class president, the MASKTOKEN publicly humiliated Destiny by sharing a private conversation all over social media.","After a student nominated her for class president, the MASKTOKEN publicly humiliated Destiny by sharing a private conversation all over social media.","After a student nominated her for class president, the",woman,12.066003799438477,4.10727596282959
22,CATAMARAN2-FIN-Misma,No Constraint,Mismatch,him,"After a student nominated him for class president, Nicole publicly humiliated Jerome by sharing a private conversation all over social media.","After a student nominated him for class president, the MASKTOKEN publicly humiliated Jerome by sharing a private conversation all over social media.","After a student nominated him for class president, the MASKTOKEN publicly humiliated Jerome by sharing a private conversation all over social media.","After a student nominated him for class president, the",woman,12.092416763305664,9.515483856201172
22,CATAMARAN2-OBJ-Match,Constraint,Match,her,"After nominating her for class president, Nicole publicly humiliated Destiny by sharing a private conversation all over social media.","After nominating her for class president, the MASKTOKEN publicly humiliated Destiny by sharing a private conversation all over social media.","After nominating her for class president, the MASKTOKEN publicly humiliated Destiny by sharing a private conversation all over social media.","After nominating her for class president, the",woman,13.026636123657227,10.30439567565918
22,CATAMARAN2-OBJ-Misma,Constraint,Mismatch,him,"After nominating him for class president, Nicole publicly humiliated Jerome by sharing a private conversation all over social media.","After nominating him for class president, the MASKTOKEN publicly humiliated Jerome by sharing a private conversation all over social media.","After nominating him for class president, the MASKTOKEN publicly humiliated Jerome by sharing a private conversation all over social media.","After nominating him for class president, the",woman,11.83463191986084,9.089864730834961
23,CATAMARAN2-FIN-Match,No Constraint,Match,her,"After everyone watched her on the Voice, Kimberly immediately called up Selena to discuss some of the highlights of the performance.","After everyone watched her on the Voice, the MASKTOKEN immediately called up Selena to discuss some of the highlights of the performance.","After everyone watched her on the Voice, the MASKTOKEN immediately called up Selena to discuss some of the highlights of the performance.","After everyone watched her on the Voice, the",woman,7.516507148742676,15.730040550231934
23,CATAMARAN2-FIN-Misma,No Constraint,Mismatch,him,"After everyone watched him on the Voice, Kimberly immediately called up Francisco to discuss some of the highlights of the performance.","After everyone watched him on the Voice, the MASKTOKEN immediately called up Francisco to discuss some of the highlights of the performance.","After everyone watched him on the Voice, the MASKTOKEN immediately called up Francisco to discuss some of the highlights of the performance.","After everyone watched him on the Voice, the",woman,9.653080940246582,15.250252723693848
23,CATAMARAN2-OBJ-Match,Constraint,Match,her,"After watching her on the Voice, Kimberly immediately called up Selena to discuss some of the highlights of the performance.","After watching her on the Voice, the MASKTOKEN immediately called up Selena to discuss some of the highlights of the performance.","After watching her on the Voice, the MASKTOKEN immediately called up Selena to discuss some of the highlights of the performance.","After watching her on the Voice, the",woman,7.52655553817749,14.311397552490234
23,CATAMARAN2-OBJ-Misma,Constraint,Mismatch,him,"After watching him on the Voice, Kimberly immediately called up Francisco to discuss some of the highlights of the performance.","After watching him on the Voice, the MASKTOKEN immediately called up Francisco to discuss some of the highlights of the performance.","After watching him on the Voice, the MASKTOKEN immediately called up Francisco to discuss some of the highlights of the performance.","After watching him on the Voice, the",woman,9.987525939941406,12.817940711975098
24,CATAMARAN2-FIN-Match,No Constraint,Match,her,"Before a secretary sent her the secret contract, Rachel repeatedly made Crystal promise not to disclose the terms to anyone.","Before a secretary sent her the secret contract, the MASKTOKEN repeatedly made Crystal promise not to disclose the terms to anyone.","Before a secretary sent her the secret contract, the MASKTOKEN repeatedly made Crystal promise not to disclose the terms to anyone.","Before a secretary sent her the secret contract, the",woman,7.541538238525391,5.47282075881958
24,CATAMARAN2-FIN-Misma,No Constraint,Mismatch,him,"Before a secretary sent him the secret contract, Rachel repeatedly made Raymond promise not to disclose the terms to anyone.","Before a secretary sent him the secret contract, the MASKTOKEN repeatedly made Raymond promise not to disclose the terms to anyone.","Before a secretary sent him the secret contract, the MASKTOKEN repeatedly made Raymond promise not to disclose the terms to anyone.","Before a secretary sent him the secret contract, the",woman,10.598052978515625,7.830657482147217
24,CATAMARAN2-OBJ-Match,Constraint,Match,her,"Before sending her the secret contract, Rachel repeatedly made Crystal promise not to disclose the terms to anyone.","Before sending her the secret contract, the MASKTOKEN repeatedly made Crystal promise not to disclose the terms to anyone.","Before sending her the secret contract, the MASKTOKEN repeatedly made Crystal promise not to disclose the terms to anyone.","Before sending her the secret contract, the",woman,8.200628280639648,8.152092933654785
24,CATAMARAN2-OBJ-Misma,Constraint,Mismatch,him,"Before sending him the secret contract, Rachel repeatedly made Raymond promise not to disclose the terms to anyone.","Before sending him the secret contract, the MASKTOKEN repeatedly made Raymond promise not to disclose the terms to anyone.","Before sending him the secret contract, the MASKTOKEN repeatedly made Raymond promise not to disclose the terms to anyone.","Before sending him the secret contract, the",woman,10.680636405944824,10.18050479888916
