item,exp,contrast,top,middle,bottom,N1,N2,N3,N1_gender,N2_gender,N3_gender,mask_sents,auto_sents,target,sent,/data/bert-base-uncased_surp,/data/roberta-base_surp
1,1,Match_Match_Match,Match,Match,Match,boy,dad,actor,m,m,m,the boy told the dad that the actor would probably blame MASKTOKEN for the recent injury.,the boy told the dad that the actor would probably blame,him,the boy told the dad that the actor would probably blame MASKTOKEN for the recent injury.,0.23686295747756958,1.1612728834152222
1,1,Match_Match_Mismatch,Match,Match,Mismatch,boy,dad,actress,m,m,m,the boy told the dad that the actress would probably blame MASKTOKEN for the recent injury.,the boy told the dad that the actress would probably blame,him,the boy told the dad that the actress would probably blame MASKTOKEN for the recent injury.,0.08965639770030975,0.3823877274990082
1,1,Match_Mismatch_Match,Match,Mismatch,Match,boy,mom,actor,m,f,f,the boy told the mom that the actor would probably blame MASKTOKEN for the recent injury.,the boy told the mom that the actor would probably blame,him,the boy told the mom that the actor would probably blame MASKTOKEN for the recent injury.,0.6943358778953552,2.447089195251465
1,1,Match_Mismatch_Mismatch,Match,Mismatch,Mismatch,boy,mom,actress,m,f,f,the boy told the mom that the actress would probably blame MASKTOKEN for the recent injury.,the boy told the mom that the actress would probably blame,him,the boy told the mom that the actress would probably blame MASKTOKEN for the recent injury.,0.20018965005874634,0.6891710162162781
1,1,Mismatch_Match_Match,Mismatch,Match,Match,girl,dad,actor,f,m,m,the girl told the dad that the actor would probably blame MASKTOKEN for the recent injury.,the girl told the dad that the actor would probably blame,him,the girl told the dad that the actor would probably blame MASKTOKEN for the recent injury.,3.015048027038574,3.6889312267303467
1,1,Mismatch_Match_Mismatch,Mismatch,Match,Mismatch,girl,dad,actress,f,m,m,the girl told the dad that the actress would probably blame MASKTOKEN for the recent injury.,the girl told the dad that the actress would probably blame,him,the girl told the dad that the actress would probably blame MASKTOKEN for the recent injury.,1.5449234247207642,1.0256608724594116
1,1,Mismatch_Mismatch_Match,Mismatch,Mismatch,Match,girl,mom,actor,f,f,f,the girl told the mom that the actor would probably blame MASKTOKEN for the recent injury.,the girl told the mom that the actor would probably blame,him,the girl told the mom that the actor would probably blame MASKTOKEN for the recent injury.,5.758159637451172,5.626157283782959
1,1,Mismatch_Mismatch_Mismatch,Mismatch,Mismatch,Mismatch,girl,mom,actress,f,f,f,the girl told the mom that the actress would probably blame MASKTOKEN for the recent injury.,the girl told the mom that the actress would probably blame,him,the girl told the mom that the actress would probably blame MASKTOKEN for the recent injury.,5.761728763580322,3.48831844329834
2,1,Match_Match_Match,Match,Match,Match,man,wizard,nephew,m,m,m,the man told the wizard that the nephew would protect MASKTOKEN if it became necessary.,the man told the wizard that the nephew would protect,him,the man told the wizard that the nephew would protect MASKTOKEN if it became necessary.,0.29092979431152344,0.2537498474121094
2,1,Match_Match_Mismatch,Match,Match,Mismatch,man,wizard,niece,m,m,m,the man told the wizard that the niece would protect MASKTOKEN if it became necessary.,the man told the wizard that the niece would protect,him,the man told the wizard that the niece would protect MASKTOKEN if it became necessary.,0.5397846698760986,0.3145323693752289
2,1,Match_Mismatch_Match,Match,Mismatch,Match,man,witch,nephew,m,f,f,the man told the witch that the nephew would protect MASKTOKEN if it became necessary.,the man told the witch that the nephew would protect,him,the man told the witch that the nephew would protect MASKTOKEN if it became necessary.,1.5436372756958008,1.8261196613311768
2,1,Match_Mismatch_Mismatch,Match,Mismatch,Mismatch,man,witch,niece,m,f,f,the man told the witch that the niece would protect MASKTOKEN if it became necessary.,the man told the witch that the niece would protect,him,the man told the witch that the niece would protect MASKTOKEN if it became necessary.,1.3765369653701782,0.7687097191810608
2,1,Mismatch_Match_Match,Mismatch,Match,Match,woman,wizard,nephew,f,m,m,the woman told the wizard that the nephew would protect MASKTOKEN if it became necessary.,the woman told the wizard that the nephew would protect,him,the woman told the wizard that the nephew would protect MASKTOKEN if it became necessary.,1.3461592197418213,3.576105833053589
2,1,Mismatch_Match_Mismatch,Mismatch,Match,Mismatch,woman,wizard,niece,f,m,m,the woman told the wizard that the niece would protect MASKTOKEN if it became necessary.,the woman told the wizard that the niece would protect,him,the woman told the wizard that the niece would protect MASKTOKEN if it became necessary.,1.2630678415298462,1.4693516492843628
2,1,Mismatch_Mismatch_Match,Mismatch,Mismatch,Match,woman,witch,nephew,f,f,f,the woman told the witch that the nephew would protect MASKTOKEN if it became necessary.,the woman told the witch that the nephew would protect,him,the woman told the witch that the nephew would protect MASKTOKEN if it became necessary.,2.9750125408172607,5.051684856414795
2,1,Mismatch_Mismatch_Mismatch,Mismatch,Mismatch,Mismatch,woman,witch,niece,f,f,f,the woman told the witch that the niece would protect MASKTOKEN if it became necessary.,the woman told the witch that the niece would protect,him,the woman told the witch that the niece would protect MASKTOKEN if it became necessary.,6.888302803039551,4.257218360900879
3,1,Match_Match_Match,Match,Match,Match,doctor,lord,uncle,m,m,m,the doctor told the lord that the uncle would teach MASKTOKEN how to drive this weekend.,the doctor told the lord that the uncle would teach,him,the doctor told the lord that the uncle would teach MASKTOKEN how to drive this weekend.,0.42252498865127563,0.397945761680603
3,1,Match_Match_Mismatch,Match,Match,Mismatch,doctor,lord,aunt,m,m,m,the doctor told the lord that the aunt would teach MASKTOKEN how to drive this weekend.,the doctor told the lord that the aunt would teach,him,the doctor told the lord that the aunt would teach MASKTOKEN how to drive this weekend.,0.4684371054172516,0.5942795872688293
3,1,Match_Mismatch_Match,Match,Mismatch,Match,doctor,lady,uncle,m,f,f,the doctor told the lady that the uncle would teach MASKTOKEN how to drive this weekend.,the doctor told the lady that the uncle would teach,him,the doctor told the lady that the uncle would teach MASKTOKEN how to drive this weekend.,4.860410690307617,3.6980514526367188
3,1,Match_Mismatch_Mismatch,Match,Mismatch,Mismatch,doctor,lady,aunt,m,f,f,the doctor told the lady that the aunt would teach MASKTOKEN how to drive this weekend.,the doctor told the lady that the aunt would teach,him,the doctor told the lady that the aunt would teach MASKTOKEN how to drive this weekend.,4.021973609924316,3.032970666885376
3,1,Mismatch_Match_Match,Mismatch,Match,Match,nurse,lord,uncle,f,m,m,the nurse told the lord that the uncle would teach MASKTOKEN how to drive this weekend.,the nurse told the lord that the uncle would teach,him,the nurse told the lord that the uncle would teach MASKTOKEN how to drive this weekend.,3.245290994644165,1.3245030641555786
3,1,Mismatch_Match_Mismatch,Mismatch,Match,Mismatch,nurse,lord,aunt,f,m,m,the nurse told the lord that the aunt would teach MASKTOKEN how to drive this weekend.,the nurse told the lord that the aunt would teach,him,the nurse told the lord that the aunt would teach MASKTOKEN how to drive this weekend.,1.564323902130127,0.6216979622840881
3,1,Mismatch_Mismatch_Match,Mismatch,Mismatch,Match,nurse,lady,uncle,f,f,f,the nurse told the lady that the uncle would teach MASKTOKEN how to drive this weekend.,the nurse told the lady that the uncle would teach,him,the nurse told the lady that the uncle would teach MASKTOKEN how to drive this weekend.,6.25227165222168,4.708004951477051
3,1,Mismatch_Mismatch_Mismatch,Mismatch,Mismatch,Mismatch,nurse,lady,aunt,f,f,f,the nurse told the lady that the aunt would teach MASKTOKEN how to drive this weekend.,the nurse told the lady that the aunt would teach,him,the nurse told the lady that the aunt would teach MASKTOKEN how to drive this weekend.,6.363397121429443,4.5335693359375
4,1,Match_Match_Match,Match,Match,Match,actor,god,father,m,m,m,the actor told the god that the father would buy MASKTOKEN the tickets to the performance.,the actor told the god that the father would buy,him,the actor told the god that the father would buy MASKTOKEN the tickets to the performance.,0.8840615749359131,1.6169840097427368
4,1,Match_Match_Mismatch,Match,Match,Mismatch,actor,god,mother,m,m,m,the actor told the god that the mother would buy MASKTOKEN the tickets to the performance.,the actor told the god that the mother would buy,him,the actor told the god that the mother would buy MASKTOKEN the tickets to the performance.,0.6893932819366455,1.0192341804504395
4,1,Match_Mismatch_Match,Match,Mismatch,Match,actor,goddess,father,m,f,f,the actor told the goddess that the father would buy MASKTOKEN the tickets to the performance.,the actor told the goddess that the father would buy,him,the actor told the goddess that the father would buy MASKTOKEN the tickets to the performance.,1.592134714126587,3.764422655105591
4,1,Match_Mismatch_Mismatch,Match,Mismatch,Mismatch,actor,goddess,mother,m,f,f,the actor told the goddess that the mother would buy MASKTOKEN the tickets to the performance.,the actor told the goddess that the mother would buy,him,the actor told the goddess that the mother would buy MASKTOKEN the tickets to the performance.,1.0561518669128418,1.4080888032913208
4,1,Mismatch_Match_Match,Mismatch,Match,Match,actress,god,father,f,m,m,the actress told the god that the father would buy MASKTOKEN the tickets to the performance.,the actress told the god that the father would buy,him,the actress told the god that the father would buy MASKTOKEN the tickets to the performance.,6.044069290161133,3.8241539001464844
4,1,Mismatch_Match_Mismatch,Mismatch,Match,Mismatch,actress,god,mother,f,m,m,the actress told the god that the mother would buy MASKTOKEN the tickets to the performance.,the actress told the god that the mother would buy,him,the actress told the god that the mother would buy MASKTOKEN the tickets to the performance.,4.598771095275879,2.516725540161133
4,1,Mismatch_Mismatch_Match,Mismatch,Mismatch,Match,actress,goddess,father,f,f,f,the actress told the goddess that the father would buy MASKTOKEN the tickets to the performance.,the actress told the goddess that the father would buy,him,the actress told the goddess that the father would buy MASKTOKEN the tickets to the performance.,6.9353814125061035,7.957571029663086
4,1,Mismatch_Mismatch_Mismatch,Mismatch,Mismatch,Mismatch,actress,goddess,mother,f,f,f,the actress told the goddess that the mother would buy MASKTOKEN the tickets to the performance.,the actress told the goddess that the mother would buy,him,the actress told the goddess that the mother would buy MASKTOKEN the tickets to the performance.,6.683452129364014,5.999394416809082
5,1,Match_Match_Match,Match,Match,Match,prince,hero,groom,m,m,m,the prince told the hero that the groom might introduce MASKTOKEN to the French count.,the prince told the hero that the groom might introduce,him,the prince told the hero that the groom might introduce MASKTOKEN to the French count.,0.6452103853225708,0.44270992279052734
5,1,Match_Match_Mismatch,Match,Match,Mismatch,prince,hero,bride,m,m,m,the prince told the hero that the bride might introduce MASKTOKEN to the French count.,the prince told the hero that the bride might introduce,him,the prince told the hero that the bride might introduce MASKTOKEN to the French count.,0.699127197265625,0.13074006140232086
5,1,Match_Mismatch_Match,Match,Mismatch,Match,prince,heroine,groom,m,f,f,the prince told the heroine that the groom might introduce MASKTOKEN to the French count.,the prince told the heroine that the groom might introduce,him,the prince told the heroine that the groom might introduce MASKTOKEN to the French count.,3.772308588027954,5.095500469207764
5,1,Match_Mismatch_Mismatch,Match,Mismatch,Mismatch,prince,heroine,bride,m,f,f,the prince told the heroine that the bride might introduce MASKTOKEN to the French count.,the prince told the heroine that the bride might introduce,him,the prince told the heroine that the bride might introduce MASKTOKEN to the French count.,2.5472729206085205,0.29221054911613464
5,1,Mismatch_Match_Match,Mismatch,Match,Match,princess,hero,groom,f,m,m,the princess told the hero that the groom might introduce MASKTOKEN to the French count.,the princess told the hero that the groom might introduce,him,the princess told the hero that the groom might introduce MASKTOKEN to the French count.,2.6541171073913574,3.2009732723236084
5,1,Mismatch_Match_Mismatch,Mismatch,Match,Mismatch,princess,hero,bride,f,m,m,the princess told the hero that the bride might introduce MASKTOKEN to the French count.,the princess told the hero that the bride might introduce,him,the princess told the hero that the bride might introduce MASKTOKEN to the French count.,1.6121575832366943,0.19161230325698853
5,1,Mismatch_Mismatch_Match,Mismatch,Mismatch,Match,princess,heroine,groom,f,f,f,the princess told the heroine that the groom might introduce MASKTOKEN to the French count.,the princess told the heroine that the groom might introduce,him,the princess told the heroine that the groom might introduce MASKTOKEN to the French count.,5.340442657470703,7.13205623626709
5,1,Mismatch_Mismatch_Mismatch,Mismatch,Mismatch,Mismatch,princess,heroine,bride,f,f,f,the princess told the heroine that the bride might introduce MASKTOKEN to the French count.,the princess told the heroine that the bride might introduce,him,the princess told the heroine that the bride might introduce MASKTOKEN to the French count.,4.7571702003479,1.929185390472412
6,1,Match_Match_Match,Match,Match,Match,lord,master,priest,m,m,m,the lord told the master that the priest might introduce MASKTOKEN to the beautiful movie star.,the lord told the master that the priest might introduce,him,the lord told the master that the priest might introduce MASKTOKEN to the beautiful movie star.,0.08062579482793808,0.38891318440437317
6,1,Match_Match_Mismatch,Match,Match,Mismatch,lord,master,nun,m,m,m,the lord told the master that the nun might introduce MASKTOKEN to the beautiful movie star.,the lord told the master that the nun might introduce,him,the lord told the master that the nun might introduce MASKTOKEN to the beautiful movie star.,0.10407096892595291,0.23184548318386078
6,1,Match_Mismatch_Match,Match,Mismatch,Match,lord,mistress,priest,m,f,f,the lord told the mistress that the priest might introduce MASKTOKEN to the beautiful movie star.,the lord told the mistress that the priest might introduce,him,the lord told the mistress that the priest might introduce MASKTOKEN to the beautiful movie star.,3.9404609203338623,4.225557327270508
6,1,Match_Mismatch_Mismatch,Match,Mismatch,Mismatch,lord,mistress,nun,m,f,f,the lord told the mistress that the nun might introduce MASKTOKEN to the beautiful movie star.,the lord told the mistress that the nun might introduce,him,the lord told the mistress that the nun might introduce MASKTOKEN to the beautiful movie star.,2.3231217861175537,2.0822086334228516
6,1,Mismatch_Match_Match,Mismatch,Match,Match,lady,master,priest,f,m,m,the lady told the master that the priest might introduce MASKTOKEN to the beautiful movie star.,the lady told the master that the priest might introduce,him,the lady told the master that the priest might introduce MASKTOKEN to the beautiful movie star.,2.4864723682403564,1.8506437540054321
6,1,Mismatch_Match_Mismatch,Mismatch,Match,Mismatch,lady,master,nun,f,m,m,the lady told the master that the nun might introduce MASKTOKEN to the beautiful movie star.,the lady told the master that the nun might introduce,him,the lady told the master that the nun might introduce MASKTOKEN to the beautiful movie star.,1.01050865650177,0.5730020999908447
6,1,Mismatch_Mismatch_Match,Mismatch,Mismatch,Match,lady,mistress,priest,f,f,f,the lady told the mistress that the priest might introduce MASKTOKEN to the beautiful movie star.,the lady told the mistress that the priest might introduce,him,the lady told the mistress that the priest might introduce MASKTOKEN to the beautiful movie star.,7.914496421813965,3.9699854850769043
6,1,Mismatch_Mismatch_Mismatch,Mismatch,Mismatch,Mismatch,lady,mistress,nun,f,f,f,the lady told the mistress that the nun might introduce MASKTOKEN to the beautiful movie star.,the lady told the mistress that the nun might introduce,him,the lady told the mistress that the nun might introduce MASKTOKEN to the beautiful movie star.,7.719039440155029,3.5092647075653076
7,1,Match_Match_Match,Match,Match,Match,king,policeman,driver,m,m,m,the king told the policeman that the driver would not forgive MASKTOKEN for last week's disaster.,the king told the policeman that the driver would not forgive,him,the king told the policeman that the driver would not forgive MASKTOKEN for last week's disaster.,0.5154317617416382,0.2747378647327423
7,1,Match_Match_Mismatch,Match,Match,Mismatch,king,policeman,maid,m,m,m,the king told the policeman that the maid would not forgive MASKTOKEN for last week's disaster.,the king told the policeman that the maid would not forgive,him,the king told the policeman that the maid would not forgive MASKTOKEN for last week's disaster.,0.4332764744758606,0.16518211364746094
7,1,Match_Mismatch_Match,Match,Mismatch,Match,king,police woman,driver,m,f,f,the king told the police woman that the driver would not forgive MASKTOKEN for last week's disaster.,the king told the police woman that the driver would not forgive,him,the king told the police woman that the driver would not forgive MASKTOKEN for last week's disaster.,1.9575698375701904,0.7012832760810852
7,1,Match_Mismatch_Mismatch,Match,Mismatch,Mismatch,king,police woman,maid,m,f,f,the king told the police woman that the maid would not forgive MASKTOKEN for last week's disaster.,the king told the police woman that the maid would not forgive,him,the king told the police woman that the maid would not forgive MASKTOKEN for last week's disaster.,1.2422711849212646,0.24662116169929504
7,1,Mismatch_Match_Match,Mismatch,Match,Match,queen,policeman,driver,f,m,m,the queen told the policeman that the driver would not forgive MASKTOKEN for last week's disaster.,the queen told the policeman that the driver would not forgive,him,the queen told the policeman that the driver would not forgive MASKTOKEN for last week's disaster.,1.6041980981826782,1.3984025716781616
7,1,Mismatch_Match_Mismatch,Mismatch,Match,Mismatch,queen,policeman,maid,f,m,m,the queen told the policeman that the maid would not forgive MASKTOKEN for last week's disaster.,the queen told the policeman that the maid would not forgive,him,the queen told the policeman that the maid would not forgive MASKTOKEN for last week's disaster.,1.5902777910232544,0.8133293390274048
7,1,Mismatch_Mismatch_Match,Mismatch,Mismatch,Match,queen,police woman,driver,f,f,f,the queen told the police woman that the driver would not forgive MASKTOKEN for last week's disaster.,the queen told the police woman that the driver would not forgive,him,the queen told the police woman that the driver would not forgive MASKTOKEN for last week's disaster.,3.425062656402588,2.115278482437134
7,1,Mismatch_Mismatch_Mismatch,Mismatch,Mismatch,Mismatch,queen,police woman,maid,f,f,f,the queen told the police woman that the maid would not forgive MASKTOKEN for last week's disaster.,the queen told the police woman that the maid would not forgive,him,the queen told the police woman that the maid would not forgive MASKTOKEN for last week's disaster.,4.271411418914795,1.8919092416763306
8,1,Match_Match_Match,Match,Match,Match,waiter,priest,professor,m,m,m,the waiter told the priest that the professor would take care of MASKTOKEN during the holidays.,the waiter told the priest that the professor would take care of,him,the waiter told the priest that the professor would take care of MASKTOKEN during the holidays.,1.221399188041687,1.1764017343521118
8,1,Match_Match_Mismatch,Match,Match,Mismatch,waiter,priest,secretary,m,m,m,the waiter told the priest that the secretary would take care of MASKTOKEN during the holidays.,the waiter told the priest that the secretary would take care of,him,the waiter told the priest that the secretary would take care of MASKTOKEN during the holidays.,0.7033431529998779,0.8832055330276489
8,1,Match_Mismatch_Match,Match,Mismatch,Match,waiter,nun,professor,m,f,f,the waiter told the nun that the professor would take care of MASKTOKEN during the holidays.,the waiter told the nun that the professor would take care of,him,the waiter told the nun that the professor would take care of MASKTOKEN during the holidays.,3.1121530532836914,6.140720367431641
8,1,Match_Mismatch_Mismatch,Match,Mismatch,Mismatch,waiter,nun,secretary,m,f,f,the waiter told the nun that the secretary would take care of MASKTOKEN during the holidays.,the waiter told the nun that the secretary would take care of,him,the waiter told the nun that the secretary would take care of MASKTOKEN during the holidays.,2.2711093425750732,4.510393142700195
8,1,Mismatch_Match_Match,Mismatch,Match,Match,waitress,priest,professor,f,m,m,the waitress told the priest that the professor would take care of MASKTOKEN during the holidays.,the waitress told the priest that the professor would take care of,him,the waitress told the priest that the professor would take care of MASKTOKEN during the holidays.,2.890996217727661,1.576132893562317
8,1,Mismatch_Match_Mismatch,Mismatch,Match,Mismatch,waitress,priest,secretary,f,m,m,the waitress told the priest that the secretary would take care of MASKTOKEN during the holidays.,the waitress told the priest that the secretary would take care of,him,the waitress told the priest that the secretary would take care of MASKTOKEN during the holidays.,2.407487392425537,0.9420620203018188
8,1,Mismatch_Mismatch_Match,Mismatch,Mismatch,Match,waitress,nun,professor,f,f,f,the waitress told the nun that the professor would take care of MASKTOKEN during the holidays.,the waitress told the nun that the professor would take care of,him,the waitress told the nun that the professor would take care of MASKTOKEN during the holidays.,5.009130477905273,6.954098224639893
8,1,Mismatch_Mismatch_Mismatch,Mismatch,Mismatch,Mismatch,waitress,nun,secretary,f,f,f,the waitress told the nun that the secretary would take care of MASKTOKEN during the holidays.,the waitress told the nun that the secretary would take care of,him,the waitress told the nun that the secretary would take care of MASKTOKEN during the holidays.,5.462350845336914,5.362648963928223
9,1,Match_Match_Match,Match,Match,Match,actor,hunter,brother,m,m,m,the actor told the hunter that the brother would protect MASKTOKEN from getting hurt.,the actor told the hunter that the brother would protect,him,the actor told the hunter that the brother would protect MASKTOKEN from getting hurt.,1.1506248712539673,0.5829854011535645
9,1,Match_Match_Mismatch,Match,Match,Mismatch,actor,hunter,sister,m,m,m,the actor told the hunter that the sister would protect MASKTOKEN from getting hurt.,the actor told the hunter that the sister would protect,him,the actor told the hunter that the sister would protect MASKTOKEN from getting hurt.,0.43253132700920105,0.6259375810623169
9,1,Match_Mismatch_Match,Match,Mismatch,Match,actor,female hunter,brother,m,f,f,the actor told the female hunter that the brother would protect MASKTOKEN from getting hurt.,the actor told the female hunter that the brother would protect,him,the actor told the female hunter that the brother would protect MASKTOKEN from getting hurt.,3.4613797664642334,4.546078681945801
9,1,Match_Mismatch_Mismatch,Match,Mismatch,Mismatch,actor,female hunter,sister,m,f,f,the actor told the female hunter that the sister would protect MASKTOKEN from getting hurt.,the actor told the female hunter that the sister would protect,him,the actor told the female hunter that the sister would protect MASKTOKEN from getting hurt.,1.1249629259109497,2.057041883468628
9,1,Mismatch_Match_Match,Mismatch,Match,Match,actress,hunter,brother,f,m,m,the actress told the hunter that the brother would protect MASKTOKEN from getting hurt.,the actress told the hunter that the brother would protect,him,the actress told the hunter that the brother would protect MASKTOKEN from getting hurt.,3.897372007369995,2.754201650619507
9,1,Mismatch_Match_Mismatch,Mismatch,Match,Mismatch,actress,hunter,sister,f,m,m,the actress told the hunter that the sister would protect MASKTOKEN from getting hurt.,the actress told the hunter that the sister would protect,him,the actress told the hunter that the sister would protect MASKTOKEN from getting hurt.,1.5024410486221313,1.339644432067871
9,1,Mismatch_Mismatch_Match,Mismatch,Mismatch,Match,actress,female hunter,brother,f,f,f,the actress told the female hunter that the brother would protect MASKTOKEN from getting hurt.,the actress told the female hunter that the brother would protect,him,the actress told the female hunter that the brother would protect MASKTOKEN from getting hurt.,5.092586994171143,4.936898708343506
9,1,Mismatch_Mismatch_Mismatch,Mismatch,Mismatch,Mismatch,actress,female hunter,sister,f,f,f,the actress told the female hunter that the sister would protect MASKTOKEN from getting hurt.,the actress told the female hunter that the sister would protect,him,the actress told the female hunter that the sister would protect MASKTOKEN from getting hurt.,3.0406229496002197,2.80973219871521
10,1,Match_Match_Match,Match,Match,Match,nephew,emperor,son,m,m,m,the nephew told the emperor that the son would entertain MASKTOKEN after dinner tonight.,the nephew told the emperor that the son would entertain,him,the nephew told the emperor that the son would entertain MASKTOKEN after dinner tonight.,0.197781503200531,0.2088719606399536
10,1,Match_Match_Mismatch,Match,Match,Mismatch,nephew,emperor,daughter,m,m,m,the nephew told the emperor that the daughter would entertain MASKTOKEN after dinner tonight.,the nephew told the emperor that the daughter would entertain,him,the nephew told the emperor that the daughter would entertain MASKTOKEN after dinner tonight.,0.10540677607059479,0.16388103365898132
10,1,Match_Mismatch_Match,Match,Mismatch,Match,nephew,queen,son,m,f,f,the nephew told the queen that the son would entertain MASKTOKEN after dinner tonight.,the nephew told the queen that the son would entertain,him,the nephew told the queen that the son would entertain MASKTOKEN after dinner tonight.,3.0698721408843994,4.048027515411377
10,1,Match_Mismatch_Mismatch,Match,Mismatch,Mismatch,nephew,queen,daughter,m,f,f,the nephew told the queen that the daughter would entertain MASKTOKEN after dinner tonight.,the nephew told the queen that the daughter would entertain,him,the nephew told the queen that the daughter would entertain MASKTOKEN after dinner tonight.,1.7286254167556763,1.405189037322998
10,1,Mismatch_Match_Match,Mismatch,Match,Match,niece,emperor,son,f,m,m,the niece told the emperor that the son would entertain MASKTOKEN after dinner tonight.,the niece told the emperor that the son would entertain,him,the niece told the emperor that the son would entertain MASKTOKEN after dinner tonight.,1.669839859008789,1.3130254745483398
10,1,Mismatch_Match_Mismatch,Mismatch,Match,Mismatch,niece,emperor,daughter,f,m,m,the niece told the emperor that the daughter would entertain MASKTOKEN after dinner tonight.,the niece told the emperor that the daughter would entertain,him,the niece told the emperor that the daughter would entertain MASKTOKEN after dinner tonight.,0.23808543384075165,0.25979167222976685
10,1,Mismatch_Mismatch_Match,Mismatch,Mismatch,Match,niece,queen,son,f,f,f,the niece told the queen that the son would entertain MASKTOKEN after dinner tonight.,the niece told the queen that the son would entertain,him,the niece told the queen that the son would entertain MASKTOKEN after dinner tonight.,4.925838470458984,5.86710262298584
10,1,Mismatch_Mismatch_Mismatch,Mismatch,Mismatch,Mismatch,niece,queen,daughter,f,f,f,the niece told the queen that the daughter would entertain MASKTOKEN after dinner tonight.,the niece told the queen that the daughter would entertain,him,the niece told the queen that the daughter would entertain MASKTOKEN after dinner tonight.,4.99700927734375,3.2530181407928467
11,1,Match_Match_Match,Match,Match,Match,uncle,lord,husband,m,m,m,the uncle told the lord that the husband would remind MASKTOKEN of the job that needed to be done.,the uncle told the lord that the husband would remind,him,the uncle told the lord that the husband would remind MASKTOKEN of the job that needed to be done.,0.8503973484039307,0.44115307927131653
11,1,Match_Match_Mismatch,Match,Match,Mismatch,uncle,lord,wife,m,m,m,the uncle told the lord that the wife would remind MASKTOKEN of the job that needed to be done.,the uncle told the lord that the wife would remind,him,the uncle told the lord that the wife would remind MASKTOKEN of the job that needed to be done.,0.041552044451236725,0.09202396869659424
11,1,Match_Mismatch_Match,Match,Mismatch,Match,uncle,lady,husband,m,f,f,the uncle told the lady that the husband would remind MASKTOKEN of the job that needed to be done.,the uncle told the lady that the husband would remind,him,the uncle told the lady that the husband would remind MASKTOKEN of the job that needed to be done.,5.984386444091797,5.468757152557373
11,1,Match_Mismatch_Mismatch,Match,Mismatch,Mismatch,uncle,lady,wife,m,f,f,the uncle told the lady that the wife would remind MASKTOKEN of the job that needed to be done.,the uncle told the lady that the wife would remind,him,the uncle told the lady that the wife would remind MASKTOKEN of the job that needed to be done.,0.5770533680915833,0.22760038077831268
11,1,Mismatch_Match_Match,Mismatch,Match,Match,aunt,lord,husband,f,m,m,the aunt told the lord that the husband would remind MASKTOKEN of the job that needed to be done.,the aunt told the lord that the husband would remind,him,the aunt told the lord that the husband would remind MASKTOKEN of the job that needed to be done.,2.513309955596924,3.7685182094573975
11,1,Mismatch_Match_Mismatch,Mismatch,Match,Mismatch,aunt,lord,wife,f,m,m,the aunt told the lord that the wife would remind MASKTOKEN of the job that needed to be done.,the aunt told the lord that the wife would remind,him,the aunt told the lord that the wife would remind MASKTOKEN of the job that needed to be done.,0.2423805445432663,0.12732718884944916
11,1,Mismatch_Mismatch_Match,Mismatch,Mismatch,Match,aunt,lady,husband,f,f,f,the aunt told the lady that the husband would remind MASKTOKEN of the job that needed to be done.,the aunt told the lady that the husband would remind,him,the aunt told the lady that the husband would remind MASKTOKEN of the job that needed to be done.,9.351046562194824,6.3186163902282715
11,1,Mismatch_Mismatch_Mismatch,Mismatch,Mismatch,Mismatch,aunt,lady,wife,f,f,f,the aunt told the lady that the wife would remind MASKTOKEN of the job that needed to be done.,the aunt told the lady that the wife would remind,him,the aunt told the lady that the wife would remind MASKTOKEN of the job that needed to be done.,7.669686794281006,0.7236561179161072
12,1,Match_Match_Match,Match,Match,Match,father,bachelor,businessman,m,m,m,the father warned the bachelor that the businessman would blame MASKTOKEN for the high cost of tests.,the father warned the bachelor that the businessman would blame,him,the father warned the bachelor that the businessman would blame MASKTOKEN for the high cost of tests.,0.8327552080154419,0.8542223572731018
12,1,Match_Match_Mismatch,Match,Match,Mismatch,father,bachelor,business woman,m,m,m,the father warned the bachelor that the business woman would blame MASKTOKEN for the high cost of tests.,the father warned the bachelor that the business woman would blame,him,the father warned the bachelor that the business woman would blame MASKTOKEN for the high cost of tests.,0.42225679755210876,0.2789398431777954
12,1,Match_Mismatch_Match,Match,Mismatch,Match,father,widow,businessman,m,f,f,the father warned the widow that the businessman would blame MASKTOKEN for the high cost of tests.,the father warned the widow that the businessman would blame,him,the father warned the widow that the businessman would blame MASKTOKEN for the high cost of tests.,1.777166485786438,4.700565814971924
12,1,Match_Mismatch_Mismatch,Match,Mismatch,Mismatch,father,widow,business woman,m,f,f,the father warned the widow that the business woman would blame MASKTOKEN for the high cost of tests.,the father warned the widow that the business woman would blame,him,the father warned the widow that the business woman would blame MASKTOKEN for the high cost of tests.,0.9802510738372803,0.571826696395874
12,1,Mismatch_Match_Match,Mismatch,Match,Match,mother,bachelor,businessman,f,m,m,the mother warned the bachelor that the businessman would blame MASKTOKEN for the high cost of tests.,the mother warned the bachelor that the businessman would blame,him,the mother warned the bachelor that the businessman would blame MASKTOKEN for the high cost of tests.,1.861229419708252,4.314917087554932
12,1,Mismatch_Match_Mismatch,Mismatch,Match,Mismatch,mother,bachelor,business woman,f,m,m,the mother warned the bachelor that the business woman would blame MASKTOKEN for the high cost of tests.,the mother warned the bachelor that the business woman would blame,him,the mother warned the bachelor that the business woman would blame MASKTOKEN for the high cost of tests.,0.8520078063011169,0.858568012714386
12,1,Mismatch_Mismatch_Match,Mismatch,Mismatch,Match,mother,widow,businessman,f,f,f,the mother warned the widow that the businessman would blame MASKTOKEN for the high cost of tests.,the mother warned the widow that the businessman would blame,him,the mother warned the widow that the businessman would blame MASKTOKEN for the high cost of tests.,3.807530641555786,8.131792068481445
12,1,Mismatch_Mismatch_Mismatch,Mismatch,Mismatch,Mismatch,mother,widow,business woman,f,f,f,the mother warned the widow that the business woman would blame MASKTOKEN for the high cost of tests.,the mother warned the widow that the business woman would blame,him,the mother warned the widow that the business woman would blame MASKTOKEN for the high cost of tests.,4.280553340911865,4.583772659301758
13,1,Match_Match_Match,Match,Match,Match,groom,wizard,boyfriend,m,m,m,the groom convinced the wizard that the boyfriend should give MASKTOKEN a raise in pay.,the groom convinced the wizard that the boyfriend should give,him,the groom convinced the wizard that the boyfriend should give MASKTOKEN a raise in pay.,1.2300857305526733,0.8001931309700012
13,1,Match_Match_Mismatch,Match,Match,Mismatch,groom,wizard,girlfriend,m,m,m,the groom convinced the wizard that the girlfriend should give MASKTOKEN a raise in pay.,the groom convinced the wizard that the girlfriend should give,him,the groom convinced the wizard that the girlfriend should give MASKTOKEN a raise in pay.,0.09570172429084778,0.04963487386703491
13,1,Match_Mismatch_Match,Match,Mismatch,Match,groom,witch,boyfriend,m,f,f,the groom convinced the witch that the boyfriend should give MASKTOKEN a raise in pay.,the groom convinced the witch that the boyfriend should give,him,the groom convinced the witch that the boyfriend should give MASKTOKEN a raise in pay.,2.106602668762207,2.495206594467163
13,1,Match_Mismatch_Mismatch,Match,Mismatch,Mismatch,groom,witch,girlfriend,m,f,f,the groom convinced the witch that the girlfriend should give MASKTOKEN a raise in pay.,the groom convinced the witch that the girlfriend should give,him,the groom convinced the witch that the girlfriend should give MASKTOKEN a raise in pay.,0.2658752501010895,0.0709625855088234
13,1,Mismatch_Match_Match,Mismatch,Match,Match,bride,wizard,boyfriend,f,m,m,the bride convinced the wizard that the boyfriend should give MASKTOKEN a raise in pay.,the bride convinced the wizard that the boyfriend should give,him,the bride convinced the wizard that the boyfriend should give MASKTOKEN a raise in pay.,2.247457981109619,4.262980937957764
13,1,Mismatch_Match_Mismatch,Mismatch,Match,Mismatch,bride,wizard,girlfriend,f,m,m,the bride convinced the wizard that the girlfriend should give MASKTOKEN a raise in pay.,the bride convinced the wizard that the girlfriend should give,him,the bride convinced the wizard that the girlfriend should give MASKTOKEN a raise in pay.,0.28304383158683777,0.21834640204906464
13,1,Mismatch_Mismatch_Match,Mismatch,Mismatch,Match,bride,witch,boyfriend,f,f,f,the bride convinced the witch that the boyfriend should give MASKTOKEN a raise in pay.,the bride convinced the witch that the boyfriend should give,him,the bride convinced the witch that the boyfriend should give MASKTOKEN a raise in pay.,3.4888901710510254,6.9205851554870605
13,1,Mismatch_Mismatch_Mismatch,Mismatch,Mismatch,Mismatch,bride,witch,girlfriend,f,f,f,the bride convinced the witch that the girlfriend should give MASKTOKEN a raise in pay.,the bride convinced the witch that the girlfriend should give,him,the bride convinced the witch that the girlfriend should give MASKTOKEN a raise in pay.,2.355760097503662,1.198107361793518
14,1,Match_Match_Match,Match,Match,Match,priest,sorcerer,congressman,m,m,m,the priest told the sorcerer that the congressman would probably not protect MASKTOKEN under the circumstances.,the priest told the sorcerer that the congressman would probably not protect,him,the priest told the sorcerer that the congressman would probably not protect MASKTOKEN under the circumstances.,1.1711273193359375,0.7524915933609009
14,1,Match_Match_Mismatch,Match,Match,Mismatch,priest,sorcerer,congress woman,m,m,m,the priest told the sorcerer that the congress woman would probably not protect MASKTOKEN under the circumstances.,the priest told the sorcerer that the congress woman would probably not protect,him,the priest told the sorcerer that the congress woman would probably not protect MASKTOKEN under the circumstances.,0.7782890796661377,0.5881827473640442
14,1,Match_Mismatch_Match,Match,Mismatch,Match,priest,witch,congressman,m,f,f,the priest told the witch that the congressman would probably not protect MASKTOKEN under the circumstances.,the priest told the witch that the congressman would probably not protect,him,the priest told the witch that the congressman would probably not protect MASKTOKEN under the circumstances.,2.2416274547576904,3.9077258110046387
14,1,Match_Mismatch_Mismatch,Match,Mismatch,Mismatch,priest,witch,congress woman,m,f,f,the priest told the witch that the congress woman would probably not protect MASKTOKEN under the circumstances.,the priest told the witch that the congress woman would probably not protect,him,the priest told the witch that the congress woman would probably not protect MASKTOKEN under the circumstances.,1.397476077079773,1.194037675857544
14,1,Mismatch_Match_Match,Mismatch,Match,Match,nun,sorcerer,congressman,f,m,m,the nun told the sorcerer that the congressman would probably not protect MASKTOKEN under the circumstances.,the nun told the sorcerer that the congressman would probably not protect,him,the nun told the sorcerer that the congressman would probably not protect MASKTOKEN under the circumstances.,2.997014045715332,2.271674394607544
14,1,Mismatch_Match_Mismatch,Mismatch,Match,Mismatch,nun,sorcerer,congress woman,f,m,m,the nun told the sorcerer that the congress woman would probably not protect MASKTOKEN under the circumstances.,the nun told the sorcerer that the congress woman would probably not protect,him,the nun told the sorcerer that the congress woman would probably not protect MASKTOKEN under the circumstances.,2.004004716873169,0.8237791657447815
14,1,Mismatch_Mismatch_Match,Mismatch,Mismatch,Match,nun,witch,congressman,f,f,f,the nun told the witch that the congressman would probably not protect MASKTOKEN under the circumstances.,the nun told the witch that the congressman would probably not protect,him,the nun told the witch that the congressman would probably not protect MASKTOKEN under the circumstances.,4.477883815765381,3.953223466873169
14,1,Mismatch_Mismatch_Mismatch,Mismatch,Mismatch,Mismatch,nun,witch,congress woman,f,f,f,the nun told the witch that the congress woman would probably not protect MASKTOKEN under the circumstances.,the nun told the witch that the congress woman would probably not protect,him,the nun told the witch that the congress woman would probably not protect MASKTOKEN under the circumstances.,4.971307277679443,2.0500967502593994
15,1,Match_Match_Match,Match,Match,Match,driver,chairman,council man,m,m,m,the driver told the chairman that the council man would introduce  MASKTOKEN to the famous diplomat.,the driver told the chairman that the council man would introduce,him,the driver told the chairman that the council man would introduce  MASKTOKEN to the famous diplomat.,0.4522424638271332,0.36057597398757935
15,1,Match_Match_Mismatch,Match,Match,Mismatch,driver,chairman,council woman,m,m,m,the driver told the chairman that the council woman would introduce  MASKTOKEN to the famous diplomat.,the driver told the chairman that the council woman would introduce,him,the driver told the chairman that the council woman would introduce  MASKTOKEN to the famous diplomat.,0.14704200625419617,0.2700648605823517
15,1,Match_Mismatch_Match,Match,Mismatch,Match,driver,chair woman,council man,m,f,f,the driver told the chair woman that the council man would introduce  MASKTOKEN to the famous diplomat.,the driver told the chair woman that the council man would introduce,him,the driver told the chair woman that the council man would introduce  MASKTOKEN to the famous diplomat.,2.6975603103637695,5.037972450256348
15,1,Match_Mismatch_Mismatch,Match,Mismatch,Mismatch,driver,chair woman,council woman,m,f,f,the driver told the chair woman that the council woman would introduce  MASKTOKEN to the famous diplomat.,the driver told the chair woman that the council woman would introduce,him,the driver told the chair woman that the council woman would introduce  MASKTOKEN to the famous diplomat.,0.5270877480506897,1.572097897529602
15,1,Mismatch_Match_Match,Mismatch,Match,Match,maid,chairman,council man,f,m,m,the maid told the chairman that the council man would introduce  MASKTOKEN to the famous diplomat.,the maid told the chairman that the council man would introduce,him,the maid told the chairman that the council man would introduce  MASKTOKEN to the famous diplomat.,1.327219843864441,1.4762418270111084
15,1,Mismatch_Match_Mismatch,Mismatch,Match,Mismatch,maid,chairman,council woman,f,m,m,the maid told the chairman that the council woman would introduce  MASKTOKEN to the famous diplomat.,the maid told the chairman that the council woman would introduce,him,the maid told the chairman that the council woman would introduce  MASKTOKEN to the famous diplomat.,0.22132058441638947,0.4699596166610718
15,1,Mismatch_Mismatch_Match,Mismatch,Mismatch,Match,maid,chair woman,council man,f,f,f,the maid told the chair woman that the council man would introduce  MASKTOKEN to the famous diplomat.,the maid told the chair woman that the council man would introduce,him,the maid told the chair woman that the council man would introduce  MASKTOKEN to the famous diplomat.,5.355748653411865,6.47845983505249
15,1,Mismatch_Mismatch_Mismatch,Mismatch,Mismatch,Mismatch,maid,chair woman,council woman,f,f,f,the maid told the chair woman that the council woman would introduce  MASKTOKEN to the famous diplomat.,the maid told the chair woman that the council woman would introduce,him,the maid told the chair woman that the council woman would introduce  MASKTOKEN to the famous diplomat.,2.5010766983032227,3.106051445007324
16,1,Match_Match_Match,Match,Match,Match,professor,boy,granddaughter,m,m,m,the professor warned the boy that the granddaughter would be angry with MASKTOKEN for forgetting about the show.,the professor warned the boy that the granddaughter would be angry with,him,the professor warned the boy that the granddaughter would be angry with MASKTOKEN for forgetting about the show.,0.0482369028031826,0.22629590332508087
16,1,Match_Match_Mismatch,Match,Match,Mismatch,professor,boy,grandson,m,m,m,the professor warned the boy that the grandson would be angry with MASKTOKEN for forgetting about the show.,the professor warned the boy that the grandson would be angry with,him,the professor warned the boy that the grandson would be angry with MASKTOKEN for forgetting about the show.,0.06643249839544296,0.13635988533496857
16,1,Match_Mismatch_Match,Match,Mismatch,Match,professor,girl,granddaughter,m,f,f,the professor warned the girl that the granddaughter would be angry with MASKTOKEN for forgetting about the show.,the professor warned the girl that the granddaughter would be angry with,him,the professor warned the girl that the granddaughter would be angry with MASKTOKEN for forgetting about the show.,3.089129686355591,4.538451194763184
16,1,Match_Mismatch_Mismatch,Match,Mismatch,Mismatch,professor,girl,grandson,m,f,f,the professor warned the girl that the grandson would be angry with MASKTOKEN for forgetting about the show.,the professor warned the girl that the grandson would be angry with,him,the professor warned the girl that the grandson would be angry with MASKTOKEN for forgetting about the show.,4.367462158203125,4.393101215362549
16,1,Mismatch_Match_Match,Mismatch,Match,Match,secretary,boy,granddaughter,f,m,m,the secretary warned the boy that the granddaughter would be angry with MASKTOKEN for forgetting about the show.,the secretary warned the boy that the granddaughter would be angry with,him,the secretary warned the boy that the granddaughter would be angry with MASKTOKEN for forgetting about the show.,0.07156269252300262,0.29917922616004944
16,1,Mismatch_Match_Mismatch,Mismatch,Match,Mismatch,secretary,boy,grandson,f,m,m,the secretary warned the boy that the grandson would be angry with MASKTOKEN for forgetting about the show.,the secretary warned the boy that the grandson would be angry with,him,the secretary warned the boy that the grandson would be angry with MASKTOKEN for forgetting about the show.,0.101251982152462,0.3031499981880188
16,1,Mismatch_Mismatch_Match,Mismatch,Mismatch,Match,secretary,girl,granddaughter,f,f,f,the secretary warned the girl that the granddaughter would be angry with MASKTOKEN for forgetting about the show.,the secretary warned the girl that the granddaughter would be angry with,him,the secretary warned the girl that the granddaughter would be angry with MASKTOKEN for forgetting about the show.,5.177298069000244,4.576015472412109
16,1,Mismatch_Mismatch_Mismatch,Mismatch,Mismatch,Mismatch,secretary,girl,grandson,f,f,f,the secretary warned the girl that the grandson would be angry with MASKTOKEN for forgetting about the show.,the secretary warned the girl that the grandson would be angry with,him,the secretary warned the girl that the grandson would be angry with MASKTOKEN for forgetting about the show.,5.316893577575684,4.417881488800049
17,1,Match_Match_Match,Match,Match,Match,brother,boy,wizard,m,m,m,the brother told the boy that the wizard might treat MASKTOKEN to an expensive dinner in a nice restaurant.,the brother told the boy that the wizard might treat,him,the brother told the boy that the wizard might treat MASKTOKEN to an expensive dinner in a nice restaurant.,0.06083971634507179,0.22116655111312866
17,1,Match_Match_Mismatch,Match,Match,Mismatch,brother,boy,witch,m,m,m,the brother told the boy that the witch might treat MASKTOKEN to an expensive dinner in a nice restaurant.,the brother told the boy that the witch might treat,him,the brother told the boy that the witch might treat MASKTOKEN to an expensive dinner in a nice restaurant.,0.058790769428014755,0.14488287270069122
17,1,Match_Mismatch_Match,Match,Mismatch,Match,brother,girl,wizard,m,f,f,the brother told the girl that the wizard might treat MASKTOKEN to an expensive dinner in a nice restaurant.,the brother told the girl that the wizard might treat,him,the brother told the girl that the wizard might treat MASKTOKEN to an expensive dinner in a nice restaurant.,5.020172595977783,5.318361282348633
17,1,Match_Mismatch_Mismatch,Match,Mismatch,Mismatch,brother,girl,witch,m,f,f,the brother told the girl that the witch might treat MASKTOKEN to an expensive dinner in a nice restaurant.,the brother told the girl that the witch might treat,him,the brother told the girl that the witch might treat MASKTOKEN to an expensive dinner in a nice restaurant.,2.173219919204712,4.927009582519531
17,1,Mismatch_Match_Match,Mismatch,Match,Match,sister,boy,wizard,f,m,m,the sister told the boy that the wizard might treat MASKTOKEN to an expensive dinner in a nice restaurant.,the sister told the boy that the wizard might treat,him,the sister told the boy that the wizard might treat MASKTOKEN to an expensive dinner in a nice restaurant.,0.1786590814590454,0.47930166125297546
17,1,Mismatch_Match_Mismatch,Mismatch,Match,Mismatch,sister,boy,witch,f,m,m,the sister told the boy that the witch might treat MASKTOKEN to an expensive dinner in a nice restaurant.,the sister told the boy that the witch might treat,him,the sister told the boy that the witch might treat MASKTOKEN to an expensive dinner in a nice restaurant.,0.08344994485378265,0.1732565462589264
17,1,Mismatch_Mismatch_Match,Mismatch,Mismatch,Match,sister,girl,wizard,f,f,f,the sister told the girl that the wizard might treat MASKTOKEN to an expensive dinner in a nice restaurant.,the sister told the girl that the wizard might treat,him,the sister told the girl that the wizard might treat MASKTOKEN to an expensive dinner in a nice restaurant.,8.624455451965332,7.446615695953369
17,1,Mismatch_Mismatch_Mismatch,Mismatch,Mismatch,Mismatch,sister,girl,witch,f,f,f,the sister told the girl that the witch might treat MASKTOKEN to an expensive dinner in a nice restaurant.,the sister told the girl that the witch might treat,him,the sister told the girl that the witch might treat MASKTOKEN to an expensive dinner in a nice restaurant.,8.110467910766602,8.178205490112305
18,1,Match_Match_Match,Match,Match,Match,son,man,lord,m,m,m,the son told the man that the lord would introduce MASKTOKEN to the band leader.,the son told the man that the lord would introduce,him,the son told the man that the lord would introduce MASKTOKEN to the band leader.,0.02256186120212078,0.12870237231254578
18,1,Match_Match_Mismatch,Match,Match,Mismatch,son,man,lady,m,m,m,the son told the man that the lady would introduce MASKTOKEN to the band leader.,the son told the man that the lady would introduce,him,the son told the man that the lady would introduce MASKTOKEN to the band leader.,0.019689807668328285,0.09986432641744614
18,1,Match_Mismatch_Match,Match,Mismatch,Match,son,woman,lord,m,f,f,the son told the woman that the lord would introduce MASKTOKEN to the band leader.,the son told the woman that the lord would introduce,him,the son told the woman that the lord would introduce MASKTOKEN to the band leader.,3.0572099685668945,1.7307977676391602
18,1,Match_Mismatch_Mismatch,Match,Mismatch,Mismatch,son,woman,lady,m,f,f,the son told the woman that the lady would introduce MASKTOKEN to the band leader.,the son told the woman that the lady would introduce,him,the son told the woman that the lady would introduce MASKTOKEN to the band leader.,0.1894603818655014,0.19836470484733582
18,1,Mismatch_Match_Match,Mismatch,Match,Match,daughter,man,lord,f,m,m,the daughter told the man that the lord would introduce MASKTOKEN to the band leader.,the daughter told the man that the lord would introduce,him,the daughter told the man that the lord would introduce MASKTOKEN to the band leader.,2.647916316986084,2.488865375518799
18,1,Mismatch_Match_Mismatch,Mismatch,Match,Mismatch,daughter,man,lady,f,m,m,the daughter told the man that the lady would introduce MASKTOKEN to the band leader.,the daughter told the man that the lady would introduce,him,the daughter told the man that the lady would introduce MASKTOKEN to the band leader.,0.23271441459655762,0.3024166226387024
18,1,Mismatch_Mismatch_Match,Mismatch,Mismatch,Match,daughter,woman,lord,f,f,f,the daughter told the woman that the lord would introduce MASKTOKEN to the band leader.,the daughter told the woman that the lord would introduce,him,the daughter told the woman that the lord would introduce MASKTOKEN to the band leader.,10.938189506530762,4.867824077606201
18,1,Mismatch_Mismatch_Mismatch,Mismatch,Mismatch,Mismatch,daughter,woman,lady,f,f,f,the daughter told the woman that the lady would introduce MASKTOKEN to the band leader.,the daughter told the woman that the lady would introduce,him,the daughter told the woman that the lady would introduce MASKTOKEN to the band leader.,8.599350929260254,2.29960036277771
19,1,Match_Match_Match,Match,Match,Match,husband,doctor,god,m,m,m,the husband told the doctor that the god would get MASKTOKEN some lunch after the event.,the husband told the doctor that the god would get,him,the husband told the doctor that the god would get MASKTOKEN some lunch after the event.,2.3925552368164062,0.6774283647537231
19,1,Match_Match_Mismatch,Match,Match,Mismatch,husband,doctor,goddess,m,m,m,the husband told the doctor that the goddess would get MASKTOKEN some lunch after the event.,the husband told the doctor that the goddess would get,him,the husband told the doctor that the goddess would get MASKTOKEN some lunch after the event.,1.6304484605789185,0.6416749358177185
19,1,Match_Mismatch_Match,Match,Mismatch,Match,husband,nurse,god,m,f,f,the husband told the nurse that the god would get MASKTOKEN some lunch after the event.,the husband told the nurse that the god would get,him,the husband told the nurse that the god would get MASKTOKEN some lunch after the event.,3.6278889179229736,0.9181535243988037
19,1,Match_Mismatch_Mismatch,Match,Mismatch,Mismatch,husband,nurse,goddess,m,f,f,the husband told the nurse that the goddess would get MASKTOKEN some lunch after the event.,the husband told the nurse that the goddess would get,him,the husband told the nurse that the goddess would get MASKTOKEN some lunch after the event.,2.650454044342041,0.8807587623596191
19,1,Mismatch_Match_Match,Mismatch,Match,Match,wife,doctor,god,f,m,m,the wife told the doctor that the god would get MASKTOKEN some lunch after the event.,the wife told the doctor that the god would get,him,the wife told the doctor that the god would get MASKTOKEN some lunch after the event.,1.782562017440796,3.0131969451904297
19,1,Mismatch_Match_Mismatch,Mismatch,Match,Mismatch,wife,doctor,goddess,f,m,m,the wife told the doctor that the goddess would get MASKTOKEN some lunch after the event.,the wife told the doctor that the goddess would get,him,the wife told the doctor that the goddess would get MASKTOKEN some lunch after the event.,1.5321648120880127,2.030538558959961
19,1,Mismatch_Mismatch_Match,Mismatch,Mismatch,Match,wife,nurse,god,f,f,f,the wife told the nurse that the god would get MASKTOKEN some lunch after the event.,the wife told the nurse that the god would get,him,the wife told the nurse that the god would get MASKTOKEN some lunch after the event.,3.414008378982544,3.0262563228607178
19,1,Mismatch_Mismatch_Mismatch,Mismatch,Mismatch,Mismatch,wife,nurse,goddess,f,f,f,the wife told the nurse that the goddess would get MASKTOKEN some lunch after the event.,the wife told the nurse that the goddess would get,him,the wife told the nurse that the goddess would get MASKTOKEN some lunch after the event.,4.70803165435791,2.712203025817871
20,1,Match_Match_Match,Match,Match,Match,businessman,actor,hero,m,m,m,the businessman told the actor that the hero would buy MASKTOKEN twenty yards ot fine silk.,the businessman told the actor that the hero would buy,him,the businessman told the actor that the hero would buy MASKTOKEN twenty yards ot fine silk.,2.0137648582458496,0.14624935388565063
20,1,Match_Match_Mismatch,Match,Match,Mismatch,businessman,actor,heroine,m,m,m,the businessman told the actor that the heroine would buy MASKTOKEN twenty yards ot fine silk.,the businessman told the actor that the heroine would buy,him,the businessman told the actor that the heroine would buy MASKTOKEN twenty yards ot fine silk.,2.3708150386810303,0.20762625336647034
20,1,Match_Mismatch_Match,Match,Mismatch,Match,businessman,actress,hero,m,f,f,the businessman told the actress that the hero would buy MASKTOKEN twenty yards ot fine silk.,the businessman told the actress that the hero would buy,him,the businessman told the actress that the hero would buy MASKTOKEN twenty yards ot fine silk.,3.485102415084839,2.264392137527466
20,1,Match_Mismatch_Mismatch,Match,Mismatch,Mismatch,businessman,actress,heroine,m,f,f,the businessman told the actress that the heroine would buy MASKTOKEN twenty yards ot fine silk.,the businessman told the actress that the heroine would buy,him,the businessman told the actress that the heroine would buy MASKTOKEN twenty yards ot fine silk.,3.696936845779419,0.46581795811653137
20,1,Mismatch_Match_Match,Mismatch,Match,Match,business woman,actor,hero,f,m,m,the business woman told the actor that the hero would buy MASKTOKEN twenty yards ot fine silk.,the business woman told the actor that the hero would buy,him,the business woman told the actor that the hero would buy MASKTOKEN twenty yards ot fine silk.,2.87909197807312,1.29343581199646
20,1,Mismatch_Match_Mismatch,Mismatch,Match,Mismatch,business woman,actor,heroine,f,m,m,the business woman told the actor that the heroine would buy MASKTOKEN twenty yards ot fine silk.,the business woman told the actor that the heroine would buy,him,the business woman told the actor that the heroine would buy MASKTOKEN twenty yards ot fine silk.,3.60345721244812,0.41285961866378784
20,1,Mismatch_Mismatch_Match,Mismatch,Mismatch,Match,business woman,actress,hero,f,f,f,the business woman told the actress that the hero would buy MASKTOKEN twenty yards ot fine silk.,the business woman told the actress that the hero would buy,him,the business woman told the actress that the hero would buy MASKTOKEN twenty yards ot fine silk.,5.1505279541015625,4.21300745010376
20,1,Mismatch_Mismatch_Mismatch,Mismatch,Mismatch,Mismatch,business woman,actress,heroine,f,f,f,the business woman told the actress that the heroine would buy MASKTOKEN twenty yards ot fine silk.,the business woman told the actress that the heroine would buy,him,the business woman told the actress that the heroine would buy MASKTOKEN twenty yards ot fine silk.,6.19458532333374,2.54306960105896
21,1,Match_Match_Match,Match,Match,Match,boyfriend,prince,policeman,m,m,m,the boyfriend told the prince that the policeman would supply MASKTOKEN with the stolen equipment.,the boyfriend told the prince that the policeman would supply,him,the boyfriend told the prince that the policeman would supply MASKTOKEN with the stolen equipment.,0.18168823421001434,0.285881370306015
21,1,Match_Match_Mismatch,Match,Match,Mismatch,boyfriend,prince,police woman,m,m,m,the boyfriend told the prince that the police woman would supply MASKTOKEN with the stolen equipment.,the boyfriend told the prince that the police woman would supply,him,the boyfriend told the prince that the police woman would supply MASKTOKEN with the stolen equipment.,0.1060708686709404,0.2980149984359741
21,1,Match_Mismatch_Match,Match,Mismatch,Match,boyfriend,princess,policeman,m,f,f,the boyfriend told the princess that the policeman would supply MASKTOKEN with the stolen equipment.,the boyfriend told the princess that the policeman would supply,him,the boyfriend told the princess that the policeman would supply MASKTOKEN with the stolen equipment.,1.357666015625,2.129862070083618
21,1,Match_Mismatch_Mismatch,Match,Mismatch,Mismatch,boyfriend,princess,police woman,m,f,f,the boyfriend told the princess that the police woman would supply MASKTOKEN with the stolen equipment.,the boyfriend told the princess that the police woman would supply,him,the boyfriend told the princess that the police woman would supply MASKTOKEN with the stolen equipment.,0.3839000165462494,0.661296546459198
21,1,Mismatch_Match_Match,Mismatch,Match,Match,girlfriend,prince,policeman,f,m,m,the girlfriend told the prince that the policeman would supply MASKTOKEN with the stolen equipment.,the girlfriend told the prince that the policeman would supply,him,the girlfriend told the prince that the policeman would supply MASKTOKEN with the stolen equipment.,1.5136523246765137,1.1007413864135742
21,1,Mismatch_Match_Mismatch,Mismatch,Match,Mismatch,girlfriend,prince,police woman,f,m,m,the girlfriend told the prince that the police woman would supply MASKTOKEN with the stolen equipment.,the girlfriend told the prince that the police woman would supply,him,the girlfriend told the prince that the police woman would supply MASKTOKEN with the stolen equipment.,0.38041985034942627,0.47112035751342773
21,1,Mismatch_Mismatch_Match,Mismatch,Mismatch,Match,girlfriend,princess,policeman,f,f,f,the girlfriend told the princess that the policeman would supply MASKTOKEN with the stolen equipment.,the girlfriend told the princess that the policeman would supply,him,the girlfriend told the princess that the policeman would supply MASKTOKEN with the stolen equipment.,5.344873905181885,3.8225796222686768
21,1,Mismatch_Mismatch_Mismatch,Mismatch,Mismatch,Mismatch,girlfriend,princess,police woman,f,f,f,the girlfriend told the princess that the police woman would supply MASKTOKEN with the stolen equipment.,the girlfriend told the princess that the police woman would supply,him,the girlfriend told the princess that the police woman would supply MASKTOKEN with the stolen equipment.,3.804462194442749,1.241639256477356
22,1,Match_Match_Match,Match,Match,Match,grandfather,lord,hunter,m,m,m,the grandfather told the lord that the hunter would be proud of MASKTOKEN for saving the child's life.,the grandfather told the lord that the hunter would be proud of,him,the grandfather told the lord that the hunter would be proud of MASKTOKEN for saving the child's life.,0.18370291590690613,0.2357911765575409
22,1,Match_Match_Mismatch,Match,Match,Mismatch,grandfather,lord,female hunter,m,m,m,the grandfather told the lord that the female hunter would be proud of MASKTOKEN for saving the child's life.,the grandfather told the lord that the female hunter would be proud of,him,the grandfather told the lord that the female hunter would be proud of MASKTOKEN for saving the child's life.,0.508715033531189,0.8905026912689209
22,1,Match_Mismatch_Match,Match,Mismatch,Match,grandfather,lady,hunter,m,f,f,the grandfather told the lady that the hunter would be proud of MASKTOKEN for saving the child's life.,the grandfather told the lady that the hunter would be proud of,him,the grandfather told the lady that the hunter would be proud of MASKTOKEN for saving the child's life.,1.4289313554763794,1.259210228919983
22,1,Match_Mismatch_Mismatch,Match,Mismatch,Mismatch,grandfather,lady,female hunter,m,f,f,the grandfather told the lady that the female hunter would be proud of MASKTOKEN for saving the child's life.,the grandfather told the lady that the female hunter would be proud of,him,the grandfather told the lady that the female hunter would be proud of MASKTOKEN for saving the child's life.,1.3761013746261597,1.1708765029907227
22,1,Mismatch_Match_Match,Mismatch,Match,Match,grandmother,lord,hunter,f,m,m,the grandmother told the lord that the hunter would be proud of MASKTOKEN for saving the child's life.,the grandmother told the lord that the hunter would be proud of,him,the grandmother told the lord that the hunter would be proud of MASKTOKEN for saving the child's life.,1.9825847148895264,2.001042604446411
22,1,Mismatch_Match_Mismatch,Mismatch,Match,Mismatch,grandmother,lord,female hunter,f,m,m,the grandmother told the lord that the female hunter would be proud of MASKTOKEN for saving the child's life.,the grandmother told the lord that the female hunter would be proud of,him,the grandmother told the lord that the female hunter would be proud of MASKTOKEN for saving the child's life.,2.456435441970825,2.2591001987457275
22,1,Mismatch_Mismatch_Match,Mismatch,Mismatch,Match,grandmother,lady,hunter,f,f,f,the grandmother told the lady that the hunter would be proud of MASKTOKEN for saving the child's life.,the grandmother told the lady that the hunter would be proud of,him,the grandmother told the lady that the hunter would be proud of MASKTOKEN for saving the child's life.,5.509443283081055,2.9747021198272705
22,1,Mismatch_Mismatch_Mismatch,Mismatch,Mismatch,Mismatch,grandmother,lady,female hunter,f,f,f,the grandmother told the lady that the female hunter would be proud of MASKTOKEN for saving the child's life.,the grandmother told the lady that the female hunter would be proud of,him,the grandmother told the lady that the female hunter would be proud of MASKTOKEN for saving the child's life.,5.679808616638184,3.529208183288574
23,1,Match_Match_Match,Match,Match,Match,council man,king,lord,m,m,m,the council man told the king that the lord would be upset with MASKTOKEN when the news became known.,the council man told the king that the lord would be upset with,him,the council man told the king that the lord would be upset with MASKTOKEN when the news became known.,0.3216736912727356,0.28078266978263855
23,1,Match_Match_Mismatch,Match,Match,Mismatch,council man,king,lady,m,m,m,the council man told the king that the lady would be upset with MASKTOKEN when the news became known.,the council man told the king that the lady would be upset with,him,the council man told the king that the lady would be upset with MASKTOKEN when the news became known.,0.10605232417583466,0.15747754275798798
23,1,Match_Mismatch_Match,Match,Mismatch,Match,council man,queen,lord,m,f,f,the council man told the queen that the lord would be upset with MASKTOKEN when the news became known.,the council man told the queen that the lord would be upset with,him,the council man told the queen that the lord would be upset with MASKTOKEN when the news became known.,2.5492539405822754,2.625875234603882
23,1,Match_Mismatch_Mismatch,Match,Mismatch,Mismatch,council man,queen,lady,m,f,f,the council man told the queen that the lady would be upset with MASKTOKEN when the news became known.,the council man told the queen that the lady would be upset with,him,the council man told the queen that the lady would be upset with MASKTOKEN when the news became known.,0.3675311207771301,0.43901321291923523
23,1,Mismatch_Match_Match,Mismatch,Match,Match,council woman,king,lord,f,m,m,the council woman told the king that the lord would be upset with MASKTOKEN when the news became known.,the council woman told the king that the lord would be upset with,him,the council woman told the king that the lord would be upset with MASKTOKEN when the news became known.,2.5596978664398193,1.7131454944610596
23,1,Mismatch_Match_Mismatch,Mismatch,Match,Mismatch,council woman,king,lady,f,m,m,the council woman told the king that the lady would be upset with MASKTOKEN when the news became known.,the council woman told the king that the lady would be upset with,him,the council woman told the king that the lady would be upset with MASKTOKEN when the news became known.,0.5414435863494873,0.29554614424705505
23,1,Mismatch_Mismatch_Match,Mismatch,Mismatch,Match,council woman,queen,lord,f,f,f,the council woman told the queen that the lord would be upset with MASKTOKEN when the news became known.,the council woman told the queen that the lord would be upset with,him,the council woman told the queen that the lord would be upset with MASKTOKEN when the news became known.,5.657469272613525,4.492345333099365
23,1,Mismatch_Mismatch_Mismatch,Mismatch,Mismatch,Mismatch,council woman,queen,lady,f,f,f,the council woman told the queen that the lady would be upset with MASKTOKEN when the news became known.,the council woman told the queen that the lady would be upset with,him,the council woman told the queen that the lady would be upset with MASKTOKEN when the news became known.,3.792376756668091,3.339965343475342
24,1,Match_Match_Match,Match,Match,Match,granddaughter,waiter,chairman,m,m,m,the granddaughter told the waiter that the chairman would protect MASKTOKEN if there were an investigation.,the granddaughter told the waiter that the chairman would protect,him,the granddaughter told the waiter that the chairman would protect MASKTOKEN if there were an investigation.,2.4901671409606934,2.393279552459717
24,1,Match_Match_Mismatch,Match,Match,Mismatch,granddaughter,waiter,chair woman,m,m,m,the granddaughter told the waiter that the chair woman would protect MASKTOKEN if there were an investigation.,the granddaughter told the waiter that the chair woman would protect,him,the granddaughter told the waiter that the chair woman would protect MASKTOKEN if there were an investigation.,1.5202107429504395,1.7085306644439697
24,1,Match_Mismatch_Match,Match,Mismatch,Match,granddaughter,waitress,chairman,m,f,f,the granddaughter told the waitress that the chairman would protect MASKTOKEN if there were an investigation.,the granddaughter told the waitress that the chairman would protect,him,the granddaughter told the waitress that the chairman would protect MASKTOKEN if there were an investigation.,3.585963487625122,3.5000569820404053
24,1,Match_Mismatch_Mismatch,Match,Mismatch,Mismatch,granddaughter,waitress,chair woman,m,f,f,the granddaughter told the waitress that the chair woman would protect MASKTOKEN if there were an investigation.,the granddaughter told the waitress that the chair woman would protect,him,the granddaughter told the waitress that the chair woman would protect MASKTOKEN if there were an investigation.,4.849276065826416,2.7714273929595947
24,1,Mismatch_Match_Match,Mismatch,Match,Match,grandson,waiter,chairman,f,m,m,the grandson told the waiter that the chairman would protect MASKTOKEN if there were an investigation.,the grandson told the waiter that the chairman would protect,him,the grandson told the waiter that the chairman would protect MASKTOKEN if there were an investigation.,0.5887570381164551,0.6238753795623779
24,1,Mismatch_Match_Mismatch,Mismatch,Match,Mismatch,grandson,waiter,chair woman,f,m,m,the grandson told the waiter that the chair woman would protect MASKTOKEN if there were an investigation.,the grandson told the waiter that the chair woman would protect,him,the grandson told the waiter that the chair woman would protect MASKTOKEN if there were an investigation.,0.4768107235431671,0.4299798905849457
24,1,Mismatch_Mismatch_Match,Mismatch,Mismatch,Match,grandson,waitress,chairman,f,f,f,the grandson told the waitress that the chairman would protect MASKTOKEN if there were an investigation.,the grandson told the waitress that the chairman would protect,him,the grandson told the waitress that the chairman would protect MASKTOKEN if there were an investigation.,0.6806436777114868,1.0881984233856201
24,1,Mismatch_Mismatch_Mismatch,Mismatch,Mismatch,Mismatch,grandson,waitress,chair woman,f,f,f,the grandson told the waitress that the chair woman would protect MASKTOKEN if there were an investigation.,the grandson told the waitress that the chair woman would protect,him,the grandson told the waitress that the chair woman would protect MASKTOKEN if there were an investigation.,1.4392883777618408,0.4445532560348511
