item,exp,contrast,top,middle,bottom,N1,N2,N3,N1_gender,N2_gender,N3_gender,mask_sents,auto_sents,target,sent,/data/gpt2-xl_surp,/data/transfo-xl-wt103_surp
1,1,Match_Match_Match,Match,Match,Match,boy,dad,actor,m,m,m,the boy told the dad that the actor would probably blame MASKTOKEN for the recent injury.,the boy told the dad that the actor would probably blame,him,the boy told the dad that the actor would probably blame,1.314658761024475,4.008519172668457
1,1,Match_Match_Mismatch,Match,Match,Mismatch,boy,dad,actress,m,m,m,the boy told the dad that the actress would probably blame MASKTOKEN for the recent injury.,the boy told the dad that the actress would probably blame,him,the boy told the dad that the actress would probably blame,0.5593056678771973,4.007565498352051
1,1,Match_Mismatch_Match,Match,Mismatch,Match,boy,mom,actor,m,f,f,the boy told the mom that the actor would probably blame MASKTOKEN for the recent injury.,the boy told the mom that the actor would probably blame,him,the boy told the mom that the actor would probably blame,2.7492361068725586,4.251741409301758
1,1,Match_Mismatch_Mismatch,Match,Mismatch,Mismatch,boy,mom,actress,m,f,f,the boy told the mom that the actress would probably blame MASKTOKEN for the recent injury.,the boy told the mom that the actress would probably blame,him,the boy told the mom that the actress would probably blame,0.7922303080558777,4.980159282684326
1,1,Mismatch_Match_Match,Mismatch,Match,Match,girl,dad,actor,f,m,m,the girl told the dad that the actor would probably blame MASKTOKEN for the recent injury.,the girl told the dad that the actor would probably blame,him,the girl told the dad that the actor would probably blame,4.906604290008545,5.124487400054932
1,1,Mismatch_Match_Mismatch,Mismatch,Match,Mismatch,girl,dad,actress,f,m,m,the girl told the dad that the actress would probably blame MASKTOKEN for the recent injury.,the girl told the dad that the actress would probably blame,him,the girl told the dad that the actress would probably blame,0.9821867346763611,5.605134963989258
1,1,Mismatch_Mismatch_Match,Mismatch,Mismatch,Match,girl,mom,actor,f,f,f,the girl told the mom that the actor would probably blame MASKTOKEN for the recent injury.,the girl told the mom that the actor would probably blame,him,the girl told the mom that the actor would probably blame,6.521859169006348,5.517093181610107
1,1,Mismatch_Mismatch_Mismatch,Mismatch,Mismatch,Mismatch,girl,mom,actress,f,f,f,the girl told the mom that the actress would probably blame MASKTOKEN for the recent injury.,the girl told the mom that the actress would probably blame,him,the girl told the mom that the actress would probably blame,2.7808499336242676,6.698583602905273
2,1,Match_Match_Match,Match,Match,Match,man,wizard,nephew,m,m,m,the man told the wizard that the nephew would protect MASKTOKEN if it became necessary.,the man told the wizard that the nephew would protect,him,the man told the wizard that the nephew would protect,1.5883994102478027,2.5033318996429443
2,1,Match_Match_Mismatch,Match,Match,Mismatch,man,wizard,niece,m,m,m,the man told the wizard that the niece would protect MASKTOKEN if it became necessary.,the man told the wizard that the niece would protect,him,the man told the wizard that the niece would protect,1.5309078693389893,4.393600940704346
2,1,Match_Mismatch_Match,Match,Mismatch,Match,man,witch,nephew,m,f,f,the man told the witch that the nephew would protect MASKTOKEN if it became necessary.,the man told the witch that the nephew would protect,him,the man told the witch that the nephew would protect,2.444139003753662,2.625098705291748
2,1,Match_Mismatch_Mismatch,Match,Mismatch,Mismatch,man,witch,niece,m,f,f,the man told the witch that the niece would protect MASKTOKEN if it became necessary.,the man told the witch that the niece would protect,him,the man told the witch that the niece would protect,1.6586058139801025,4.5458502769470215
2,1,Mismatch_Match_Match,Mismatch,Match,Match,woman,wizard,nephew,f,m,m,the woman told the wizard that the nephew would protect MASKTOKEN if it became necessary.,the woman told the wizard that the nephew would protect,him,the woman told the wizard that the nephew would protect,4.388269424438477,3.5287117958068848
2,1,Mismatch_Match_Mismatch,Mismatch,Match,Mismatch,woman,wizard,niece,f,m,m,the woman told the wizard that the niece would protect MASKTOKEN if it became necessary.,the woman told the wizard that the niece would protect,him,the woman told the wizard that the niece would protect,2.481144428253174,5.409940719604492
2,1,Mismatch_Mismatch_Match,Mismatch,Mismatch,Match,woman,witch,nephew,f,f,f,the woman told the witch that the nephew would protect MASKTOKEN if it became necessary.,the woman told the witch that the nephew would protect,him,the woman told the witch that the nephew would protect,5.344806671142578,4.205700874328613
2,1,Mismatch_Mismatch_Mismatch,Mismatch,Mismatch,Mismatch,woman,witch,niece,f,f,f,the woman told the witch that the niece would protect MASKTOKEN if it became necessary.,the woman told the witch that the niece would protect,him,the woman told the witch that the niece would protect,3.9744150638580322,5.357848644256592
3,1,Match_Match_Match,Match,Match,Match,doctor,lord,uncle,m,m,m,the doctor told the lord that the uncle would teach MASKTOKEN how to drive this weekend.,the doctor told the lord that the uncle would teach,him,the doctor told the lord that the uncle would teach,1.2087758779525757,2.103100538253784
3,1,Match_Match_Mismatch,Match,Match,Mismatch,doctor,lord,aunt,m,m,m,the doctor told the lord that the aunt would teach MASKTOKEN how to drive this weekend.,the doctor told the lord that the aunt would teach,him,the doctor told the lord that the aunt would teach,1.7314982414245605,2.053288459777832
3,1,Match_Mismatch_Match,Match,Mismatch,Match,doctor,lady,uncle,m,f,f,the doctor told the lady that the uncle would teach MASKTOKEN how to drive this weekend.,the doctor told the lady that the uncle would teach,him,the doctor told the lady that the uncle would teach,3.453569173812866,3.338413715362549
3,1,Match_Mismatch_Mismatch,Match,Mismatch,Mismatch,doctor,lady,aunt,m,f,f,the doctor told the lady that the aunt would teach MASKTOKEN how to drive this weekend.,the doctor told the lady that the aunt would teach,him,the doctor told the lady that the aunt would teach,4.537752151489258,3.595677614212036
3,1,Mismatch_Match_Match,Mismatch,Match,Match,nurse,lord,uncle,f,m,m,the nurse told the lord that the uncle would teach MASKTOKEN how to drive this weekend.,the nurse told the lord that the uncle would teach,him,the nurse told the lord that the uncle would teach,1.5090934038162231,2.8346071243286133
3,1,Mismatch_Match_Mismatch,Mismatch,Match,Mismatch,nurse,lord,aunt,f,m,m,the nurse told the lord that the aunt would teach MASKTOKEN how to drive this weekend.,the nurse told the lord that the aunt would teach,him,the nurse told the lord that the aunt would teach,1.9979914426803589,3.1773457527160645
3,1,Mismatch_Mismatch_Match,Mismatch,Mismatch,Match,nurse,lady,uncle,f,f,f,the nurse told the lady that the uncle would teach MASKTOKEN how to drive this weekend.,the nurse told the lady that the uncle would teach,him,the nurse told the lady that the uncle would teach,3.869051218032837,5.225717544555664
3,1,Mismatch_Mismatch_Mismatch,Mismatch,Mismatch,Mismatch,nurse,lady,aunt,f,f,f,the nurse told the lady that the aunt would teach MASKTOKEN how to drive this weekend.,the nurse told the lady that the aunt would teach,him,the nurse told the lady that the aunt would teach,5.167810440063477,5.602652072906494
4,1,Match_Match_Match,Match,Match,Match,actor,god,father,m,m,m,the actor told the god that the father would buy MASKTOKEN the tickets to the performance.,the actor told the god that the father would buy,him,the actor told the god that the father would buy,2.1196534633636475,7.5843892097473145
4,1,Match_Match_Mismatch,Match,Match,Mismatch,actor,god,mother,m,m,m,the actor told the god that the mother would buy MASKTOKEN the tickets to the performance.,the actor told the god that the mother would buy,him,the actor told the god that the mother would buy,2.2528159618377686,7.952124118804932
4,1,Match_Mismatch_Match,Match,Mismatch,Match,actor,goddess,father,m,f,f,the actor told the goddess that the father would buy MASKTOKEN the tickets to the performance.,the actor told the goddess that the father would buy,him,the actor told the goddess that the father would buy,3.716360330581665,7.864997863769531
4,1,Match_Mismatch_Mismatch,Match,Mismatch,Mismatch,actor,goddess,mother,m,f,f,the actor told the goddess that the mother would buy MASKTOKEN the tickets to the performance.,the actor told the goddess that the mother would buy,him,the actor told the goddess that the mother would buy,2.3916513919830322,8.114798545837402
4,1,Mismatch_Match_Match,Mismatch,Match,Match,actress,god,father,f,m,m,the actress told the god that the father would buy MASKTOKEN the tickets to the performance.,the actress told the god that the father would buy,him,the actress told the god that the father would buy,4.409084796905518,7.548780918121338
4,1,Mismatch_Match_Mismatch,Mismatch,Match,Mismatch,actress,god,mother,f,m,m,the actress told the god that the mother would buy MASKTOKEN the tickets to the performance.,the actress told the god that the mother would buy,him,the actress told the god that the mother would buy,3.7935423851013184,7.456885814666748
4,1,Mismatch_Mismatch_Match,Mismatch,Mismatch,Match,actress,goddess,father,f,f,f,the actress told the goddess that the father would buy MASKTOKEN the tickets to the performance.,the actress told the goddess that the father would buy,him,the actress told the goddess that the father would buy,6.465762138366699,7.939591884613037
4,1,Mismatch_Mismatch_Mismatch,Mismatch,Mismatch,Mismatch,actress,goddess,mother,f,f,f,the actress told the goddess that the mother would buy MASKTOKEN the tickets to the performance.,the actress told the goddess that the mother would buy,him,the actress told the goddess that the mother would buy,5.501882553100586,7.407596111297607
5,1,Match_Match_Match,Match,Match,Match,prince,hero,groom,m,m,m,the prince told the hero that the groom might introduce MASKTOKEN to the French count.,the prince told the hero that the groom might introduce,him,the prince told the hero that the groom might introduce,1.1663786172866821,4.106320858001709
5,1,Match_Match_Mismatch,Match,Match,Mismatch,prince,hero,bride,m,m,m,the prince told the hero that the bride might introduce MASKTOKEN to the French count.,the prince told the hero that the bride might introduce,him,the prince told the hero that the bride might introduce,1.1058248281478882,3.397744655609131
5,1,Match_Mismatch_Match,Match,Mismatch,Match,prince,heroine,groom,m,f,f,the prince told the heroine that the groom might introduce MASKTOKEN to the French count.,the prince told the heroine that the groom might introduce,him,the prince told the heroine that the groom might introduce,5.117949962615967,4.646191596984863
5,1,Match_Mismatch_Mismatch,Match,Mismatch,Mismatch,prince,heroine,bride,m,f,f,the prince told the heroine that the bride might introduce MASKTOKEN to the French count.,the prince told the heroine that the bride might introduce,him,the prince told the heroine that the bride might introduce,2.1499135494232178,3.7235145568847656
5,1,Mismatch_Match_Match,Mismatch,Match,Match,princess,hero,groom,f,m,m,the princess told the hero that the groom might introduce MASKTOKEN to the French count.,the princess told the hero that the groom might introduce,him,the princess told the hero that the groom might introduce,3.634370803833008,6.202844619750977
5,1,Mismatch_Match_Mismatch,Mismatch,Match,Mismatch,princess,hero,bride,f,m,m,the princess told the hero that the bride might introduce MASKTOKEN to the French count.,the princess told the hero that the bride might introduce,him,the princess told the hero that the bride might introduce,1.0944125652313232,4.844001770019531
5,1,Mismatch_Mismatch_Match,Mismatch,Mismatch,Match,princess,heroine,groom,f,f,f,the princess told the heroine that the groom might introduce MASKTOKEN to the French count.,the princess told the heroine that the groom might introduce,him,the princess told the heroine that the groom might introduce,6.204296112060547,6.565798282623291
5,1,Mismatch_Mismatch_Mismatch,Mismatch,Mismatch,Mismatch,princess,heroine,bride,f,f,f,the princess told the heroine that the bride might introduce MASKTOKEN to the French count.,the princess told the heroine that the bride might introduce,him,the princess told the heroine that the bride might introduce,5.123064041137695,5.0919342041015625
6,1,Match_Match_Match,Match,Match,Match,lord,master,priest,m,m,m,the lord told the master that the priest might introduce MASKTOKEN to the beautiful movie star.,the lord told the master that the priest might introduce,him,the lord told the master that the priest might introduce,1.9659119844436646,3.479268789291382
6,1,Match_Match_Mismatch,Match,Match,Mismatch,lord,master,nun,m,m,m,the lord told the master that the nun might introduce MASKTOKEN to the beautiful movie star.,the lord told the master that the nun might introduce,him,the lord told the master that the nun might introduce,1.9541456699371338,4.469833850860596
6,1,Match_Mismatch_Match,Match,Mismatch,Match,lord,mistress,priest,m,f,f,the lord told the mistress that the priest might introduce MASKTOKEN to the beautiful movie star.,the lord told the mistress that the priest might introduce,him,the lord told the mistress that the priest might introduce,2.02817702293396,4.189413547515869
6,1,Match_Mismatch_Mismatch,Match,Mismatch,Mismatch,lord,mistress,nun,m,f,f,the lord told the mistress that the nun might introduce MASKTOKEN to the beautiful movie star.,the lord told the mistress that the nun might introduce,him,the lord told the mistress that the nun might introduce,2.624480724334717,4.868968963623047
6,1,Mismatch_Match_Match,Mismatch,Match,Match,lady,master,priest,f,m,m,the lady told the master that the priest might introduce MASKTOKEN to the beautiful movie star.,the lady told the master that the priest might introduce,him,the lady told the master that the priest might introduce,2.514559030532837,5.143000602722168
6,1,Mismatch_Match_Mismatch,Mismatch,Match,Mismatch,lady,master,nun,f,m,m,the lady told the master that the nun might introduce MASKTOKEN to the beautiful movie star.,the lady told the master that the nun might introduce,him,the lady told the master that the nun might introduce,2.120094060897827,5.155734062194824
6,1,Mismatch_Mismatch_Match,Mismatch,Mismatch,Match,lady,mistress,priest,f,f,f,the lady told the mistress that the priest might introduce MASKTOKEN to the beautiful movie star.,the lady told the mistress that the priest might introduce,him,the lady told the mistress that the priest might introduce,3.2196810245513916,5.5458598136901855
6,1,Mismatch_Mismatch_Mismatch,Mismatch,Mismatch,Mismatch,lady,mistress,nun,f,f,f,the lady told the mistress that the nun might introduce MASKTOKEN to the beautiful movie star.,the lady told the mistress that the nun might introduce,him,the lady told the mistress that the nun might introduce,3.3692667484283447,5.158491134643555
7,1,Match_Match_Match,Match,Match,Match,king,policeman,driver,m,m,m,the king told the policeman that the driver would not forgive MASKTOKEN for last week's disaster.,the king told the policeman that the driver would not forgive,him,the king told the policeman that the driver would not forgive,0.6693116426467896,1.8428568840026855
7,1,Match_Match_Mismatch,Match,Match,Mismatch,king,policeman,maid,m,m,m,the king told the policeman that the maid would not forgive MASKTOKEN for last week's disaster.,the king told the policeman that the maid would not forgive,him,the king told the policeman that the maid would not forgive,0.6572404503822327,1.7338742017745972
7,1,Match_Mismatch_Match,Match,Mismatch,Match,king,police woman,driver,m,f,f,the king told the police woman that the driver would not forgive MASKTOKEN for last week's disaster.,the king told the police woman that the driver would not forgive,him,the king told the police woman that the driver would not forgive,2.6174020767211914,2.349893569946289
7,1,Match_Mismatch_Mismatch,Match,Mismatch,Mismatch,king,police woman,maid,m,f,f,the king told the police woman that the maid would not forgive MASKTOKEN for last week's disaster.,the king told the police woman that the maid would not forgive,him,the king told the police woman that the maid would not forgive,1.7314157485961914,2.3002591133117676
7,1,Mismatch_Match_Match,Mismatch,Match,Match,queen,policeman,driver,f,m,m,the queen told the policeman that the driver would not forgive MASKTOKEN for last week's disaster.,the queen told the policeman that the driver would not forgive,him,the queen told the policeman that the driver would not forgive,1.4744960069656372,2.913374423980713
7,1,Mismatch_Match_Mismatch,Mismatch,Match,Mismatch,queen,policeman,maid,f,m,m,the queen told the policeman that the maid would not forgive MASKTOKEN for last week's disaster.,the queen told the policeman that the maid would not forgive,him,the queen told the policeman that the maid would not forgive,1.0613281726837158,2.8376595973968506
7,1,Mismatch_Mismatch_Match,Mismatch,Mismatch,Match,queen,police woman,driver,f,f,f,the queen told the police woman that the driver would not forgive MASKTOKEN for last week's disaster.,the queen told the police woman that the driver would not forgive,him,the queen told the police woman that the driver would not forgive,2.8981573581695557,3.6866774559020996
7,1,Mismatch_Mismatch_Mismatch,Mismatch,Mismatch,Mismatch,queen,police woman,maid,f,f,f,the queen told the police woman that the maid would not forgive MASKTOKEN for last week's disaster.,the queen told the police woman that the maid would not forgive,him,the queen told the police woman that the maid would not forgive,3.255319595336914,3.3657901287078857
8,1,Match_Match_Match,Match,Match,Match,waiter,priest,professor,m,m,m,the waiter told the priest that the professor would take care of MASKTOKEN during the holidays.,the waiter told the priest that the professor would take care of,him,the waiter told the priest that the professor would take care of,3.563974380493164,6.112834453582764
8,1,Match_Match_Mismatch,Match,Match,Mismatch,waiter,priest,secretary,m,m,m,the waiter told the priest that the secretary would take care of MASKTOKEN during the holidays.,the waiter told the priest that the secretary would take care of,him,the waiter told the priest that the secretary would take care of,3.256049871444702,6.029573917388916
8,1,Match_Mismatch_Match,Match,Mismatch,Match,waiter,nun,professor,m,f,f,the waiter told the nun that the professor would take care of MASKTOKEN during the holidays.,the waiter told the nun that the professor would take care of,him,the waiter told the nun that the professor would take care of,5.023809909820557,6.725278377532959
8,1,Match_Mismatch_Mismatch,Match,Mismatch,Mismatch,waiter,nun,secretary,m,f,f,the waiter told the nun that the secretary would take care of MASKTOKEN during the holidays.,the waiter told the nun that the secretary would take care of,him,the waiter told the nun that the secretary would take care of,4.160450458526611,7.06033992767334
8,1,Mismatch_Match_Match,Mismatch,Match,Match,waitress,priest,professor,f,m,m,the waitress told the priest that the professor would take care of MASKTOKEN during the holidays.,the waitress told the priest that the professor would take care of,him,the waitress told the priest that the professor would take care of,4.180112361907959,7.118469715118408
8,1,Mismatch_Match_Mismatch,Mismatch,Match,Mismatch,waitress,priest,secretary,f,m,m,the waitress told the priest that the secretary would take care of MASKTOKEN during the holidays.,the waitress told the priest that the secretary would take care of,him,the waitress told the priest that the secretary would take care of,3.3678526878356934,7.36960506439209
8,1,Mismatch_Mismatch_Match,Mismatch,Mismatch,Match,waitress,nun,professor,f,f,f,the waitress told the nun that the professor would take care of MASKTOKEN during the holidays.,the waitress told the nun that the professor would take care of,him,the waitress told the nun that the professor would take care of,5.493900299072266,7.844613075256348
8,1,Mismatch_Mismatch_Mismatch,Mismatch,Mismatch,Mismatch,waitress,nun,secretary,f,f,f,the waitress told the nun that the secretary would take care of MASKTOKEN during the holidays.,the waitress told the nun that the secretary would take care of,him,the waitress told the nun that the secretary would take care of,4.473567485809326,8.181673049926758
9,1,Match_Match_Match,Match,Match,Match,actor,hunter,brother,m,m,m,the actor told the hunter that the brother would protect MASKTOKEN from getting hurt.,the actor told the hunter that the brother would protect,him,the actor told the hunter that the brother would protect,1.5308815240859985,2.915639638900757
9,1,Match_Match_Mismatch,Match,Match,Mismatch,actor,hunter,sister,m,m,m,the actor told the hunter that the sister would protect MASKTOKEN from getting hurt.,the actor told the hunter that the sister would protect,him,the actor told the hunter that the sister would protect,1.154975414276123,4.781385898590088
9,1,Match_Mismatch_Match,Match,Mismatch,Match,actor,female hunter,brother,m,f,f,the actor told the female hunter that the brother would protect MASKTOKEN from getting hurt.,the actor told the female hunter that the brother would protect,him,the actor told the female hunter that the brother would protect,4.619980335235596,3.0948827266693115
9,1,Match_Mismatch_Mismatch,Match,Mismatch,Mismatch,actor,female hunter,sister,m,f,f,the actor told the female hunter that the sister would protect MASKTOKEN from getting hurt.,the actor told the female hunter that the sister would protect,him,the actor told the female hunter that the sister would protect,2.0341691970825195,5.460865497589111
9,1,Mismatch_Match_Match,Mismatch,Match,Match,actress,hunter,brother,f,m,m,the actress told the hunter that the brother would protect MASKTOKEN from getting hurt.,the actress told the hunter that the brother would protect,him,the actress told the hunter that the brother would protect,4.3539838790893555,4.225007057189941
9,1,Mismatch_Match_Mismatch,Mismatch,Match,Mismatch,actress,hunter,sister,f,m,m,the actress told the hunter that the sister would protect MASKTOKEN from getting hurt.,the actress told the hunter that the sister would protect,him,the actress told the hunter that the sister would protect,1.9165464639663696,6.6678147315979
9,1,Mismatch_Mismatch_Match,Mismatch,Mismatch,Match,actress,female hunter,brother,f,f,f,the actress told the female hunter that the brother would protect MASKTOKEN from getting hurt.,the actress told the female hunter that the brother would protect,him,the actress told the female hunter that the brother would protect,6.124883651733398,4.533158302307129
9,1,Mismatch_Mismatch_Mismatch,Mismatch,Mismatch,Mismatch,actress,female hunter,sister,f,f,f,the actress told the female hunter that the sister would protect MASKTOKEN from getting hurt.,the actress told the female hunter that the sister would protect,him,the actress told the female hunter that the sister would protect,4.061836242675781,6.721279144287109
10,1,Match_Match_Match,Match,Match,Match,nephew,emperor,son,m,m,m,the nephew told the emperor that the son would entertain MASKTOKEN after dinner tonight.,the nephew told the emperor that the son would entertain,him,the nephew told the emperor that the son would entertain,1.3686742782592773,5.588243007659912
10,1,Match_Match_Mismatch,Match,Match,Mismatch,nephew,emperor,daughter,m,m,m,the nephew told the emperor that the daughter would entertain MASKTOKEN after dinner tonight.,the nephew told the emperor that the daughter would entertain,him,the nephew told the emperor that the daughter would entertain,1.3031666278839111,5.223198890686035
10,1,Match_Mismatch_Match,Match,Mismatch,Match,nephew,queen,son,m,f,f,the nephew told the queen that the son would entertain MASKTOKEN after dinner tonight.,the nephew told the queen that the son would entertain,him,the nephew told the queen that the son would entertain,4.981265068054199,5.970571517944336
10,1,Match_Mismatch_Mismatch,Match,Mismatch,Mismatch,nephew,queen,daughter,m,f,f,the nephew told the queen that the daughter would entertain MASKTOKEN after dinner tonight.,the nephew told the queen that the daughter would entertain,him,the nephew told the queen that the daughter would entertain,2.1059722900390625,6.299901962280273
10,1,Mismatch_Match_Match,Mismatch,Match,Match,niece,emperor,son,f,m,m,the niece told the emperor that the son would entertain MASKTOKEN after dinner tonight.,the niece told the emperor that the son would entertain,him,the niece told the emperor that the son would entertain,3.2132787704467773,5.813326358795166
10,1,Mismatch_Match_Mismatch,Mismatch,Match,Mismatch,niece,emperor,daughter,f,m,m,the niece told the emperor that the daughter would entertain MASKTOKEN after dinner tonight.,the niece told the emperor that the daughter would entertain,him,the niece told the emperor that the daughter would entertain,1.4891424179077148,5.647675037384033
10,1,Mismatch_Mismatch_Match,Mismatch,Mismatch,Match,niece,queen,son,f,f,f,the niece told the queen that the son would entertain MASKTOKEN after dinner tonight.,the niece told the queen that the son would entertain,him,the niece told the queen that the son would entertain,6.578085899353027,6.297718524932861
10,1,Mismatch_Mismatch_Mismatch,Mismatch,Mismatch,Mismatch,niece,queen,daughter,f,f,f,the niece told the queen that the daughter would entertain MASKTOKEN after dinner tonight.,the niece told the queen that the daughter would entertain,him,the niece told the queen that the daughter would entertain,4.0990447998046875,6.697939395904541
11,1,Match_Match_Match,Match,Match,Match,uncle,lord,husband,m,m,m,the uncle told the lord that the husband would remind MASKTOKEN of the job that needed to be done.,the uncle told the lord that the husband would remind,him,the uncle told the lord that the husband would remind,1.3958723545074463,1.5450133085250854
11,1,Match_Match_Mismatch,Match,Match,Mismatch,uncle,lord,wife,m,m,m,the uncle told the lord that the wife would remind MASKTOKEN of the job that needed to be done.,the uncle told the lord that the wife would remind,him,the uncle told the lord that the wife would remind,0.683517575263977,1.2958829402923584
11,1,Match_Mismatch_Match,Match,Mismatch,Match,uncle,lady,husband,m,f,f,the uncle told the lady that the husband would remind MASKTOKEN of the job that needed to be done.,the uncle told the lady that the husband would remind,him,the uncle told the lady that the husband would remind,3.0595760345458984,5.162446975708008
11,1,Match_Mismatch_Mismatch,Match,Mismatch,Mismatch,uncle,lady,wife,m,f,f,the uncle told the lady that the wife would remind MASKTOKEN of the job that needed to be done.,the uncle told the lady that the wife would remind,him,the uncle told the lady that the wife would remind,0.8619639873504639,3.559731960296631
11,1,Mismatch_Match_Match,Mismatch,Match,Match,aunt,lord,husband,f,m,m,the aunt told the lord that the husband would remind MASKTOKEN of the job that needed to be done.,the aunt told the lord that the husband would remind,him,the aunt told the lord that the husband would remind,4.15471887588501,2.0578267574310303
11,1,Mismatch_Match_Mismatch,Mismatch,Match,Mismatch,aunt,lord,wife,f,m,m,the aunt told the lord that the wife would remind MASKTOKEN of the job that needed to be done.,the aunt told the lord that the wife would remind,him,the aunt told the lord that the wife would remind,1.5183484554290771,1.3456721305847168
11,1,Mismatch_Mismatch_Match,Mismatch,Mismatch,Match,aunt,lady,husband,f,f,f,the aunt told the lady that the husband would remind MASKTOKEN of the job that needed to be done.,the aunt told the lady that the husband would remind,him,the aunt told the lady that the husband would remind,5.22470235824585,6.613449573516846
11,1,Mismatch_Mismatch_Mismatch,Mismatch,Mismatch,Mismatch,aunt,lady,wife,f,f,f,the aunt told the lady that the wife would remind MASKTOKEN of the job that needed to be done.,the aunt told the lady that the wife would remind,him,the aunt told the lady that the wife would remind,2.4663188457489014,5.371096134185791
12,1,Match_Match_Match,Match,Match,Match,father,bachelor,businessman,m,m,m,the father warned the bachelor that the businessman would blame MASKTOKEN for the high cost of tests.,the father warned the bachelor that the businessman would blame,him,the father warned the bachelor that the businessman would blame,0.5403551459312439,4.37313985824585
12,1,Match_Match_Mismatch,Match,Match,Mismatch,father,bachelor,business woman,m,m,m,the father warned the bachelor that the business woman would blame MASKTOKEN for the high cost of tests.,the father warned the bachelor that the business woman would blame,him,the father warned the bachelor that the business woman would blame,0.24450233578681946,4.176059246063232
12,1,Match_Mismatch_Match,Match,Mismatch,Match,father,widow,businessman,m,f,f,the father warned the widow that the businessman would blame MASKTOKEN for the high cost of tests.,the father warned the widow that the businessman would blame,him,the father warned the widow that the businessman would blame,6.159544944763184,4.504433631896973
12,1,Match_Mismatch_Mismatch,Match,Mismatch,Mismatch,father,widow,business woman,m,f,f,the father warned the widow that the business woman would blame MASKTOKEN for the high cost of tests.,the father warned the widow that the business woman would blame,him,the father warned the widow that the business woman would blame,1.5487924814224243,5.280739784240723
12,1,Mismatch_Match_Match,Mismatch,Match,Match,mother,bachelor,businessman,f,m,m,the mother warned the bachelor that the businessman would blame MASKTOKEN for the high cost of tests.,the mother warned the bachelor that the businessman would blame,him,the mother warned the bachelor that the businessman would blame,1.549831748008728,4.440014839172363
12,1,Mismatch_Match_Mismatch,Mismatch,Match,Mismatch,mother,bachelor,business woman,f,m,m,the mother warned the bachelor that the business woman would blame MASKTOKEN for the high cost of tests.,the mother warned the bachelor that the business woman would blame,him,the mother warned the bachelor that the business woman would blame,0.2274511307477951,4.959081649780273
12,1,Mismatch_Mismatch_Match,Mismatch,Mismatch,Match,mother,widow,businessman,f,f,f,the mother warned the widow that the businessman would blame MASKTOKEN for the high cost of tests.,the mother warned the widow that the businessman would blame,him,the mother warned the widow that the businessman would blame,7.3020734786987305,5.302708148956299
12,1,Mismatch_Mismatch_Mismatch,Mismatch,Mismatch,Mismatch,mother,widow,business woman,f,f,f,the mother warned the widow that the business woman would blame MASKTOKEN for the high cost of tests.,the mother warned the widow that the business woman would blame,him,the mother warned the widow that the business woman would blame,3.697150945663452,6.149972438812256
13,1,Match_Match_Match,Match,Match,Match,groom,wizard,boyfriend,m,m,m,the groom convinced the wizard that the boyfriend should give MASKTOKEN a raise in pay.,the groom convinced the wizard that the boyfriend should give,him,the groom convinced the wizard that the boyfriend should give,2.3776791095733643,4.508245944976807
13,1,Match_Match_Mismatch,Match,Match,Mismatch,groom,wizard,girlfriend,m,m,m,the groom convinced the wizard that the girlfriend should give MASKTOKEN a raise in pay.,the groom convinced the wizard that the girlfriend should give,him,the groom convinced the wizard that the girlfriend should give,2.019634485244751,4.95391845703125
13,1,Match_Mismatch_Match,Match,Mismatch,Match,groom,witch,boyfriend,m,f,f,the groom convinced the witch that the boyfriend should give MASKTOKEN a raise in pay.,the groom convinced the witch that the boyfriend should give,him,the groom convinced the witch that the boyfriend should give,3.0138919353485107,4.917694091796875
13,1,Match_Mismatch_Mismatch,Match,Mismatch,Mismatch,groom,witch,girlfriend,m,f,f,the groom convinced the witch that the girlfriend should give MASKTOKEN a raise in pay.,the groom convinced the witch that the girlfriend should give,him,the groom convinced the witch that the girlfriend should give,1.9688869714736938,5.993939399719238
13,1,Mismatch_Match_Match,Mismatch,Match,Match,bride,wizard,boyfriend,f,m,m,the bride convinced the wizard that the boyfriend should give MASKTOKEN a raise in pay.,the bride convinced the wizard that the boyfriend should give,him,the bride convinced the wizard that the boyfriend should give,4.696089744567871,5.11875581741333
13,1,Mismatch_Match_Mismatch,Mismatch,Match,Mismatch,bride,wizard,girlfriend,f,m,m,the bride convinced the wizard that the girlfriend should give MASKTOKEN a raise in pay.,the bride convinced the wizard that the girlfriend should give,him,the bride convinced the wizard that the girlfriend should give,2.643303394317627,5.296977519989014
13,1,Mismatch_Mismatch_Match,Mismatch,Mismatch,Match,bride,witch,boyfriend,f,f,f,the bride convinced the witch that the boyfriend should give MASKTOKEN a raise in pay.,the bride convinced the witch that the boyfriend should give,him,the bride convinced the witch that the boyfriend should give,5.960284233093262,5.9805521965026855
13,1,Mismatch_Mismatch_Mismatch,Mismatch,Mismatch,Mismatch,bride,witch,girlfriend,f,f,f,the bride convinced the witch that the girlfriend should give MASKTOKEN a raise in pay.,the bride convinced the witch that the girlfriend should give,him,the bride convinced the witch that the girlfriend should give,3.756326913833618,6.414029598236084
14,1,Match_Match_Match,Match,Match,Match,priest,sorcerer,congressman,m,m,m,the priest told the sorcerer that the congressman would probably not protect MASKTOKEN under the circumstances.,the priest told the sorcerer that the congressman would probably not protect,him,the priest told the sorcerer that the congressman would probably not protect,1.7042300701141357,4.189066410064697
14,1,Match_Match_Mismatch,Match,Match,Mismatch,priest,sorcerer,congress woman,m,m,m,the priest told the sorcerer that the congress woman would probably not protect MASKTOKEN under the circumstances.,the priest told the sorcerer that the congress woman would probably not protect,him,the priest told the sorcerer that the congress woman would probably not protect,1.3861101865768433,4.103508472442627
14,1,Match_Mismatch_Match,Match,Mismatch,Match,priest,witch,congressman,m,f,f,the priest told the witch that the congressman would probably not protect MASKTOKEN under the circumstances.,the priest told the witch that the congressman would probably not protect,him,the priest told the witch that the congressman would probably not protect,5.437533855438232,4.459641933441162
14,1,Match_Mismatch_Mismatch,Match,Mismatch,Mismatch,priest,witch,congress woman,m,f,f,the priest told the witch that the congress woman would probably not protect MASKTOKEN under the circumstances.,the priest told the witch that the congress woman would probably not protect,him,the priest told the witch that the congress woman would probably not protect,2.40975284576416,4.389649868011475
14,1,Mismatch_Match_Match,Mismatch,Match,Match,nun,sorcerer,congressman,f,m,m,the nun told the sorcerer that the congressman would probably not protect MASKTOKEN under the circumstances.,the nun told the sorcerer that the congressman would probably not protect,him,the nun told the sorcerer that the congressman would probably not protect,4.165173530578613,6.794407844543457
14,1,Mismatch_Match_Mismatch,Mismatch,Match,Mismatch,nun,sorcerer,congress woman,f,m,m,the nun told the sorcerer that the congress woman would probably not protect MASKTOKEN under the circumstances.,the nun told the sorcerer that the congress woman would probably not protect,him,the nun told the sorcerer that the congress woman would probably not protect,1.6948593854904175,6.336536884307861
14,1,Mismatch_Mismatch_Match,Mismatch,Mismatch,Match,nun,witch,congressman,f,f,f,the nun told the witch that the congressman would probably not protect MASKTOKEN under the circumstances.,the nun told the witch that the congressman would probably not protect,him,the nun told the witch that the congressman would probably not protect,6.473331451416016,6.947357177734375
14,1,Mismatch_Mismatch_Mismatch,Mismatch,Mismatch,Mismatch,nun,witch,congress woman,f,f,f,the nun told the witch that the congress woman would probably not protect MASKTOKEN under the circumstances.,the nun told the witch that the congress woman would probably not protect,him,the nun told the witch that the congress woman would probably not protect,3.718146562576294,6.769175052642822
15,1,Match_Match_Match,Match,Match,Match,driver,chairman,council man,m,m,m,the driver told the chairman that the council man would introduce  MASKTOKEN to the famous diplomat.,the driver told the chairman that the council man would introduce,him,the driver told the chairman that the council man would introduce,3.852933168411255,4.122512340545654
15,1,Match_Match_Mismatch,Match,Match,Mismatch,driver,chairman,council woman,m,m,m,the driver told the chairman that the council woman would introduce  MASKTOKEN to the famous diplomat.,the driver told the chairman that the council woman would introduce,him,the driver told the chairman that the council woman would introduce,2.448484182357788,3.1879818439483643
15,1,Match_Mismatch_Match,Match,Mismatch,Match,driver,chair woman,council man,m,f,f,the driver told the chair woman that the council man would introduce  MASKTOKEN to the famous diplomat.,the driver told the chair woman that the council man would introduce,him,the driver told the chair woman that the council man would introduce,4.531269550323486,4.044869422912598
15,1,Match_Mismatch_Mismatch,Match,Mismatch,Mismatch,driver,chair woman,council woman,m,f,f,the driver told the chair woman that the council woman would introduce  MASKTOKEN to the famous diplomat.,the driver told the chair woman that the council woman would introduce,him,the driver told the chair woman that the council woman would introduce,3.027830123901367,3.2576706409454346
15,1,Mismatch_Match_Match,Mismatch,Match,Match,maid,chairman,council man,f,m,m,the maid told the chairman that the council man would introduce  MASKTOKEN to the famous diplomat.,the maid told the chairman that the council man would introduce,him,the maid told the chairman that the council man would introduce,4.220987796783447,5.840480327606201
15,1,Mismatch_Match_Mismatch,Mismatch,Match,Mismatch,maid,chairman,council woman,f,m,m,the maid told the chairman that the council woman would introduce  MASKTOKEN to the famous diplomat.,the maid told the chairman that the council woman would introduce,him,the maid told the chairman that the council woman would introduce,2.9579577445983887,4.782588958740234
15,1,Mismatch_Mismatch_Match,Mismatch,Mismatch,Match,maid,chair woman,council man,f,f,f,the maid told the chair woman that the council man would introduce  MASKTOKEN to the famous diplomat.,the maid told the chair woman that the council man would introduce,him,the maid told the chair woman that the council man would introduce,5.0084052085876465,5.773180961608887
15,1,Mismatch_Mismatch_Mismatch,Mismatch,Mismatch,Mismatch,maid,chair woman,council woman,f,f,f,the maid told the chair woman that the council woman would introduce  MASKTOKEN to the famous diplomat.,the maid told the chair woman that the council woman would introduce,him,the maid told the chair woman that the council woman would introduce,4.561575412750244,4.858207702636719
16,1,Match_Match_Match,Match,Match,Match,professor,boy,granddaughter,m,m,m,the professor warned the boy that the granddaughter would be angry with MASKTOKEN for forgetting about the show.,the professor warned the boy that the granddaughter would be angry with,him,the professor warned the boy that the granddaughter would be angry with,0.11310688406229019,3.869993209838867
16,1,Match_Match_Mismatch,Match,Match,Mismatch,professor,boy,grandson,m,m,m,the professor warned the boy that the grandson would be angry with MASKTOKEN for forgetting about the show.,the professor warned the boy that the grandson would be angry with,him,the professor warned the boy that the grandson would be angry with,0.15550754964351654,3.3766515254974365
16,1,Match_Mismatch_Match,Match,Mismatch,Match,professor,girl,granddaughter,m,f,f,the professor warned the girl that the granddaughter would be angry with MASKTOKEN for forgetting about the show.,the professor warned the girl that the granddaughter would be angry with,him,the professor warned the girl that the granddaughter would be angry with,4.669622898101807,5.424428939819336
16,1,Match_Mismatch_Mismatch,Match,Mismatch,Mismatch,professor,girl,grandson,m,f,f,the professor warned the girl that the grandson would be angry with MASKTOKEN for forgetting about the show.,the professor warned the girl that the grandson would be angry with,him,the professor warned the girl that the grandson would be angry with,5.15877103805542,4.404446125030518
16,1,Mismatch_Match_Match,Mismatch,Match,Match,secretary,boy,granddaughter,f,m,m,the secretary warned the boy that the granddaughter would be angry with MASKTOKEN for forgetting about the show.,the secretary warned the boy that the granddaughter would be angry with,him,the secretary warned the boy that the granddaughter would be angry with,0.1291017085313797,3.9466516971588135
16,1,Mismatch_Match_Mismatch,Mismatch,Match,Mismatch,secretary,boy,grandson,f,m,m,the secretary warned the boy that the grandson would be angry with MASKTOKEN for forgetting about the show.,the secretary warned the boy that the grandson would be angry with,him,the secretary warned the boy that the grandson would be angry with,0.19265642762184143,3.3219871520996094
16,1,Mismatch_Mismatch_Match,Mismatch,Mismatch,Match,secretary,girl,granddaughter,f,f,f,the secretary warned the girl that the granddaughter would be angry with MASKTOKEN for forgetting about the show.,the secretary warned the girl that the granddaughter would be angry with,him,the secretary warned the girl that the granddaughter would be angry with,4.348214626312256,5.5396623611450195
16,1,Mismatch_Mismatch_Mismatch,Mismatch,Mismatch,Mismatch,secretary,girl,grandson,f,f,f,the secretary warned the girl that the grandson would be angry with MASKTOKEN for forgetting about the show.,the secretary warned the girl that the grandson would be angry with,him,the secretary warned the girl that the grandson would be angry with,4.912764549255371,4.284876823425293
17,1,Match_Match_Match,Match,Match,Match,brother,boy,wizard,m,m,m,the brother told the boy that the wizard might treat MASKTOKEN to an expensive dinner in a nice restaurant.,the brother told the boy that the wizard might treat,him,the brother told the boy that the wizard might treat,0.26788651943206787,4.166624546051025
17,1,Match_Match_Mismatch,Match,Match,Mismatch,brother,boy,witch,m,m,m,the brother told the boy that the witch might treat MASKTOKEN to an expensive dinner in a nice restaurant.,the brother told the boy that the witch might treat,him,the brother told the boy that the witch might treat,0.2603108584880829,4.346677780151367
17,1,Match_Mismatch_Match,Match,Mismatch,Match,brother,girl,wizard,m,f,f,the brother told the girl that the wizard might treat MASKTOKEN to an expensive dinner in a nice restaurant.,the brother told the girl that the wizard might treat,him,the brother told the girl that the wizard might treat,3.011418581008911,4.751768589019775
17,1,Match_Mismatch_Mismatch,Match,Mismatch,Mismatch,brother,girl,witch,m,f,f,the brother told the girl that the witch might treat MASKTOKEN to an expensive dinner in a nice restaurant.,the brother told the girl that the witch might treat,him,the brother told the girl that the witch might treat,1.8025705814361572,5.146504878997803
17,1,Mismatch_Match_Match,Mismatch,Match,Match,sister,boy,wizard,f,m,m,the sister told the boy that the wizard might treat MASKTOKEN to an expensive dinner in a nice restaurant.,the sister told the boy that the wizard might treat,him,the sister told the boy that the wizard might treat,1.031965970993042,5.256083965301514
17,1,Mismatch_Match_Mismatch,Mismatch,Match,Mismatch,sister,boy,witch,f,m,m,the sister told the boy that the witch might treat MASKTOKEN to an expensive dinner in a nice restaurant.,the sister told the boy that the witch might treat,him,the sister told the boy that the witch might treat,0.5241209268569946,4.776066303253174
17,1,Mismatch_Mismatch_Match,Mismatch,Mismatch,Match,sister,girl,wizard,f,f,f,the sister told the girl that the wizard might treat MASKTOKEN to an expensive dinner in a nice restaurant.,the sister told the girl that the wizard might treat,him,the sister told the girl that the wizard might treat,5.680981636047363,6.477846145629883
17,1,Mismatch_Mismatch_Mismatch,Mismatch,Mismatch,Mismatch,sister,girl,witch,f,f,f,the sister told the girl that the witch might treat MASKTOKEN to an expensive dinner in a nice restaurant.,the sister told the girl that the witch might treat,him,the sister told the girl that the witch might treat,6.308525085449219,5.907044887542725
18,1,Match_Match_Match,Match,Match,Match,son,man,lord,m,m,m,the son told the man that the lord would introduce MASKTOKEN to the band leader.,the son told the man that the lord would introduce,him,the son told the man that the lord would introduce,0.6574696898460388,3.967404365539551
18,1,Match_Match_Mismatch,Match,Match,Mismatch,son,man,lady,m,m,m,the son told the man that the lady would introduce MASKTOKEN to the band leader.,the son told the man that the lady would introduce,him,the son told the man that the lady would introduce,0.6666684746742249,2.602525472640991
18,1,Match_Mismatch_Match,Match,Mismatch,Match,son,woman,lord,m,f,f,the son told the woman that the lord would introduce MASKTOKEN to the band leader.,the son told the woman that the lord would introduce,him,the son told the woman that the lord would introduce,1.2625036239624023,4.53696346282959
18,1,Match_Mismatch_Mismatch,Match,Mismatch,Mismatch,son,woman,lady,m,f,f,the son told the woman that the lady would introduce MASKTOKEN to the band leader.,the son told the woman that the lady would introduce,him,the son told the woman that the lady would introduce,0.8353151082992554,3.4329826831817627
18,1,Mismatch_Match_Match,Mismatch,Match,Match,daughter,man,lord,f,m,m,the daughter told the man that the lord would introduce MASKTOKEN to the band leader.,the daughter told the man that the lord would introduce,him,the daughter told the man that the lord would introduce,2.5425405502319336,5.166447639465332
18,1,Mismatch_Match_Mismatch,Mismatch,Match,Mismatch,daughter,man,lady,f,m,m,the daughter told the man that the lady would introduce MASKTOKEN to the band leader.,the daughter told the man that the lady would introduce,him,the daughter told the man that the lady would introduce,1.330473780632019,4.086658477783203
18,1,Mismatch_Mismatch_Match,Mismatch,Mismatch,Match,daughter,woman,lord,f,f,f,the daughter told the woman that the lord would introduce MASKTOKEN to the band leader.,the daughter told the woman that the lord would introduce,him,the daughter told the woman that the lord would introduce,4.273221015930176,6.414909362792969
18,1,Mismatch_Mismatch_Mismatch,Mismatch,Mismatch,Mismatch,daughter,woman,lady,f,f,f,the daughter told the woman that the lady would introduce MASKTOKEN to the band leader.,the daughter told the woman that the lady would introduce,him,the daughter told the woman that the lady would introduce,4.404938220977783,4.86080265045166
19,1,Match_Match_Match,Match,Match,Match,husband,doctor,god,m,m,m,the husband told the doctor that the god would get MASKTOKEN some lunch after the event.,the husband told the doctor that the god would get,him,the husband told the doctor that the god would get,2.8663330078125,6.142753601074219
19,1,Match_Match_Mismatch,Match,Match,Mismatch,husband,doctor,goddess,m,m,m,the husband told the doctor that the goddess would get MASKTOKEN some lunch after the event.,the husband told the doctor that the goddess would get,him,the husband told the doctor that the goddess would get,3.5015251636505127,7.130699634552002
19,1,Match_Mismatch_Match,Match,Mismatch,Match,husband,nurse,god,m,f,f,the husband told the nurse that the god would get MASKTOKEN some lunch after the event.,the husband told the nurse that the god would get,him,the husband told the nurse that the god would get,2.9197301864624023,6.047855854034424
19,1,Match_Mismatch_Mismatch,Match,Mismatch,Mismatch,husband,nurse,goddess,m,f,f,the husband told the nurse that the goddess would get MASKTOKEN some lunch after the event.,the husband told the nurse that the goddess would get,him,the husband told the nurse that the goddess would get,3.2857608795166016,8.101594924926758
19,1,Mismatch_Match_Match,Mismatch,Match,Match,wife,doctor,god,f,m,m,the wife told the doctor that the god would get MASKTOKEN some lunch after the event.,the wife told the doctor that the god would get,him,the wife told the doctor that the god would get,5.093017578125,6.5223236083984375
19,1,Mismatch_Match_Mismatch,Mismatch,Match,Mismatch,wife,doctor,goddess,f,m,m,the wife told the doctor that the goddess would get MASKTOKEN some lunch after the event.,the wife told the doctor that the goddess would get,him,the wife told the doctor that the goddess would get,5.640847682952881,7.813930988311768
19,1,Mismatch_Mismatch_Match,Mismatch,Mismatch,Match,wife,nurse,god,f,f,f,the wife told the nurse that the god would get MASKTOKEN some lunch after the event.,the wife told the nurse that the god would get,him,the wife told the nurse that the god would get,5.541313171386719,6.334395885467529
19,1,Mismatch_Mismatch_Mismatch,Mismatch,Mismatch,Mismatch,wife,nurse,goddess,f,f,f,the wife told the nurse that the goddess would get MASKTOKEN some lunch after the event.,the wife told the nurse that the goddess would get,him,the wife told the nurse that the goddess would get,5.5893025398254395,8.685250282287598
20,1,Match_Match_Match,Match,Match,Match,businessman,actor,hero,m,m,m,the businessman told the actor that the hero would buy MASKTOKEN twenty yards ot fine silk.,the businessman told the actor that the hero would buy,him,the businessman told the actor that the hero would buy,1.9965373277664185,8.584041595458984
20,1,Match_Match_Mismatch,Match,Match,Mismatch,businessman,actor,heroine,m,m,m,the businessman told the actor that the heroine would buy MASKTOKEN twenty yards ot fine silk.,the businessman told the actor that the heroine would buy,him,the businessman told the actor that the heroine would buy,2.3107545375823975,9.373208045959473
20,1,Match_Mismatch_Match,Match,Mismatch,Match,businessman,actress,hero,m,f,f,the businessman told the actress that the hero would buy MASKTOKEN twenty yards ot fine silk.,the businessman told the actress that the hero would buy,him,the businessman told the actress that the hero would buy,4.602243423461914,8.535357475280762
20,1,Match_Mismatch_Mismatch,Match,Mismatch,Mismatch,businessman,actress,heroine,m,f,f,the businessman told the actress that the heroine would buy MASKTOKEN twenty yards ot fine silk.,the businessman told the actress that the heroine would buy,him,the businessman told the actress that the heroine would buy,2.7155439853668213,8.28689956665039
20,1,Mismatch_Match_Match,Mismatch,Match,Match,business woman,actor,hero,f,m,m,the business woman told the actor that the hero would buy MASKTOKEN twenty yards ot fine silk.,the business woman told the actor that the hero would buy,him,the business woman told the actor that the hero would buy,3.9602034091949463,8.58247184753418
20,1,Mismatch_Match_Mismatch,Mismatch,Match,Mismatch,business woman,actor,heroine,f,m,m,the business woman told the actor that the heroine would buy MASKTOKEN twenty yards ot fine silk.,the business woman told the actor that the heroine would buy,him,the business woman told the actor that the heroine would buy,2.2686591148376465,8.87241268157959
20,1,Mismatch_Mismatch_Match,Mismatch,Mismatch,Match,business woman,actress,hero,f,f,f,the business woman told the actress that the hero would buy MASKTOKEN twenty yards ot fine silk.,the business woman told the actress that the hero would buy,him,the business woman told the actress that the hero would buy,8.57872486114502,8.678953170776367
20,1,Mismatch_Mismatch_Mismatch,Mismatch,Mismatch,Mismatch,business woman,actress,heroine,f,f,f,the business woman told the actress that the heroine would buy MASKTOKEN twenty yards ot fine silk.,the business woman told the actress that the heroine would buy,him,the business woman told the actress that the heroine would buy,5.381657123565674,8.199158668518066
21,1,Match_Match_Match,Match,Match,Match,boyfriend,prince,policeman,m,m,m,the boyfriend told the prince that the policeman would supply MASKTOKEN with the stolen equipment.,the boyfriend told the prince that the policeman would supply,him,the boyfriend told the prince that the policeman would supply,1.4134031534194946,3.4019546508789062
21,1,Match_Match_Mismatch,Match,Match,Mismatch,boyfriend,prince,police woman,m,m,m,the boyfriend told the prince that the police woman would supply MASKTOKEN with the stolen equipment.,the boyfriend told the prince that the police woman would supply,him,the boyfriend told the prince that the police woman would supply,1.6802101135253906,3.9017810821533203
21,1,Match_Mismatch_Match,Match,Mismatch,Match,boyfriend,princess,policeman,m,f,f,the boyfriend told the princess that the policeman would supply MASKTOKEN with the stolen equipment.,the boyfriend told the princess that the policeman would supply,him,the boyfriend told the princess that the policeman would supply,2.842217206954956,3.998713970184326
21,1,Match_Mismatch_Mismatch,Match,Mismatch,Mismatch,boyfriend,princess,police woman,m,f,f,the boyfriend told the princess that the police woman would supply MASKTOKEN with the stolen equipment.,the boyfriend told the princess that the police woman would supply,him,the boyfriend told the princess that the police woman would supply,2.418919563293457,5.438236236572266
21,1,Mismatch_Match_Match,Mismatch,Match,Match,girlfriend,prince,policeman,f,m,m,the girlfriend told the prince that the policeman would supply MASKTOKEN with the stolen equipment.,the girlfriend told the prince that the policeman would supply,him,the girlfriend told the prince that the policeman would supply,1.796197772026062,3.8036255836486816
21,1,Mismatch_Match_Mismatch,Mismatch,Match,Mismatch,girlfriend,prince,police woman,f,m,m,the girlfriend told the prince that the police woman would supply MASKTOKEN with the stolen equipment.,the girlfriend told the prince that the police woman would supply,him,the girlfriend told the prince that the police woman would supply,1.7965404987335205,5.236674785614014
21,1,Mismatch_Mismatch_Match,Mismatch,Mismatch,Match,girlfriend,princess,policeman,f,f,f,the girlfriend told the princess that the policeman would supply MASKTOKEN with the stolen equipment.,the girlfriend told the princess that the policeman would supply,him,the girlfriend told the princess that the policeman would supply,4.0439910888671875,4.811014175415039
21,1,Mismatch_Mismatch_Mismatch,Mismatch,Mismatch,Mismatch,girlfriend,princess,police woman,f,f,f,the girlfriend told the princess that the police woman would supply MASKTOKEN with the stolen equipment.,the girlfriend told the princess that the police woman would supply,him,the girlfriend told the princess that the police woman would supply,4.889524936676025,6.321415424346924
22,1,Match_Match_Match,Match,Match,Match,grandfather,lord,hunter,m,m,m,the grandfather told the lord that the hunter would be proud of MASKTOKEN for saving the child's life.,the grandfather told the lord that the hunter would be proud of,him,the grandfather told the lord that the hunter would be proud of,2.0214784145355225,4.360050678253174
22,1,Match_Match_Mismatch,Match,Match,Mismatch,grandfather,lord,female hunter,m,m,m,the grandfather told the lord that the female hunter would be proud of MASKTOKEN for saving the child's life.,the grandfather told the lord that the female hunter would be proud of,him,the grandfather told the lord that the female hunter would be proud of,1.5111311674118042,5.112421035766602
22,1,Match_Mismatch_Match,Match,Mismatch,Match,grandfather,lady,hunter,m,f,f,the grandfather told the lady that the hunter would be proud of MASKTOKEN for saving the child's life.,the grandfather told the lady that the hunter would be proud of,him,the grandfather told the lady that the hunter would be proud of,3.232004165649414,4.868518352508545
22,1,Match_Mismatch_Mismatch,Match,Mismatch,Mismatch,grandfather,lady,female hunter,m,f,f,the grandfather told the lady that the female hunter would be proud of MASKTOKEN for saving the child's life.,the grandfather told the lady that the female hunter would be proud of,him,the grandfather told the lady that the female hunter would be proud of,1.6878390312194824,5.917809963226318
22,1,Mismatch_Match_Match,Mismatch,Match,Match,grandmother,lord,hunter,f,m,m,the grandmother told the lord that the hunter would be proud of MASKTOKEN for saving the child's life.,the grandmother told the lord that the hunter would be proud of,him,the grandmother told the lord that the hunter would be proud of,4.2026238441467285,4.609483242034912
22,1,Mismatch_Match_Mismatch,Mismatch,Match,Mismatch,grandmother,lord,female hunter,f,m,m,the grandmother told the lord that the female hunter would be proud of MASKTOKEN for saving the child's life.,the grandmother told the lord that the female hunter would be proud of,him,the grandmother told the lord that the female hunter would be proud of,2.6014649868011475,5.7863898277282715
22,1,Mismatch_Mismatch_Match,Mismatch,Mismatch,Match,grandmother,lady,hunter,f,f,f,the grandmother told the lady that the hunter would be proud of MASKTOKEN for saving the child's life.,the grandmother told the lady that the hunter would be proud of,him,the grandmother told the lady that the hunter would be proud of,5.41759729385376,5.2296905517578125
22,1,Mismatch_Mismatch_Mismatch,Mismatch,Mismatch,Mismatch,grandmother,lady,female hunter,f,f,f,the grandmother told the lady that the female hunter would be proud of MASKTOKEN for saving the child's life.,the grandmother told the lady that the female hunter would be proud of,him,the grandmother told the lady that the female hunter would be proud of,4.018700122833252,6.17238712310791
23,1,Match_Match_Match,Match,Match,Match,council man,king,lord,m,m,m,the council man told the king that the lord would be upset with MASKTOKEN when the news became known.,the council man told the king that the lord would be upset with,him,the council man told the king that the lord would be upset with,1.0288257598876953,5.166966915130615
23,1,Match_Match_Mismatch,Match,Match,Mismatch,council man,king,lady,m,m,m,the council man told the king that the lady would be upset with MASKTOKEN when the news became known.,the council man told the king that the lady would be upset with,him,the council man told the king that the lady would be upset with,0.8625521659851074,4.313006401062012
23,1,Match_Mismatch_Match,Match,Mismatch,Match,council man,queen,lord,m,f,f,the council man told the queen that the lord would be upset with MASKTOKEN when the news became known.,the council man told the queen that the lord would be upset with,him,the council man told the queen that the lord would be upset with,3.970167398452759,5.738472938537598
23,1,Match_Mismatch_Mismatch,Match,Mismatch,Mismatch,council man,queen,lady,m,f,f,the council man told the queen that the lady would be upset with MASKTOKEN when the news became known.,the council man told the queen that the lady would be upset with,him,the council man told the queen that the lady would be upset with,1.3677345514297485,4.997328281402588
23,1,Mismatch_Match_Match,Mismatch,Match,Match,council woman,king,lord,f,m,m,the council woman told the king that the lord would be upset with MASKTOKEN when the news became known.,the council woman told the king that the lord would be upset with,him,the council woman told the king that the lord would be upset with,2.2276954650878906,6.828319072723389
23,1,Mismatch_Match_Mismatch,Mismatch,Match,Mismatch,council woman,king,lady,f,m,m,the council woman told the king that the lady would be upset with MASKTOKEN when the news became known.,the council woman told the king that the lady would be upset with,him,the council woman told the king that the lady would be upset with,1.086315393447876,5.7378106117248535
23,1,Mismatch_Mismatch_Match,Mismatch,Mismatch,Match,council woman,queen,lord,f,f,f,the council woman told the queen that the lord would be upset with MASKTOKEN when the news became known.,the council woman told the queen that the lord would be upset with,him,the council woman told the queen that the lord would be upset with,6.069198131561279,7.185947418212891
23,1,Mismatch_Mismatch_Mismatch,Mismatch,Mismatch,Mismatch,council woman,queen,lady,f,f,f,the council woman told the queen that the lady would be upset with MASKTOKEN when the news became known.,the council woman told the queen that the lady would be upset with,him,the council woman told the queen that the lady would be upset with,4.077439308166504,6.59653902053833
24,1,Match_Match_Match,Match,Match,Match,granddaughter,waiter,chairman,m,m,m,the granddaughter told the waiter that the chairman would protect MASKTOKEN if there were an investigation.,the granddaughter told the waiter that the chairman would protect,him,the granddaughter told the waiter that the chairman would protect,4.780221462249756,6.443057537078857
24,1,Match_Match_Mismatch,Match,Match,Mismatch,granddaughter,waiter,chair woman,m,m,m,the granddaughter told the waiter that the chair woman would protect MASKTOKEN if there were an investigation.,the granddaughter told the waiter that the chair woman would protect,him,the granddaughter told the waiter that the chair woman would protect,2.8324835300445557,6.428913593292236
24,1,Match_Mismatch_Match,Match,Mismatch,Match,granddaughter,waitress,chairman,m,f,f,the granddaughter told the waitress that the chairman would protect MASKTOKEN if there were an investigation.,the granddaughter told the waitress that the chairman would protect,him,the granddaughter told the waitress that the chairman would protect,6.109697341918945,7.26051664352417
24,1,Match_Mismatch_Mismatch,Match,Mismatch,Mismatch,granddaughter,waitress,chair woman,m,f,f,the granddaughter told the waitress that the chair woman would protect MASKTOKEN if there were an investigation.,the granddaughter told the waitress that the chair woman would protect,him,the granddaughter told the waitress that the chair woman would protect,4.210535526275635,7.168076038360596
24,1,Mismatch_Match_Match,Mismatch,Match,Match,grandson,waiter,chairman,f,m,m,the grandson told the waiter that the chairman would protect MASKTOKEN if there were an investigation.,the grandson told the waiter that the chairman would protect,him,the grandson told the waiter that the chairman would protect,0.8603649735450745,4.29342794418335
24,1,Mismatch_Match_Mismatch,Mismatch,Match,Mismatch,grandson,waiter,chair woman,f,m,m,the grandson told the waiter that the chair woman would protect MASKTOKEN if there were an investigation.,the grandson told the waiter that the chair woman would protect,him,the grandson told the waiter that the chair woman would protect,0.996692419052124,4.565324306488037
24,1,Mismatch_Mismatch_Match,Mismatch,Mismatch,Match,grandson,waitress,chairman,f,f,f,the grandson told the waitress that the chairman would protect MASKTOKEN if there were an investigation.,the grandson told the waitress that the chairman would protect,him,the grandson told the waitress that the chairman would protect,1.2606940269470215,4.810317516326904
24,1,Mismatch_Mismatch_Mismatch,Mismatch,Mismatch,Mismatch,grandson,waitress,chair woman,f,f,f,the grandson told the waitress that the chair woman would protect MASKTOKEN if there were an investigation.,the grandson told the waitress that the chair woman would protect,him,the grandson told the waitress that the chair woman would protect,1.0753673315048218,5.2016730308532715
