item,lang,exp,AttachType,gender,N1_changed,N2_changed,N1,N2,mask_sents,auto_sents,target,sent,/data/DeepESP/gpt2-spanish_prob,/data/mrm8488/spanish-gpt2_prob
1,Spanish,5,ambi,m,0,0,el criado,del actor,Alguien disparó contra el criado del actor que estaba MASKTOKEN.,Alguien disparó contra el criado del actor que estaba,$ES_Adj_m,Alguien disparó contra el criado del actor que estaba,0.1854896361679067,0.09079001159671993
1,Spanish,5,low,m,0,0,la criada,del actor,Alguien disparó contra la criada del actor que estaba MASKTOKEN.,Alguien disparó contra la criada del actor que estaba,$ES_Adj_m,Alguien disparó contra la criada del actor que estaba,0.1660740257121438,0.06332950551609856
1,Spanish,5,high,m,0,0,el criado,de la actriz,Alguien disparó contra el criado de la actriz que estaba MASKTOKEN.,Alguien disparó contra el criado de la actriz que estaba,$ES_Adj_m,Alguien disparó contra el criado de la actriz que estaba,0.08195719163548121,0.03737872740446081
1,Spanish,5,ambi,f,0,0,la criada,de la actriz,Alguien disparó contra la criada de la actriz que estaba MASKTOKEN.,Alguien disparó contra la criada de la actriz que estaba,$ES_Adj_f,Alguien disparó contra la criada de la actriz que estaba,0.1466887346728747,0.07603045276396508
1,Spanish,5,low,f,0,0,el criado,de la actriz,Alguien disparó contra el criado de la actriz que estaba MASKTOKEN.,Alguien disparó contra el criado de la actriz que estaba,$ES_Adj_f,Alguien disparó contra el criado de la actriz que estaba,0.11867615944180931,0.05036056095481013
1,Spanish,5,high,f,0,0,la criada,del actor,Alguien disparó contra la criada del actor que estaba MASKTOKEN.,Alguien disparó contra la criada del actor que estaba,$ES_Adj_f,Alguien disparó contra la criada del actor que estaba,0.030364841519627594,0.016769959679691426
2,Spanish,5,ambi,m,0,0,al amigo,del maestro,Pedro conoció al amigo del maestro que estuvo MASKTOKEN por el Ministerio.,Pedro conoció al amigo del maestro que estuvo,$ES_Adj_m,Pedro conoció al amigo del maestro que estuvo,0.062363795298365776,0.07821980911159088
2,Spanish,5,low,m,0,0,a la amiga,del maestro,Pedro conoció a la amiga del maestro que estuvo MASKTOKEN por el Ministerio.,Pedro conoció a la amiga del maestro que estuvo,$ES_Adj_m,Pedro conoció a la amiga del maestro que estuvo,0.03778480638911885,0.02183975730170129
2,Spanish,5,high,m,0,0,al amigo,de la maestra,Pedro conoció al amigo de la maestra que estuvo MASKTOKEN por el Ministerio.,Pedro conoció al amigo de la maestra que estuvo,$ES_Adj_m,Pedro conoció al amigo de la maestra que estuvo,0.057617802893970005,0.07383592171309017
2,Spanish,5,ambi,f,0,0,a la amiga,de la maestra,Pedro conoció a la amiga de la maestra que estuvo MASKTOKEN por el Ministerio.,Pedro conoció a la amiga de la maestra que estuvo,$ES_Adj_f,Pedro conoció a la amiga de la maestra que estuvo,0.08930124282186025,0.07961031920684158
2,Spanish,5,low,f,0,0,al amigo,de la maestra,Pedro conoció al amigo de la maestra que estuvo MASKTOKEN por el Ministerio.,Pedro conoció al amigo de la maestra que estuvo,$ES_Adj_f,Pedro conoció al amigo de la maestra que estuvo,0.008478605964142849,0.019463228924012088
2,Spanish,5,high,f,0,0,a la amiga,del maestro,Pedro conoció a la amiga del maestro que estuvo MASKTOKEN por el Ministerio.,Pedro conoció a la amiga del maestro que estuvo,$ES_Adj_f,Pedro conoció a la amiga del maestro que estuvo,0.04872533400110335,0.07579443338606073
3,Spanish,5,ambi,m,0,1,al hermano,del trabajador,La policía detuvo al hermano del trabajador que estuvo MASKTOKEN de hurto.,La policía detuvo al hermano del trabajador que estuvo,$ES_Adj_m,La policía detuvo al hermano del trabajador que estuvo,0.07251852306557716,0.2869560473225849
3,Spanish,5,low,m,0,1,a la hermana,del trabajador,La policía detuvo a la hermana del trabajador que estuvo MASKTOKEN de hurto.,La policía detuvo a la hermana del trabajador que estuvo,$ES_Adj_m,La policía detuvo a la hermana del trabajador que estuvo,0.06348554372531512,0.22393018040758528
3,Spanish,5,high,m,0,1,al hermano,de la trabajadora,La policía detuvo al hermano de la trabajadora que estuvo MASKTOKEN de hurto.,La policía detuvo al hermano de la trabajadora que estuvo,$ES_Adj_m,La policía detuvo al hermano de la trabajadora que estuvo,0.0654452657090856,0.1601226230790896
3,Spanish,5,ambi,f,0,1,a la hermana,de la trabajadora,La policía detuvo a la hermana de la trabajadora que estuvo MASKTOKEN de hurto.,La policía detuvo a la hermana de la trabajadora que estuvo,$ES_Adj_f,La policía detuvo a la hermana de la trabajadora que estuvo,0.05801087097671376,0.2198640625309669
3,Spanish,5,low,f,0,1,al hermano,de la trabajadora,La policía detuvo al hermano de la trabajadora que estuvo MASKTOKEN de hurto.,La policía detuvo al hermano de la trabajadora que estuvo,$ES_Adj_f,La policía detuvo al hermano de la trabajadora que estuvo,0.006251609377004086,0.09691045731252419
3,Spanish,5,high,f,0,1,a la hermana,del trabajador,La policía detuvo a la hermana del trabajador que estuvo MASKTOKEN de hurto.,La policía detuvo a la hermana del trabajador que estuvo,$ES_Adj_f,La policía detuvo a la hermana del trabajador que estuvo,0.00919074382831564,0.06504659509908028
4,Spanish,5,ambi,m,0,0,al amigo,del abogado,Un alumno apedreó al amigo del abogado que estuvo como MASKTOKEN en el Parlamento.,Un alumno apedreó al amigo del abogado que estuvo como,$ES_Adj_m,Un alumno apedreó al amigo del abogado que estuvo como,0.13265772020940636,0.12176777019709262
4,Spanish,5,low,m,0,0,a la amiga,del abogado,Un alumno apedreó a la amiga del abogado que estuvo como MASKTOKEN en el Parlamento.,Un alumno apedreó a la amiga del abogado que estuvo como,$ES_Adj_m,Un alumno apedreó a la amiga del abogado que estuvo como,0.13023006504033052,0.04434429723125316
4,Spanish,5,high,m,0,0,al amigo,de la abogada,Un alumno apedreó al amigo de la abogada que estuvo como MASKTOKEN en el Parlamento.,Un alumno apedreó al amigo de la abogada que estuvo como,$ES_Adj_m,Un alumno apedreó al amigo de la abogada que estuvo como,0.1151148459746576,0.12165094641198027
4,Spanish,5,ambi,f,0,0,a la amiga,de la abogada,Un alumno apedreó a la amiga de la abogada que estuvo como MASKTOKEN en el Parlamento.,Un alumno apedreó a la amiga de la abogada que estuvo como,$ES_Adj_f,Un alumno apedreó a la amiga de la abogada que estuvo como,0.079714914234847,0.14192591293074752
4,Spanish,5,low,f,0,0,al amigo,de la abogada,Un alumno apedreó al amigo de la abogada que estuvo como MASKTOKEN en el Parlamento.,Un alumno apedreó al amigo de la abogada que estuvo como,$ES_Adj_f,Un alumno apedreó al amigo de la abogada que estuvo como,0.00801894575267903,0.015091981217781658
4,Spanish,5,high,f,0,0,a la amiga,del abogado,Un alumno apedreó a la amiga del abogado que estuvo como MASKTOKEN en el Parlamento.,Un alumno apedreó a la amiga del abogado que estuvo como,$ES_Adj_f,Un alumno apedreó a la amiga del abogado que estuvo como,0.013649226768171818,0.0898951316125085
5,Spanish,5,ambi,m,0,0,el novio,del cantante,Amelia se fotografió con el novio del cantante que estuvo MASKTOKEN con los periodistas.,Amelia se fotografió con el novio del cantante que estuvo,$ES_Adj_m,Amelia se fotografió con el novio del cantante que estuvo,0.0570960196973036,0.07102495175742773
5,Spanish,5,low,m,0,0,la novia,del cantante,Amelia se fotografió con la novia del cantante que estuvo MASKTOKEN con los periodistas.,Amelia se fotografió con la novia del cantante que estuvo,$ES_Adj_m,Amelia se fotografió con la novia del cantante que estuvo,0.053100981803298586,0.04568057492095656
5,Spanish,5,high,m,0,0,el novio,de la cantante,Amelia se fotografió con el novio de la cantante que estuvo MASKTOKEN con los periodistas.,Amelia se fotografió con el novio de la cantante que estuvo,$ES_Adj_m,Amelia se fotografió con el novio de la cantante que estuvo,0.020713991634033146,0.06467502836025285
5,Spanish,5,ambi,f,0,0,la novia,de la cantante,Amelia se fotografió con la novia de la cantante que estuvo MASKTOKEN con los periodistas.,Amelia se fotografió con la novia de la cantante que estuvo,$ES_Adj_f,Amelia se fotografió con la novia de la cantante que estuvo,0.07817541082398693,0.06264128778669029
5,Spanish,5,low,f,0,0,el novio,de la cantante,Amelia se fotografió con el novio de la cantante que estuvo MASKTOKEN con los periodistas.,Amelia se fotografió con el novio de la cantante que estuvo,$ES_Adj_f,Amelia se fotografió con el novio de la cantante que estuvo,0.06691031283633264,0.017466386021132638
5,Spanish,5,high,f,0,0,la novia,del cantante,Amelia se fotografió con la novia del cantante que estuvo MASKTOKEN con los periodistas.,Amelia se fotografió con la novia del cantante que estuvo,$ES_Adj_f,Amelia se fotografió con la novia del cantante que estuvo,0.01947433377743979,0.044320922664632445
6,Spanish,5,ambi,m,0,0,al hijo,del diputado,El periodista entrevistó al hijo del diputado que se quedó MASKTOKEN.,El periodista entrevistó al hijo del diputado que se quedó,$ES_Adj_m,El periodista entrevistó al hijo del diputado que se quedó,0.053874075747926575,0.10291126379128913
6,Spanish,5,low,m,0,0,a la hija,del diputado,El periodista entrevistó a la hija del diputado que se quedó MASKTOKEN.,El periodista entrevistó a la hija del diputado que se quedó,$ES_Adj_m,El periodista entrevistó a la hija del diputado que se quedó,0.03519318548914918,0.06991267162081022
6,Spanish,5,high,m,0,0,al hijo,de la diputada,El periodista entrevistó al hijo de la diputada que se quedó MASKTOKEN.,El periodista entrevistó al hijo de la diputada que se quedó,$ES_Adj_m,El periodista entrevistó al hijo de la diputada que se quedó,0.029682561459427825,0.07727289982546406
6,Spanish,5,ambi,f,0,0,a la hija,de la diputada,El periodista entrevistó a la hija de la diputada que se quedó MASKTOKEN.,El periodista entrevistó a la hija de la diputada que se quedó,$ES_Adj_f,El periodista entrevistó a la hija de la diputada que se quedó,0.06661639134831043,0.0748749326626722
6,Spanish,5,low,f,0,0,al hijo,de la diputada,El periodista entrevistó al hijo de la diputada que se quedó MASKTOKEN.,El periodista entrevistó al hijo de la diputada que se quedó,$ES_Adj_f,El periodista entrevistó al hijo de la diputada que se quedó,0.028811557812304933,0.03007114465155214
6,Spanish,5,high,f,0,0,a la hija,del diputado,El periodista entrevistó a la hija del diputado que se quedó MASKTOKEN.,El periodista entrevistó a la hija del diputado que se quedó,$ES_Adj_f,El periodista entrevistó a la hija del diputado que se quedó,0.024909477698937366,0.031102864195435814
7,Spanish,5,ambi,m,0,0,el sobrino,del conserje,Andrés cenó ayer con el sobrino del conserje que trabajó de MASKTOKEN en su empresa.,Andrés cenó ayer con el sobrino del conserje que trabajó de,$ES_Adj_m,Andrés cenó ayer con el sobrino del conserje que trabajó de,0.03822792058249669,0.04847275866655648
7,Spanish,5,low,m,0,0,la sobrina,del conserje,Andrés cenó ayer con la sobrina del conserje que trabajó de MASKTOKEN en su empresa.,Andrés cenó ayer con la sobrina del conserje que trabajó de,$ES_Adj_m,Andrés cenó ayer con la sobrina del conserje que trabajó de,0.02399543348797084,0.020566742124751555
7,Spanish,5,high,m,0,0,el sobrino,de la conserje,Andrés cenó ayer con el sobrino de la conserje que trabajó de MASKTOKEN en su empresa.,Andrés cenó ayer con el sobrino de la conserje que trabajó de,$ES_Adj_m,Andrés cenó ayer con el sobrino de la conserje que trabajó de,0.0315798788489734,0.0396043236904125
7,Spanish,5,ambi,f,0,0,la sobrina,de la conserje,Andrés cenó ayer con la sobrina de la conserje que trabajó de MASKTOKEN en su empresa.,Andrés cenó ayer con la sobrina de la conserje que trabajó de,$ES_Adj_f,Andrés cenó ayer con la sobrina de la conserje que trabajó de,0.025438087177159896,0.03818571294946144
7,Spanish,5,low,f,0,0,el sobrino,de la conserje,Andrés cenó ayer con el sobrino de la conserje que trabajó de MASKTOKEN en su empresa.,Andrés cenó ayer con el sobrino de la conserje que trabajó de,$ES_Adj_f,Andrés cenó ayer con el sobrino de la conserje que trabajó de,0.016380155690522508,0.018291729226110942
7,Spanish,5,high,f,0,0,la sobrina,del conserje,Andrés cenó ayer con la sobrina del conserje que trabajó de MASKTOKEN en su empresa.,Andrés cenó ayer con la sobrina del conserje que trabajó de,$ES_Adj_f,Andrés cenó ayer con la sobrina del conserje que trabajó de,0.018866366608579183,0.02087070929534829
8,Spanish,5,ambi,m,0,1,el hijo,del obrero,María salió al cine con el hijo del obrero que estaba MASKTOKEN.,María salió al cine con el hijo del obrero que estaba,$ES_Adj_m,María salió al cine con el hijo del obrero que estaba,0.09954704394776392,0.10772519904619195
8,Spanish,5,low,m,0,1,la hija,del obrero,María salió al cine con la hija del obrero que estaba MASKTOKEN.,María salió al cine con la hija del obrero que estaba,$ES_Adj_m,María salió al cine con la hija del obrero que estaba,0.07788183984481112,0.06549712889110085
8,Spanish,5,high,m,0,1,el hijo,de la obrera,María salió al cine con el hijo de la obrera que estaba MASKTOKEN.,María salió al cine con el hijo de la obrera que estaba,$ES_Adj_m,María salió al cine con el hijo de la obrera que estaba,0.07054275973848778,0.08612286287207754
8,Spanish,5,ambi,f,0,1,la hija,de la obrera,María salió al cine con la hija de la obrera que estaba MASKTOKEN.,María salió al cine con la hija de la obrera que estaba,$ES_Adj_f,María salió al cine con la hija de la obrera que estaba,0.15717373076276075,0.11535583152230577
8,Spanish,5,low,f,0,1,el hijo,de la obrera,María salió al cine con el hijo de la obrera que estaba MASKTOKEN.,María salió al cine con el hijo de la obrera que estaba,$ES_Adj_f,María salió al cine con el hijo de la obrera que estaba,0.03666463098716033,0.016317286996266833
8,Spanish,5,high,f,0,1,la hija,del obrero,María salió al cine con la hija del obrero que estaba MASKTOKEN.,María salió al cine con la hija del obrero que estaba,$ES_Adj_f,María salió al cine con la hija del obrero que estaba,0.018776147312823177,0.05351562973482349
9,Spanish,5,ambi,m,0,0,del sobrino,del maestro,Los chicos se burlaron del sobrino del maestro que estaba MASKTOKEN en el parque.,Los chicos se burlaron del sobrino del maestro que estaba,$ES_Adj_m,Los chicos se burlaron del sobrino del maestro que estaba,0.12448099899636933,0.11703035638073889
9,Spanish,5,low,m,0,0,de la sobrina,del maestro,Los chicos se burlaron de la sobrina del maestro que estaba MASKTOKEN en el parque.,Los chicos se burlaron de la sobrina del maestro que estaba,$ES_Adj_m,Los chicos se burlaron de la sobrina del maestro que estaba,0.03928294433608359,0.04534566818342273
9,Spanish,5,high,m,0,0,del sobrino,de la maestra,Los chicos se burlaron del sobrino de la maestra que estaba MASKTOKEN en el parque.,Los chicos se burlaron del sobrino de la maestra que estaba,$ES_Adj_m,Los chicos se burlaron del sobrino de la maestra que estaba,0.11807939639503617,0.11804431891276707
9,Spanish,5,ambi,f,0,0,de la sobrina,de la maestra,Los chicos se burlaron de la sobrina de la maestra que estaba MASKTOKEN en el parque.,Los chicos se burlaron de la sobrina de la maestra que estaba,$ES_Adj_f,Los chicos se burlaron de la sobrina de la maestra que estaba,0.14598914562847387,0.16250861038010722
9,Spanish,5,low,f,0,0,del sobrino,de la maestra,Los chicos se burlaron del sobrino de la maestra que estaba MASKTOKEN en el parque.,Los chicos se burlaron del sobrino de la maestra que estaba,$ES_Adj_f,Los chicos se burlaron del sobrino de la maestra que estaba,0.009426376134251013,0.004508365057635258
9,Spanish,5,high,f,0,0,de la sobrina,del maestro,Los chicos se burlaron de la sobrina del maestro que estaba MASKTOKEN en el parque.,Los chicos se burlaron de la sobrina del maestro que estaba,$ES_Adj_f,Los chicos se burlaron de la sobrina del maestro que estaba,0.1390713202658418,0.12275020289536687
10,Spanish,5,ambi,m,0,1,el sirviente,del rey,Mi madre discutió con el sirviente del rey que estuvo MASKTOKEN la semana pasada.,Mi madre discutió con el sirviente del rey que estuvo,$ES_Adj_m,Mi madre discutió con el sirviente del rey que estuvo,0.07354729159145224,0.08029682092789958
10,Spanish,5,low,m,0,1,la sirvienta,del rey,Mi madre discutió con la sirvienta del rey que estuvo MASKTOKEN la semana pasada.,Mi madre discutió con la sirvienta del rey que estuvo,$ES_Adj_m,Mi madre discutió con la sirvienta del rey que estuvo,0.037344327800703875,0.014500916551005619
10,Spanish,5,high,m,0,1,el sirviente,de la reina,Mi madre discutió con el sirviente de la reina que estuvo MASKTOKEN la semana pasada.,Mi madre discutió con el sirviente de la reina que estuvo,$ES_Adj_m,Mi madre discutió con el sirviente de la reina que estuvo,0.0556937066540123,0.07808854871762616
10,Spanish,5,ambi,f,0,1,la sirvienta,de la reina,Mi madre discutió con la sirvienta de la reina que estuvo MASKTOKEN la semana pasada.,Mi madre discutió con la sirvienta de la reina que estuvo,$ES_Adj_f,Mi madre discutió con la sirvienta de la reina que estuvo,0.11729961462807559,0.07561598833621488
10,Spanish,5,low,f,0,1,el sirviente,de la reina,Mi madre discutió con el sirviente de la reina que estuvo MASKTOKEN la semana pasada.,Mi madre discutió con el sirviente de la reina que estuvo,$ES_Adj_f,Mi madre discutió con el sirviente de la reina que estuvo,0.03003947850067723,0.019267373382459138
10,Spanish,5,high,f,0,1,la sirvienta,del rey,Mi madre discutió con la sirvienta del rey que estuvo MASKTOKEN la semana pasada.,Mi madre discutió con la sirvienta del rey que estuvo,$ES_Adj_f,Mi madre discutió con la sirvienta del rey que estuvo,0.07585098349233776,0.07190347145756254
11,Spanish,5,ambi,m,0,1,al criado,del emperador,La policía detuvo al criado del emperador que estuvo MASKTOKEN antes por escandalo.,La policía detuvo al criado del emperador que estuvo,$ES_Adj_m,La policía detuvo al criado del emperador que estuvo,0.07418321980816456,0.16540345124320832
11,Spanish,5,low,m,0,1,a la criada,del emperador,La policía detuvo a la criada del emperador que estuvo MASKTOKEN antes por escandalo.,La policía detuvo a la criada del emperador que estuvo,$ES_Adj_m,La policía detuvo a la criada del emperador que estuvo,0.03367162468620505,0.027882940224092878
11,Spanish,5,high,m,0,1,al criado,de la emperatriz,La policía detuvo al criado de la emperatriz que estuvo MASKTOKEN antes por escandalo.,La policía detuvo al criado de la emperatriz que estuvo,$ES_Adj_m,La policía detuvo al criado de la emperatriz que estuvo,0.07360246225783384,0.16007156939546663
11,Spanish,5,ambi,f,0,1,a la criada,de la emperatriz,La policía detuvo a la criada de la emperatriz que estuvo MASKTOKEN antes por escandalo.,La policía detuvo a la criada de la emperatriz que estuvo,$ES_Adj_f,La policía detuvo a la criada de la emperatriz que estuvo,0.055784113240640254,0.1440339841870361
11,Spanish,5,low,f,0,1,al criado,de la emperatriz,La policía detuvo al criado de la emperatriz que estuvo MASKTOKEN antes por escandalo.,La policía detuvo al criado de la emperatriz que estuvo,$ES_Adj_f,La policía detuvo al criado de la emperatriz que estuvo,0.008471172845172903,0.011864941995134146
11,Spanish,5,high,f,0,1,a la criada,del emperador,La policía detuvo a la criada del emperador que estuvo MASKTOKEN antes por escandalo.,La policía detuvo a la criada del emperador que estuvo,$ES_Adj_f,La policía detuvo a la criada del emperador que estuvo,0.04654160760542636,0.13177681995873863
12,Spanish,5,ambi,m,1,0,al ayudante,del doctor,Esta tarde he visto al ayudante del doctor que había sido MASKTOKEN el año pasado.,Esta tarde he visto al ayudante del doctor que había sido,$ES_Adj_m,Esta tarde he visto al ayudante del doctor que había sido,0.11226205465505767,0.42017364332250096
12,Spanish,5,low,m,1,0,a la ayudante,del doctor,Esta tarde he visto a la ayudante del doctor que había sido MASKTOKEN el año pasado.,Esta tarde he visto a la ayudante del doctor que había sido,$ES_Adj_m,Esta tarde he visto a la ayudante del doctor que había sido,0.029809035094773506,0.04184676478443028
12,Spanish,5,high,m,1,0,al ayudante,de la doctora,Esta tarde he visto al ayudante de la doctora que había sido MASKTOKEN el año pasado.,Esta tarde he visto al ayudante de la doctora que había sido,$ES_Adj_m,Esta tarde he visto al ayudante de la doctora que había sido,0.06318247006210331,0.1349516179379182
12,Spanish,5,ambi,f,1,0,a la ayudante,de la doctora,Esta tarde he visto a la ayudante de la doctora que había sido MASKTOKEN el año pasado.,Esta tarde he visto a la ayudante de la doctora que había sido,$ES_Adj_f,Esta tarde he visto a la ayudante de la doctora que había sido,0.14121906777539195,0.4710366158494388
12,Spanish,5,low,f,1,0,al ayudante,de la doctora,Esta tarde he visto al ayudante de la doctora que había sido MASKTOKEN el año pasado.,Esta tarde he visto al ayudante de la doctora que había sido,$ES_Adj_f,Esta tarde he visto al ayudante de la doctora que había sido,0.01660038835476385,0.3097652712881773
12,Spanish,5,high,f,1,0,a la ayudante,del doctor,Esta tarde he visto a la ayudante del doctor que había sido MASKTOKEN el año pasado.,Esta tarde he visto a la ayudante del doctor que había sido,$ES_Adj_f,Esta tarde he visto a la ayudante del doctor que había sido,0.11040075183263554,0.36838481075485774
13,Spanish,5,ambi,m,0,1,el abuelo,del chico,Los chicos se reían con el abuelo del chico que estaba MASKTOKEN con un traje nuevo.,Los chicos se reían con el abuelo del chico que estaba,$ES_Adj_m,Los chicos se reían con el abuelo del chico que estaba,0.12652029522943048,0.13594312577252798
13,Spanish,5,low,m,0,1,la abuela,del chico,Los chicos se reían con la abuela del chico que estaba MASKTOKEN con un traje nuevo.,Los chicos se reían con la abuela del chico que estaba,$ES_Adj_m,Los chicos se reían con la abuela del chico que estaba,0.141421938531878,0.10911782508338937
13,Spanish,5,high,m,0,1,el abuelo,de la chica,Los chicos se reían con el abuelo de la chica que estaba MASKTOKEN con un traje nuevo.,Los chicos se reían con el abuelo de la chica que estaba,$ES_Adj_m,Los chicos se reían con el abuelo de la chica que estaba,0.04792252903017821,0.024077775124937507
13,Spanish,5,ambi,f,0,1,la abuela,de la chica,Los chicos se reían con la abuela de la chica que estaba MASKTOKEN con un traje nuevo.,Los chicos se reían con la abuela de la chica que estaba,$ES_Adj_f,Los chicos se reían con la abuela de la chica que estaba,0.15052472987444432,0.1418217827232393
13,Spanish,5,low,f,0,1,el abuelo,de la chica,Los chicos se reían con el abuelo de la chica que estaba MASKTOKEN con un traje nuevo.,Los chicos se reían con el abuelo de la chica que estaba,$ES_Adj_f,Los chicos se reían con el abuelo de la chica que estaba,0.13399386396954882,0.1204726282457057
13,Spanish,5,high,f,0,1,la abuela,del chico,Los chicos se reían con la abuela del chico que estaba MASKTOKEN con un traje nuevo.,Los chicos se reían con la abuela del chico que estaba,$ES_Adj_f,Los chicos se reían con la abuela del chico que estaba,0.008538805313578424,0.003139581977358877
13,Spanish,5,ambi,m,0,0,al secretario,del gerente,El cartero se acercó al secretario del gerente que estaba MASKTOKEN.,El cartero se acercó al secretario del gerente que estaba,$ES_Adj_m,El cartero se acercó al secretario del gerente que estaba,0.18643477453337676,0.15536388089245656
13,Spanish,5,low,m,0,0,a la secretaria,del gerente,El cartero se acercó a la secretaria del gerente que estaba MASKTOKEN.,El cartero se acercó a la secretaria del gerente que estaba,$ES_Adj_m,El cartero se acercó a la secretaria del gerente que estaba,0.05882900081787992,0.0573514578490954
13,Spanish,5,high,m,0,0,al secretario,de la gerente,El cartero se acercó al secretario de la gerente que estaba MASKTOKEN.,El cartero se acercó al secretario de la gerente que estaba,$ES_Adj_m,El cartero se acercó al secretario de la gerente que estaba,0.17664512392880904,0.09412509954329801
13,Spanish,5,ambi,f,0,0,a la secretaria,de la gerente,El cartero se acercó a la secretaria de la gerente que estaba MASKTOKEN.,El cartero se acercó a la secretaria de la gerente que estaba,$ES_Adj_f,El cartero se acercó a la secretaria de la gerente que estaba,0.1510384071985892,0.1153718904960937
13,Spanish,5,low,f,0,0,al secretario,de la gerente,El cartero se acercó al secretario de la gerente que estaba MASKTOKEN.,El cartero se acercó al secretario de la gerente que estaba,$ES_Adj_f,El cartero se acercó al secretario de la gerente que estaba,0.014599786543674886,0.05873007033445243
13,Spanish,5,high,f,0,0,a la secretaria,del gerente,El cartero se acercó a la secretaria del gerente que estaba MASKTOKEN.,El cartero se acercó a la secretaria del gerente que estaba,$ES_Adj_f,El cartero se acercó a la secretaria del gerente que estaba,0.14881088145613708,0.06871914765214329
15,Spanish,5,ambi,m,0,0,del nieto,del campesino,El turista hizo un dibujo del nieto del campesino que estaba MASKTOKEN.,El turista hizo un dibujo del nieto del campesino que estaba,$ES_Adj_m,El turista hizo un dibujo del nieto del campesino que estaba,0.11272866206698295,0.1556815317818194
15,Spanish,5,low,m,0,0,de la nieta,del campesino,El turista hizo un dibujo de la nieta del campesino que estaba MASKTOKEN.,El turista hizo un dibujo de la nieta del campesino que estaba,$ES_Adj_m,El turista hizo un dibujo de la nieta del campesino que estaba,0.09867847464539214,0.04766448205990845
15,Spanish,5,high,m,0,0,del nieto,de la campesina,El turista hizo un dibujo del nieto de la campesina que estaba MASKTOKEN.,El turista hizo un dibujo del nieto de la campesina que estaba,$ES_Adj_m,El turista hizo un dibujo del nieto de la campesina que estaba,0.10755202407792908,0.13796636039122004
15,Spanish,5,ambi,f,0,0,de la nieta,de la campesina,El turista hizo un dibujo de la nieta de la campesina que estaba MASKTOKEN.,El turista hizo un dibujo de la nieta de la campesina que estaba,$ES_Adj_f,El turista hizo un dibujo de la nieta de la campesina que estaba,0.15766597087352174,0.1946872844487333
15,Spanish,5,low,f,0,0,del nieto,de la campesina,El turista hizo un dibujo del nieto de la campesina que estaba MASKTOKEN.,El turista hizo un dibujo del nieto de la campesina que estaba,$ES_Adj_f,El turista hizo un dibujo del nieto de la campesina que estaba,0.019139800530337148,0.03393287055713873
15,Spanish,5,high,f,0,0,de la nieta,del campesino,El turista hizo un dibujo de la nieta del campesino que estaba MASKTOKEN.,El turista hizo un dibujo de la nieta del campesino que estaba,$ES_Adj_f,El turista hizo un dibujo de la nieta del campesino que estaba,0.07491869135157625,0.12661278176031132
16,Spanish,5,ambi,m,0,0,el visitante,del paciente,La enfermera tropezó con el visitante del paciente que estaba MASKTOKEN.,La enfermera tropezó con el visitante del paciente que estaba,$ES_Adj_m,La enfermera tropezó con el visitante del paciente que estaba,0.21280588134784884,0.13435391097042582
16,Spanish,5,low,m,0,0,la visitante,del paciente,La enfermera tropezó con la visitante del paciente que estaba MASKTOKEN.,La enfermera tropezó con la visitante del paciente que estaba,$ES_Adj_m,La enfermera tropezó con la visitante del paciente que estaba,0.2009646378460328,0.033398452753690994
16,Spanish,5,high,m,0,0,el visitante,de la paciente,La enfermera tropezó con el visitante de la paciente que estaba MASKTOKEN.,La enfermera tropezó con el visitante de la paciente que estaba,$ES_Adj_m,La enfermera tropezó con el visitante de la paciente que estaba,0.059504181688603164,0.04589386075201629
16,Spanish,5,ambi,f,0,0,la visitante,de la paciente,La enfermera tropezó con la visitante de la paciente que estaba MASKTOKEN.,La enfermera tropezó con la visitante de la paciente que estaba,$ES_Adj_f,La enfermera tropezó con la visitante de la paciente que estaba,0.1904356705282737,0.1328164844802524
16,Spanish,5,low,f,0,0,el visitante,de la paciente,La enfermera tropezó con el visitante de la paciente que estaba MASKTOKEN.,La enfermera tropezó con el visitante de la paciente que estaba,$ES_Adj_f,La enfermera tropezó con el visitante de la paciente que estaba,0.1991761164609418,0.09946303678340707
16,Spanish,5,high,f,0,0,la visitante,del paciente,La enfermera tropezó con la visitante del paciente que estaba MASKTOKEN.,La enfermera tropezó con la visitante del paciente que estaba,$ES_Adj_f,La enfermera tropezó con la visitante del paciente que estaba,0.03088605564293223,0.12253830980609326
17,Spanish,5,ambi,m,0,1,al hijo,del inmigrante,El alguacil encerró al hijo del inmigrante que estaba MASKTOKEN pidiendo limosna.,El alguacil encerró al hijo del inmigrante que estaba,$ES_Adj_m,El alguacil encerró al hijo del inmigrante que estaba,0.12155055062543574,0.11873379428628067
17,Spanish,5,low,m,0,1,a la hija,del inmigrante,El alguacil encerró a la hija del inmigrante que estaba MASKTOKEN pidiendo limosna.,El alguacil encerró a la hija del inmigrante que estaba,$ES_Adj_m,El alguacil encerró a la hija del inmigrante que estaba,0.05736707929514617,0.028665070007879864
17,Spanish,5,high,m,0,1,al hijo,de la inmigrante,El alguacil encerró al hijo de la inmigrante que estaba MASKTOKEN pidiendo limosna.,El alguacil encerró al hijo de la inmigrante que estaba,$ES_Adj_m,El alguacil encerró al hijo de la inmigrante que estaba,0.11079273685973345,0.06168425812973061
17,Spanish,5,ambi,f,0,1,a la hija,de la inmigrante,El alguacil encerró a la hija de la inmigrante que estaba MASKTOKEN pidiendo limosna.,El alguacil encerró a la hija de la inmigrante que estaba,$ES_Adj_f,El alguacil encerró a la hija de la inmigrante que estaba,0.12823058437505264,0.09852969584513638
17,Spanish,5,low,f,0,1,al hijo,de la inmigrante,El alguacil encerró al hijo de la inmigrante que estaba MASKTOKEN pidiendo limosna.,El alguacil encerró al hijo de la inmigrante que estaba,$ES_Adj_f,El alguacil encerró al hijo de la inmigrante que estaba,0.01007713330479032,0.050599673941070344
17,Spanish,5,high,f,0,1,a la hija,del inmigrante,El alguacil encerró a la hija del inmigrante que estaba MASKTOKEN pidiendo limosna.,El alguacil encerró a la hija del inmigrante que estaba,$ES_Adj_f,El alguacil encerró a la hija del inmigrante que estaba,0.08502744882881563,0.08011510693600121
18,Spanish,5,ambi,m,0,1,al hermano,del propietario,Los rumores acusaban al hermano del propietario que estaba MASKTOKEN.,Los rumores acusaban al hermano del propietario que estaba,$ES_Adj_m,Los rumores acusaban al hermano del propietario que estaba,0.17929103123613022,0.16961017126893846
18,Spanish,5,low,m,0,1,a la hermana,del propietario,Los rumores acusaban a la hermana del propietario que estaba MASKTOKEN.,Los rumores acusaban a la hermana del propietario que estaba,$ES_Adj_m,Los rumores acusaban a la hermana del propietario que estaba,0.05139927437924685,0.06156674604140133
18,Spanish,5,high,m,0,1,al hermano,de la propietaria,Los rumores acusaban al hermano de la propietaria que estaba MASKTOKEN.,Los rumores acusaban al hermano de la propietaria que estaba,$ES_Adj_m,Los rumores acusaban al hermano de la propietaria que estaba,0.1534665433430673,0.16304323682740707
18,Spanish,5,ambi,f,0,1,a la hermana,de la propietaria,Los rumores acusaban a la hermana de la propietaria que estaba MASKTOKEN.,Los rumores acusaban a la hermana de la propietaria que estaba,$ES_Adj_f,Los rumores acusaban a la hermana de la propietaria que estaba,0.23374579969535958,0.17568527833995162
18,Spanish,5,low,f,0,1,al hermano,de la propietaria,Los rumores acusaban al hermano de la propietaria que estaba MASKTOKEN.,Los rumores acusaban al hermano de la propietaria que estaba,$ES_Adj_f,Los rumores acusaban al hermano de la propietaria que estaba,0.045172360882304474,0.020339142987347403
18,Spanish,5,high,f,0,1,a la hermana,del propietario,Los rumores acusaban a la hermana del propietario que estaba MASKTOKEN.,Los rumores acusaban a la hermana del propietario que estaba,$ES_Adj_f,Los rumores acusaban a la hermana del propietario que estaba,0.1571845222651369,0.13363647103235898
19,Spanish,5,ambi,m,0,0,al amigo,del estudiante,El detective hizo una foto al amigo del estudiante que estaba MASKTOKEN.,El detective hizo una foto al amigo del estudiante que estaba,$ES_Adj_m,El detective hizo una foto al amigo del estudiante que estaba,0.1457929900871332,0.09024931020538642
19,Spanish,5,low,m,0,0,a la amiga,del estudiante,El detective hizo una foto a la amiga del estudiante que estaba MASKTOKEN.,El detective hizo una foto a la amiga del estudiante que estaba,$ES_Adj_m,El detective hizo una foto a la amiga del estudiante que estaba,0.061606848282392546,0.03856652235119242
19,Spanish,5,high,m,0,0,al amigo,de la estudiante,El detective hizo una foto al amigo de la estudiante que estaba MASKTOKEN.,El detective hizo una foto al amigo de la estudiante que estaba,$ES_Adj_m,El detective hizo una foto al amigo de la estudiante que estaba,0.15507769866581633,0.06343813145942302
19,Spanish,5,ambi,f,0,0,a la amiga,de la estudiante,El detective hizo una foto a la amiga de la estudiante que estaba MASKTOKEN.,El detective hizo una foto a la amiga de la estudiante que estaba,$ES_Adj_f,El detective hizo una foto a la amiga de la estudiante que estaba,0.10186235046328518,0.09757432908528316
19,Spanish,5,low,f,0,0,al amigo,de la estudiante,El detective hizo una foto al amigo de la estudiante que estaba MASKTOKEN.,El detective hizo una foto al amigo de la estudiante que estaba,$ES_Adj_f,El detective hizo una foto al amigo de la estudiante que estaba,0.005701650501581834,0.022306348889897423
19,Spanish,5,high,f,0,0,a la amiga,del estudiante,El detective hizo una foto a la amiga del estudiante que estaba MASKTOKEN.,El detective hizo una foto a la amiga del estudiante que estaba,$ES_Adj_f,El detective hizo una foto a la amiga del estudiante que estaba,0.08856693454450348,0.059378722460747685
20,Spanish,5,ambi,m,0,0,al hermano,del ministro,María saludó al hermano del ministro que estaba MASKTOKEN de volver a su pueblo.,María saludó al hermano del ministro que estaba,$ES_Adj_m,María saludó al hermano del ministro que estaba,0.16857797097890637,0.13230615722533107
20,Spanish,5,low,m,0,0,a la hermana,del ministro,María saludó a la hermana del ministro que estaba MASKTOKEN de volver a su pueblo.,María saludó a la hermana del ministro que estaba,$ES_Adj_m,María saludó a la hermana del ministro que estaba,0.05819653488766541,0.11767156005045076
20,Spanish,5,high,m,0,0,al hermano,de la ministra,María saludó al hermano de la ministra que estaba MASKTOKEN de volver a su pueblo.,María saludó al hermano de la ministra que estaba,$ES_Adj_m,María saludó al hermano de la ministra que estaba,0.15760260367887358,0.07289244571596387
20,Spanish,5,ambi,f,0,0,a la hermana,de la ministra,María saludó a la hermana de la ministra que estaba MASKTOKEN de volver a su pueblo.,María saludó a la hermana de la ministra que estaba,$ES_Adj_f,María saludó a la hermana de la ministra que estaba,0.1461056298349619,0.12444215587941776
20,Spanish,5,low,f,0,0,al hermano,de la ministra,María saludó al hermano de la ministra que estaba MASKTOKEN de volver a su pueblo.,María saludó al hermano de la ministra que estaba,$ES_Adj_f,María saludó al hermano de la ministra que estaba,0.0067914183362436376,0.048795301385308965
20,Spanish,5,high,f,0,0,a la hermana,del ministro,María saludó a la hermana del ministro que estaba MASKTOKEN de volver a su pueblo.,María saludó a la hermana del ministro que estaba,$ES_Adj_f,María saludó a la hermana del ministro que estaba,0.16621397664245374,0.0159472113806077
21,Spanish,5,ambi,m,0,1,el amigo,del jefe,Ayer me encontré con el amigo del jefe que fue MASKTOKEN de nuestra empresa.,Ayer me encontré con el amigo del jefe que fue,$ES_Adj_m,Ayer me encontré con el amigo del jefe que fue,0.056988734913452355,0.10122579792301228
21,Spanish,5,low,m,0,1,la amiga,del jefe,Ayer me encontré con la amiga del jefe que fue MASKTOKEN de nuestra empresa.,Ayer me encontré con la amiga del jefe que fue,$ES_Adj_m,Ayer me encontré con la amiga del jefe que fue,0.004291946796138646,0.02110893871879227
21,Spanish,5,high,m,0,1,el amigo,de la jefa,Ayer me encontré con el amigo de la jefa que fue MASKTOKEN de nuestra empresa.,Ayer me encontré con el amigo de la jefa que fue,$ES_Adj_m,Ayer me encontré con el amigo de la jefa que fue,0.030651611808271806,0.12520249987968662
21,Spanish,5,ambi,f,0,1,la amiga,de la jefa,Ayer me encontré con la amiga de la jefa que fue MASKTOKEN de nuestra empresa.,Ayer me encontré con la amiga de la jefa que fue,$ES_Adj_f,Ayer me encontré con la amiga de la jefa que fue,0.04742586134872795,0.20488958835374804
21,Spanish,5,low,f,0,1,el amigo,de la jefa,Ayer me encontré con el amigo de la jefa que fue MASKTOKEN de nuestra empresa.,Ayer me encontré con el amigo de la jefa que fue,$ES_Adj_f,Ayer me encontré con el amigo de la jefa que fue,0.003611535514303821,0.02999410168819372
21,Spanish,5,high,f,0,1,la amiga,del jefe,Ayer me encontré con la amiga del jefe que fue MASKTOKEN de nuestra empresa.,Ayer me encontré con la amiga del jefe que fue,$ES_Adj_f,Ayer me encontré con la amiga del jefe que fue,0.058277270735523246,0.1319542950658068
22,Spanish,5,ambi,m,0,1,al secretario,del gerente,El periodista entrevistó al secretario del gerente que estaba MASKTOKEN.,El periodista entrevistó al secretario del gerente que estaba,$ES_Adj_m,El periodista entrevistó al secretario del gerente que estaba,0.09432166301830625,0.07815152157065214
22,Spanish,5,low,m,0,1,a la secretaria,del gerente,El periodista entrevistó a la secretaria del gerente que estaba MASKTOKEN.,El periodista entrevistó a la secretaria del gerente que estaba,$ES_Adj_m,El periodista entrevistó a la secretaria del gerente que estaba,0.03263131882942866,0.07370220484686757
22,Spanish,5,high,m,0,1,al secretario,de la gerente,El periodista entrevistó al secretario de la gerente que estaba MASKTOKEN.,El periodista entrevistó al secretario de la gerente que estaba,$ES_Adj_m,El periodista entrevistó al secretario de la gerente que estaba,0.07794218845161727,0.034711094414801635
22,Spanish,5,ambi,f,0,1,a la secretaria,de la gerente,El periodista entrevistó a la secretaria de la gerente que estaba MASKTOKEN.,El periodista entrevistó a la secretaria de la gerente que estaba,$ES_Adj_f,El periodista entrevistó a la secretaria de la gerente que estaba,0.09562739160777678,0.08282135993222611
22,Spanish,5,low,f,0,1,al secretario,de la gerente,El periodista entrevistó al secretario de la gerente que estaba MASKTOKEN.,El periodista entrevistó al secretario de la gerente que estaba,$ES_Adj_f,El periodista entrevistó al secretario de la gerente que estaba,0.008422997235273288,0.04450371266354847
22,Spanish,5,high,f,0,1,a la secretaria,del gerente,El periodista entrevistó a la secretaria del gerente que estaba MASKTOKEN.,El periodista entrevistó a la secretaria del gerente que estaba,$ES_Adj_f,El periodista entrevistó a la secretaria del gerente que estaba,0.08350140734192424,0.014598604711175606
23,Spanish,5,ambi,m,0,0,el hermano,del chico,Pedro se divertía con el hermano del chico que estaba MASKTOKEN.,Pedro se divertía con el hermano del chico que estaba,$ES_Adj_m,Pedro se divertía con el hermano del chico que estaba,0.11731514233997908,0.16256601416744265
23,Spanish,5,low,m,0,0,a la hermana,del chico,Pedro se divertía con a la hermana del chico que estaba MASKTOKEN.,Pedro se divertía con a la hermana del chico que estaba,$ES_Adj_m,Pedro se divertía con a la hermana del chico que estaba,0.11765389424318062,0.16260827369776293
23,Spanish,5,high,m,0,0,el hermano,de la chica,Pedro se divertía con el hermano de la chica que estaba MASKTOKEN.,Pedro se divertía con el hermano de la chica que estaba,$ES_Adj_m,Pedro se divertía con el hermano de la chica que estaba,0.10074879680761661,0.03908135390047483
23,Spanish,5,ambi,f,0,0,a la hermana,de la chica,Pedro se divertía con a la hermana de la chica que estaba MASKTOKEN.,Pedro se divertía con a la hermana de la chica que estaba,$ES_Adj_f,Pedro se divertía con a la hermana de la chica que estaba,0.1519808858753522,0.1541934131552838
23,Spanish,5,low,f,0,0,el hermano,de la chica,Pedro se divertía con el hermano de la chica que estaba MASKTOKEN.,Pedro se divertía con el hermano de la chica que estaba,$ES_Adj_f,Pedro se divertía con el hermano de la chica que estaba,0.0531317176495838,0.12700364827954858
23,Spanish,5,high,f,0,0,a la hermana,del chico,Pedro se divertía con a la hermana del chico que estaba MASKTOKEN.,Pedro se divertía con a la hermana del chico que estaba,$ES_Adj_f,Pedro se divertía con a la hermana del chico que estaba,0.018080640543417292,0.0075648693940189304
24,Spanish,5,ambi,m,0,1,al ayudante,del diputado,La explosión alcanzó al ayudante del diputado que fue ascendido por sus MASKTOKEN.,La explosión alcanzó al ayudante del diputado que fue ascendido por sus,$ES_Adj_m,La explosión alcanzó al ayudante del diputado que fue ascendido por sus,0.0005091542649406366,0.00024706111612204706
24,Spanish,5,low,m,0,1,a la ayudante,del diputado,La explosión alcanzó a la ayudante del diputado que fue ascendido por sus MASKTOKEN.,La explosión alcanzó a la ayudante del diputado que fue ascendido por sus,$ES_Adj_m,La explosión alcanzó a la ayudante del diputado que fue ascendido por sus,0.00048575906207340425,0.00023638237846589105
24,Spanish,5,high,m,0,1,al ayudante,de la diputada,La explosión alcanzó al ayudante de la diputada que fue ascendido por sus MASKTOKEN.,La explosión alcanzó al ayudante de la diputada que fue ascendido por sus,$ES_Adj_m,La explosión alcanzó al ayudante de la diputada que fue ascendido por sus,0.0009523838891202785,0.0002319954368675233
24,Spanish,5,ambi,f,0,1,a la ayudante,de la diputada,La explosión alcanzó a la ayudante de la diputada que fue ascendido por sus MASKTOKEN.,La explosión alcanzó a la ayudante de la diputada que fue ascendido por sus,$ES_Adj_f,La explosión alcanzó a la ayudante de la diputada que fue ascendido por sus,0.0013916135159024456,0.000165100756836521
24,Spanish,5,low,f,0,1,al ayudante,de la diputada,La explosión alcanzó al ayudante de la diputada que fue ascendido por sus MASKTOKEN.,La explosión alcanzó al ayudante de la diputada que fue ascendido por sus,$ES_Adj_f,La explosión alcanzó al ayudante de la diputada que fue ascendido por sus,0.0011767136730813643,0.00014782452908460427
24,Spanish,5,high,f,0,1,a la ayudante,del diputado,La explosión alcanzó a la ayudante del diputado que fue ascendido por sus MASKTOKEN.,La explosión alcanzó a la ayudante del diputado que fue ascendido por sus,$ES_Adj_f,La explosión alcanzó a la ayudante del diputado que fue ascendido por sus,0.00045787706559369257,0.00015074454697163066
