item,lang,exp,AttachType,gender,N1_changed,N2_changed,N1,N2,mask_sents,auto_sents,target,sent,/data/new_es_models/es_lstm_hidden650_batch64_dropout0.2_lr20_0.pt_prob,/data/new_es_models/es_lstm_hidden650_batch64_dropout0.2_lr20_1.pt_prob,/data/new_es_models/es_lstm_hidden650_batch64_dropout0.2_lr20_2.pt_prob,/data/new_es_models/es_lstm_hidden650_batch64_dropout0.2_lr20_3.pt_prob,/data/new_es_models/es_lstm_hidden650_batch64_dropout0.2_lr20_4.pt_prob
1,Spanish,5,ambi,m,0,0,el criado,del actor,Alguien disparó contra el criado del actor que estaba MASKTOKEN.,Alguien disparó contra el criado del actor que estaba,$ES_Adj_m,Alguien disparó contra el criado del actor que estaba,0.13377086775360153,0.010057479461294011,0.014695986896813562,0.1355246632472088,0.14303023196366627
1,Spanish,5,low,m,0,0,la criada,del actor,Alguien disparó contra la criada del actor que estaba MASKTOKEN.,Alguien disparó contra la criada del actor que estaba,$ES_Adj_m,Alguien disparó contra la criada del actor que estaba,0.07021550195881787,0.016907601225832014,0.020901196957021362,0.07093829201663038,0.0761371632717801
1,Spanish,5,high,m,0,0,el criado,de la actriz,Alguien disparó contra el criado de la actriz que estaba MASKTOKEN.,Alguien disparó contra el criado de la actriz que estaba,$ES_Adj_m,Alguien disparó contra el criado de la actriz que estaba,0.1183667802107431,0.00889972718874979,0.011573252146889867,0.08032615475404442,0.0900708363869338
1,Spanish,5,ambi,f,0,0,la criada,de la actriz,Alguien disparó contra la criada de la actriz que estaba MASKTOKEN.,Alguien disparó contra la criada de la actriz que estaba,$ES_Adj_f,Alguien disparó contra la criada de la actriz que estaba,0.1498062164756513,0.002557396353799035,0.0023146605906207984,0.13090262348767578,0.13218796064922467
1,Spanish,5,low,f,0,0,el criado,de la actriz,Alguien disparó contra el criado de la actriz que estaba MASKTOKEN.,Alguien disparó contra el criado de la actriz que estaba,$ES_Adj_f,Alguien disparó contra el criado de la actriz que estaba,0.04299173017451252,0.0017789874943427986,0.003690269980973493,0.04789072633878588,0.04108374131249626
1,Spanish,5,high,f,0,0,la criada,del actor,Alguien disparó contra la criada del actor que estaba MASKTOKEN.,Alguien disparó contra la criada del actor que estaba,$ES_Adj_f,Alguien disparó contra la criada del actor que estaba,0.07265418963716264,0.008368810826137663,0.003233881776721431,0.035047451893578274,0.06481921966860194
2,Spanish,5,ambi,m,0,0,al amigo,del maestro,Pedro conoció al amigo del maestro que estuvo MASKTOKEN por el Ministerio.,Pedro conoció al amigo del maestro que estuvo,$ES_Adj_m,Pedro conoció al amigo del maestro que estuvo,0.1534437408437106,0.01854956528813423,0.0174817570066228,0.12971678040546397,0.14005232786930533
2,Spanish,5,low,m,0,0,a la amiga,del maestro,Pedro conoció a la amiga del maestro que estuvo MASKTOKEN por el Ministerio.,Pedro conoció a la amiga del maestro que estuvo,$ES_Adj_m,Pedro conoció a la amiga del maestro que estuvo,0.05575571688529163,0.02501820181980463,0.019540257595755173,0.04253001376854737,0.06053249149033868
2,Spanish,5,high,m,0,0,al amigo,de la maestra,Pedro conoció al amigo de la maestra que estuvo MASKTOKEN por el Ministerio.,Pedro conoció al amigo de la maestra que estuvo,$ES_Adj_m,Pedro conoció al amigo de la maestra que estuvo,0.11629916987440447,0.01601253489713539,0.018131589116052504,0.1000687038158905,0.09649518264267609
2,Spanish,5,ambi,f,0,0,a la amiga,de la maestra,Pedro conoció a la amiga de la maestra que estuvo MASKTOKEN por el Ministerio.,Pedro conoció a la amiga de la maestra que estuvo,$ES_Adj_f,Pedro conoció a la amiga de la maestra que estuvo,0.18911371838441116,0.012126329429936078,0.011624021756589165,0.11931308764049708,0.07224598579995778
2,Spanish,5,low,f,0,0,al amigo,de la maestra,Pedro conoció al amigo de la maestra que estuvo MASKTOKEN por el Ministerio.,Pedro conoció al amigo de la maestra que estuvo,$ES_Adj_f,Pedro conoció al amigo de la maestra que estuvo,0.05487796961866398,0.011041352148798866,0.012621363518052375,0.02188665832561454,0.019971979134209672
2,Spanish,5,high,f,0,0,a la amiga,del maestro,Pedro conoció a la amiga del maestro que estuvo MASKTOKEN por el Ministerio.,Pedro conoció a la amiga del maestro que estuvo,$ES_Adj_f,Pedro conoció a la amiga del maestro que estuvo,0.08153587603372647,0.015102300045340522,0.01173219333912634,0.07197725366139851,0.07598352698488231
3,Spanish,5,ambi,m,0,1,al hermano,del trabajador,La policía detuvo al hermano del trabajador que estuvo MASKTOKEN de hurto.,La policía detuvo al hermano del trabajador que estuvo,$ES_Adj_m,La policía detuvo al hermano del trabajador que estuvo,0.20366120571768986,0.02451928388096225,0.020071962262047993,0.21561589688580374,0.15363633916224861
3,Spanish,5,low,m,0,1,a la hermana,del trabajador,La policía detuvo a la hermana del trabajador que estuvo MASKTOKEN de hurto.,La policía detuvo a la hermana del trabajador que estuvo,$ES_Adj_m,La policía detuvo a la hermana del trabajador que estuvo,0.07824251475792204,0.022791459995643137,0.02250464119310891,0.07663644186919649,0.07194055605934846
3,Spanish,5,high,m,0,1,al hermano,de la trabajadora,La policía detuvo al hermano de la trabajadora que estuvo MASKTOKEN de hurto.,La policía detuvo al hermano de la trabajadora que estuvo,$ES_Adj_m,La policía detuvo al hermano de la trabajadora que estuvo,0.1369554375854246,0.021783881726699983,0.01603898943401183,0.13688670914081214,0.10627712781531917
3,Spanish,5,ambi,f,0,1,a la hermana,de la trabajadora,La policía detuvo a la hermana de la trabajadora que estuvo MASKTOKEN de hurto.,La policía detuvo a la hermana de la trabajadora que estuvo,$ES_Adj_f,La policía detuvo a la hermana de la trabajadora que estuvo,0.13374937757447447,0.011211676437249185,0.010559744697209328,0.10497411991496453,0.07494308061951926
3,Spanish,5,low,f,0,1,al hermano,de la trabajadora,La policía detuvo al hermano de la trabajadora que estuvo MASKTOKEN de hurto.,La policía detuvo al hermano de la trabajadora que estuvo,$ES_Adj_f,La policía detuvo al hermano de la trabajadora que estuvo,0.018892455309863387,0.009174202531488707,0.01043003590346503,0.026279299403018985,0.02377710691827639
3,Spanish,5,high,f,0,1,a la hermana,del trabajador,La policía detuvo a la hermana del trabajador que estuvo MASKTOKEN de hurto.,La policía detuvo a la hermana del trabajador que estuvo,$ES_Adj_f,La policía detuvo a la hermana del trabajador que estuvo,0.05923218259441532,0.015098529570736985,0.011288224213163,0.0739765444085223,0.05884411833608105
4,Spanish,5,ambi,m,0,0,al amigo,del abogado,Un alumno apedreó al amigo del abogado que estuvo como MASKTOKEN en el Parlamento.,Un alumno apedreó al amigo del abogado que estuvo como,$ES_Adj_m,Un alumno apedreó al amigo del abogado que estuvo como,0.09671966051312586,0.019344089150371335,0.010532330115298,0.08922408030554685,0.1275410967306414
4,Spanish,5,low,m,0,0,a la amiga,del abogado,Un alumno apedreó a la amiga del abogado que estuvo como MASKTOKEN en el Parlamento.,Un alumno apedreó a la amiga del abogado que estuvo como,$ES_Adj_m,Un alumno apedreó a la amiga del abogado que estuvo como,0.06626516508448932,0.022455957124397297,0.012151865327147127,0.05161092148235902,0.09265182694468144
4,Spanish,5,high,m,0,0,al amigo,de la abogada,Un alumno apedreó al amigo de la abogada que estuvo como MASKTOKEN en el Parlamento.,Un alumno apedreó al amigo de la abogada que estuvo como,$ES_Adj_m,Un alumno apedreó al amigo de la abogada que estuvo como,0.08160586676861159,0.019021499404112963,0.0142786934416822,0.06333465870303989,0.09703325195353263
4,Spanish,5,ambi,f,0,0,a la amiga,de la abogada,Un alumno apedreó a la amiga de la abogada que estuvo como MASKTOKEN en el Parlamento.,Un alumno apedreó a la amiga de la abogada que estuvo como,$ES_Adj_f,Un alumno apedreó a la amiga de la abogada que estuvo como,0.08718028048796356,0.01240797538276997,0.013034141466184992,0.058048746165982434,0.1001252127162573
4,Spanish,5,low,f,0,0,al amigo,de la abogada,Un alumno apedreó al amigo de la abogada que estuvo como MASKTOKEN en el Parlamento.,Un alumno apedreó al amigo de la abogada que estuvo como,$ES_Adj_f,Un alumno apedreó al amigo de la abogada que estuvo como,0.014941427513885941,0.015409826526078196,0.009694300355463259,0.016021174088829415,0.007478255823439639
4,Spanish,5,high,f,0,0,a la amiga,del abogado,Un alumno apedreó a la amiga del abogado que estuvo como MASKTOKEN en el Parlamento.,Un alumno apedreó a la amiga del abogado que estuvo como,$ES_Adj_f,Un alumno apedreó a la amiga del abogado que estuvo como,0.026654248415900028,0.016777204024587877,0.008132728741071384,0.0295336969047445,0.014675038103515003
5,Spanish,5,ambi,m,0,0,el novio,del cantante,Amelia se fotografió con el novio del cantante que estuvo MASKTOKEN con los periodistas.,Amelia se fotografió con el novio del cantante que estuvo,$ES_Adj_m,Amelia se fotografió con el novio del cantante que estuvo,0.11285663643232158,0.012771282317949328,0.013424371224732334,0.108797802504913,0.10068122093867915
5,Spanish,5,low,m,0,0,la novia,del cantante,Amelia se fotografió con la novia del cantante que estuvo MASKTOKEN con los periodistas.,Amelia se fotografió con la novia del cantante que estuvo,$ES_Adj_m,Amelia se fotografió con la novia del cantante que estuvo,0.052690723499837944,0.01849583863784643,0.020958120771211675,0.04698303696939865,0.05092038079883576
5,Spanish,5,high,m,0,0,el novio,de la cantante,Amelia se fotografió con el novio de la cantante que estuvo MASKTOKEN con los periodistas.,Amelia se fotografió con el novio de la cantante que estuvo,$ES_Adj_m,Amelia se fotografió con el novio de la cantante que estuvo,0.06936207435331121,0.013310522066034114,0.01562443258055174,0.07220863064272098,0.044541782463759616
5,Spanish,5,ambi,f,0,0,la novia,de la cantante,Amelia se fotografió con la novia de la cantante que estuvo MASKTOKEN con los periodistas.,Amelia se fotografió con la novia de la cantante que estuvo,$ES_Adj_f,Amelia se fotografió con la novia de la cantante que estuvo,0.15066922173369468,0.008366489960748957,0.011201268858588742,0.09168397274632945,0.08549745562157418
5,Spanish,5,low,f,0,0,el novio,de la cantante,Amelia se fotografió con el novio de la cantante que estuvo MASKTOKEN con los periodistas.,Amelia se fotografió con el novio de la cantante que estuvo,$ES_Adj_f,Amelia se fotografió con el novio de la cantante que estuvo,0.05775600043797868,0.00627989908657578,0.010220564629707551,0.0411947948842637,0.06032505389623055
5,Spanish,5,high,f,0,0,la novia,del cantante,Amelia se fotografió con la novia del cantante que estuvo MASKTOKEN con los periodistas.,Amelia se fotografió con la novia del cantante que estuvo,$ES_Adj_f,Amelia se fotografió con la novia del cantante que estuvo,0.08973924796727584,0.009428757107919128,0.014002489757376835,0.05505605012062431,0.05320030574569268
6,Spanish,5,ambi,m,0,0,al hijo,del diputado,El periodista entrevistó al hijo del diputado que se quedó MASKTOKEN.,El periodista entrevistó al hijo del diputado que se quedó,$ES_Adj_m,El periodista entrevistó al hijo del diputado que se quedó,0.07045751153675806,0.01117231220533732,0.010807579252439248,0.06855010639579895,0.05821671759729424
6,Spanish,5,low,m,0,0,a la hija,del diputado,El periodista entrevistó a la hija del diputado que se quedó MASKTOKEN.,El periodista entrevistó a la hija del diputado que se quedó,$ES_Adj_m,El periodista entrevistó a la hija del diputado que se quedó,0.0298807406057654,0.011749872224579017,0.006587098374863931,0.02610958760942883,0.023111237507220606
6,Spanish,5,high,m,0,0,al hijo,de la diputada,El periodista entrevistó al hijo de la diputada que se quedó MASKTOKEN.,El periodista entrevistó al hijo de la diputada que se quedó,$ES_Adj_m,El periodista entrevistó al hijo de la diputada que se quedó,0.022080936819893204,0.0121976102897155,0.01021695915164228,0.032897103405765904,0.022487012803245887
6,Spanish,5,ambi,f,0,0,a la hija,de la diputada,El periodista entrevistó a la hija de la diputada que se quedó MASKTOKEN.,El periodista entrevistó a la hija de la diputada que se quedó,$ES_Adj_f,El periodista entrevistó a la hija de la diputada que se quedó,0.06174215479990408,0.006009794782845468,0.0013274953457581562,0.0498911574141403,0.025260868624099375
6,Spanish,5,low,f,0,0,al hijo,de la diputada,El periodista entrevistó al hijo de la diputada que se quedó MASKTOKEN.,El periodista entrevistó al hijo de la diputada que se quedó,$ES_Adj_f,El periodista entrevistó al hijo de la diputada que se quedó,0.019391227984902948,0.0045813914850505455,0.0019013199969997174,0.020369763141148356,0.010433718433058348
6,Spanish,5,high,f,0,0,a la hija,del diputado,El periodista entrevistó a la hija del diputado que se quedó MASKTOKEN.,El periodista entrevistó a la hija del diputado que se quedó,$ES_Adj_f,El periodista entrevistó a la hija del diputado que se quedó,0.017789145447137195,0.004676877962303205,0.0013010012615104483,0.016942747273114622,0.01440753173308662
7,Spanish,5,ambi,m,0,0,el sobrino,del conserje,Andrés cenó ayer con el sobrino del conserje que trabajó de MASKTOKEN en su empresa.,Andrés cenó ayer con el sobrino del conserje que trabajó de,$ES_Adj_m,Andrés cenó ayer con el sobrino del conserje que trabajó de,0.051833083894631926,0.008511831373421819,0.010578545255521377,0.05058246171639791,0.028280243303070662
7,Spanish,5,low,m,0,0,la sobrina,del conserje,Andrés cenó ayer con la sobrina del conserje que trabajó de MASKTOKEN en su empresa.,Andrés cenó ayer con la sobrina del conserje que trabajó de,$ES_Adj_m,Andrés cenó ayer con la sobrina del conserje que trabajó de,0.04444106036958573,0.00868301581872677,0.012864541101529015,0.048243897868071706,0.025249096786977177
7,Spanish,5,high,m,0,0,el sobrino,de la conserje,Andrés cenó ayer con el sobrino de la conserje que trabajó de MASKTOKEN en su empresa.,Andrés cenó ayer con el sobrino de la conserje que trabajó de,$ES_Adj_m,Andrés cenó ayer con el sobrino de la conserje que trabajó de,0.050379359766280274,0.007431261467902184,0.00627372780797375,0.048374798778610284,0.027092787242777305
7,Spanish,5,ambi,f,0,0,la sobrina,de la conserje,Andrés cenó ayer con la sobrina de la conserje que trabajó de MASKTOKEN en su empresa.,Andrés cenó ayer con la sobrina de la conserje que trabajó de,$ES_Adj_f,Andrés cenó ayer con la sobrina de la conserje que trabajó de,0.017151949773611896,0.003055650661373366,0.0033821479345919614,0.06493849449515032,0.016536087347712503
7,Spanish,5,low,f,0,0,el sobrino,de la conserje,Andrés cenó ayer con el sobrino de la conserje que trabajó de MASKTOKEN en su empresa.,Andrés cenó ayer con el sobrino de la conserje que trabajó de,$ES_Adj_f,Andrés cenó ayer con el sobrino de la conserje que trabajó de,0.016130652160589065,0.004103061631366867,0.0031558683938716636,0.044429580828110105,0.014563152418724634
7,Spanish,5,high,f,0,0,la sobrina,del conserje,Andrés cenó ayer con la sobrina del conserje que trabajó de MASKTOKEN en su empresa.,Andrés cenó ayer con la sobrina del conserje que trabajó de,$ES_Adj_f,Andrés cenó ayer con la sobrina del conserje que trabajó de,0.016545983429774758,0.0036391031823170827,0.00628544356901567,0.06436341170576743,0.016084604357548216
8,Spanish,5,ambi,m,0,1,el hijo,del obrero,María salió al cine con el hijo del obrero que estaba MASKTOKEN.,María salió al cine con el hijo del obrero que estaba,$ES_Adj_m,María salió al cine con el hijo del obrero que estaba,0.11711553144466524,0.012380622986842005,0.015608468444196055,0.17020670494064416,0.17459783754649255
8,Spanish,5,low,m,0,1,la hija,del obrero,María salió al cine con la hija del obrero que estaba MASKTOKEN.,María salió al cine con la hija del obrero que estaba,$ES_Adj_m,María salió al cine con la hija del obrero que estaba,0.06146727087619408,0.011369184465676307,0.014449254660698685,0.06212607053562447,0.06954440790193622
8,Spanish,5,high,m,0,1,el hijo,de la obrera,María salió al cine con el hijo de la obrera que estaba MASKTOKEN.,María salió al cine con el hijo de la obrera que estaba,$ES_Adj_m,María salió al cine con el hijo de la obrera que estaba,0.061421614745147846,0.004368210106531101,0.007671279866241276,0.09440091992946908,0.11774587873075415
8,Spanish,5,ambi,f,0,1,la hija,de la obrera,María salió al cine con la hija de la obrera que estaba MASKTOKEN.,María salió al cine con la hija de la obrera que estaba,$ES_Adj_f,María salió al cine con la hija de la obrera que estaba,0.14488949751659108,0.00156977902867661,0.0015341980218718243,0.11969725297172129,0.1110863770847148
8,Spanish,5,low,f,0,1,el hijo,de la obrera,María salió al cine con el hijo de la obrera que estaba MASKTOKEN.,María salió al cine con el hijo de la obrera que estaba,$ES_Adj_f,María salió al cine con el hijo de la obrera que estaba,0.05816826506521955,0.00157627304584107,0.0016767928919860786,0.03943708828480741,0.027003249909596017
8,Spanish,5,high,f,0,1,la hija,del obrero,María salió al cine con la hija del obrero que estaba MASKTOKEN.,María salió al cine con la hija del obrero que estaba,$ES_Adj_f,María salió al cine con la hija del obrero que estaba,0.07069849668056571,0.0029105057606687856,0.0038024372588018607,0.06736297157968252,0.09477128527423284
9,Spanish,5,ambi,m,0,0,del sobrino,del maestro,Los chicos se burlaron del sobrino del maestro que estaba MASKTOKEN en el parque.,Los chicos se burlaron del sobrino del maestro que estaba,$ES_Adj_m,Los chicos se burlaron del sobrino del maestro que estaba,0.1013065503200945,0.029154167766372113,0.016055421176201873,0.14329126104355883,0.15027301726806308
9,Spanish,5,low,m,0,0,de la sobrina,del maestro,Los chicos se burlaron de la sobrina del maestro que estaba MASKTOKEN en el parque.,Los chicos se burlaron de la sobrina del maestro que estaba,$ES_Adj_m,Los chicos se burlaron de la sobrina del maestro que estaba,0.04634942524091046,0.017253583114875348,0.010231529273791118,0.06030464739455499,0.07096219819608679
9,Spanish,5,high,m,0,0,del sobrino,de la maestra,Los chicos se burlaron del sobrino de la maestra que estaba MASKTOKEN en el parque.,Los chicos se burlaron del sobrino de la maestra que estaba,$ES_Adj_m,Los chicos se burlaron del sobrino de la maestra que estaba,0.03778953754686554,0.010147142878667748,0.008424169366512801,0.05288655580101742,0.05653223180288258
9,Spanish,5,ambi,f,0,0,de la sobrina,de la maestra,Los chicos se burlaron de la sobrina de la maestra que estaba MASKTOKEN en el parque.,Los chicos se burlaron de la sobrina de la maestra que estaba,$ES_Adj_f,Los chicos se burlaron de la sobrina de la maestra que estaba,0.16423426465395563,0.0016772439693985564,0.001228286303426529,0.16608442604790152,0.09480301295339921
9,Spanish,5,low,f,0,0,del sobrino,de la maestra,Los chicos se burlaron del sobrino de la maestra que estaba MASKTOKEN en el parque.,Los chicos se burlaron del sobrino de la maestra que estaba,$ES_Adj_f,Los chicos se burlaron del sobrino de la maestra que estaba,0.08383677093232489,0.0036001706055427685,0.0022421475469118213,0.04944767213353174,0.049817592668609745
9,Spanish,5,high,f,0,0,de la sobrina,del maestro,Los chicos se burlaron de la sobrina del maestro que estaba MASKTOKEN en el parque.,Los chicos se burlaron de la sobrina del maestro que estaba,$ES_Adj_f,Los chicos se burlaron de la sobrina del maestro que estaba,0.0640270362405706,0.009283278912338266,0.004334968254770533,0.08120267462560626,0.052879721228134446
10,Spanish,5,ambi,m,0,1,el sirviente,del rey,Mi madre discutió con el sirviente del rey que estuvo MASKTOKEN la semana pasada.,Mi madre discutió con el sirviente del rey que estuvo,$ES_Adj_m,Mi madre discutió con el sirviente del rey que estuvo,0.1913417837458522,0.02367279757891333,0.033796078018034414,0.18467918854367493,0.13520903014080643
10,Spanish,5,low,m,0,1,la sirvienta,del rey,Mi madre discutió con la sirvienta del rey que estuvo MASKTOKEN la semana pasada.,Mi madre discutió con la sirvienta del rey que estuvo,$ES_Adj_m,Mi madre discutió con la sirvienta del rey que estuvo,0.07529142699916902,0.019899592724647253,0.01803104159323854,0.12543107858405333,0.06471844598431131
10,Spanish,5,high,m,0,1,el sirviente,de la reina,Mi madre discutió con el sirviente de la reina que estuvo MASKTOKEN la semana pasada.,Mi madre discutió con el sirviente de la reina que estuvo,$ES_Adj_m,Mi madre discutió con el sirviente de la reina que estuvo,0.10343715981606072,0.017127162351238234,0.016980435181994713,0.09543197977721674,0.05130645431982861
10,Spanish,5,ambi,f,0,1,la sirvienta,de la reina,Mi madre discutió con la sirvienta de la reina que estuvo MASKTOKEN la semana pasada.,Mi madre discutió con la sirvienta de la reina que estuvo,$ES_Adj_f,Mi madre discutió con la sirvienta de la reina que estuvo,0.1926443785990859,0.004868001109286868,0.005836615291268221,0.09744360554514131,0.11494515491226798
10,Spanish,5,low,f,0,1,el sirviente,de la reina,Mi madre discutió con el sirviente de la reina que estuvo MASKTOKEN la semana pasada.,Mi madre discutió con el sirviente de la reina que estuvo,$ES_Adj_f,Mi madre discutió con el sirviente de la reina que estuvo,0.06973009142756004,0.005134268245899909,0.007191683337670507,0.0804490642514355,0.07308073069875043
10,Spanish,5,high,f,0,1,la sirvienta,del rey,Mi madre discutió con la sirvienta del rey que estuvo MASKTOKEN la semana pasada.,Mi madre discutió con la sirvienta del rey que estuvo,$ES_Adj_f,Mi madre discutió con la sirvienta del rey que estuvo,0.1466641250078875,0.007746401088879473,0.011773804311432046,0.06565386378759541,0.08109530765886497
11,Spanish,5,ambi,m,0,1,al criado,del emperador,La policía detuvo al criado del emperador que estuvo MASKTOKEN antes por escandalo.,La policía detuvo al criado del emperador que estuvo,$ES_Adj_m,La policía detuvo al criado del emperador que estuvo,0.24345118560923318,0.01833769882171099,0.01658630794000998,0.2544117990642556,0.13457736180852198
11,Spanish,5,low,m,0,1,a la criada,del emperador,La policía detuvo a la criada del emperador que estuvo MASKTOKEN antes por escandalo.,La policía detuvo a la criada del emperador que estuvo,$ES_Adj_m,La policía detuvo a la criada del emperador que estuvo,0.07838415292519968,0.033449976388147284,0.019787595249671663,0.08867863236121132,0.07869944856554034
11,Spanish,5,high,m,0,1,al criado,de la emperatriz,La policía detuvo al criado de la emperatriz que estuvo MASKTOKEN antes por escandalo.,La policía detuvo al criado de la emperatriz que estuvo,$ES_Adj_m,La policía detuvo al criado de la emperatriz que estuvo,0.14909354355855486,0.022504399974671685,0.014967912255871352,0.1518091744629344,0.09827937440583123
11,Spanish,5,ambi,f,0,1,a la criada,de la emperatriz,La policía detuvo a la criada de la emperatriz que estuvo MASKTOKEN antes por escandalo.,La policía detuvo a la criada de la emperatriz que estuvo,$ES_Adj_f,La policía detuvo a la criada de la emperatriz que estuvo,0.19000988979147637,0.016591312140396428,0.009711410856624969,0.12129318101347542,0.08231434732822263
11,Spanish,5,low,f,0,1,al criado,de la emperatriz,La policía detuvo al criado de la emperatriz que estuvo MASKTOKEN antes por escandalo.,La policía detuvo al criado de la emperatriz que estuvo,$ES_Adj_f,La policía detuvo al criado de la emperatriz que estuvo,0.031853498481047016,0.014976974185843484,0.016943719457003237,0.04095580148184319,0.028953324168438543
11,Spanish,5,high,f,0,1,a la criada,del emperador,La policía detuvo a la criada del emperador que estuvo MASKTOKEN antes por escandalo.,La policía detuvo a la criada del emperador que estuvo,$ES_Adj_f,La policía detuvo a la criada del emperador que estuvo,0.08570942708520568,0.016320266680828532,0.011472085672441956,0.08466802859261757,0.05899840886679364
12,Spanish,5,ambi,m,1,0,al ayudante,del doctor,Esta tarde he visto al ayudante del doctor que había sido MASKTOKEN el año pasado.,Esta tarde he visto al ayudante del doctor que había sido,$ES_Adj_m,Esta tarde he visto al ayudante del doctor que había sido,0.28165434350845775,0.023055694558141493,0.020061407525200525,0.2673379115552157,0.2512438031228763
12,Spanish,5,low,m,1,0,a la ayudante,del doctor,Esta tarde he visto a la ayudante del doctor que había sido MASKTOKEN el año pasado.,Esta tarde he visto a la ayudante del doctor que había sido,$ES_Adj_m,Esta tarde he visto a la ayudante del doctor que había sido,0.06268417843040819,0.02426826013760852,0.02581518491887358,0.1208289289522071,0.13344935586552786
12,Spanish,5,high,m,1,0,al ayudante,de la doctora,Esta tarde he visto al ayudante de la doctora que había sido MASKTOKEN el año pasado.,Esta tarde he visto al ayudante de la doctora que había sido,$ES_Adj_m,Esta tarde he visto al ayudante de la doctora que había sido,0.24102703908270673,0.02566063597079582,0.023065477479204066,0.21148792196595068,0.08472880947444439
12,Spanish,5,ambi,f,1,0,a la ayudante,de la doctora,Esta tarde he visto a la ayudante de la doctora que había sido MASKTOKEN el año pasado.,Esta tarde he visto a la ayudante de la doctora que había sido,$ES_Adj_f,Esta tarde he visto a la ayudante de la doctora que había sido,0.33399913676045045,0.007891451937186877,0.0062953429230130364,0.26911213510026766,0.22575886936935063
12,Spanish,5,low,f,1,0,al ayudante,de la doctora,Esta tarde he visto al ayudante de la doctora que había sido MASKTOKEN el año pasado.,Esta tarde he visto al ayudante de la doctora que había sido,$ES_Adj_f,Esta tarde he visto al ayudante de la doctora que había sido,0.036136006248965735,0.008648549253569171,0.007415875273426797,0.072015529347778,0.10573538759569345
12,Spanish,5,high,f,1,0,a la ayudante,del doctor,Esta tarde he visto a la ayudante del doctor que había sido MASKTOKEN el año pasado.,Esta tarde he visto a la ayudante del doctor que había sido,$ES_Adj_f,Esta tarde he visto a la ayudante del doctor que había sido,0.2484171341151331,0.007757204553977992,0.006946655233158294,0.12831478719149025,0.08439716196767488
13,Spanish,5,ambi,m,0,1,el abuelo,del chico,Los chicos se reían con el abuelo del chico que estaba MASKTOKEN con un traje nuevo.,Los chicos se reían con el abuelo del chico que estaba,$ES_Adj_m,Los chicos se reían con el abuelo del chico que estaba,0.09759774465574367,0.012034376002223457,0.014001468489324154,0.1318560834084772,0.1285475749487014
13,Spanish,5,low,m,0,1,la abuela,del chico,Los chicos se reían con la abuela del chico que estaba MASKTOKEN con un traje nuevo.,Los chicos se reían con la abuela del chico que estaba,$ES_Adj_m,Los chicos se reían con la abuela del chico que estaba,0.0467961801457073,0.010686174459715536,0.01390910450500793,0.05062266962843143,0.07047604274201325
13,Spanish,5,high,m,0,1,el abuelo,de la chica,Los chicos se reían con el abuelo de la chica que estaba MASKTOKEN con un traje nuevo.,Los chicos se reían con el abuelo de la chica que estaba,$ES_Adj_m,Los chicos se reían con el abuelo de la chica que estaba,0.0372925612922157,0.007743148191256821,0.010939829250578459,0.059060715904979244,0.04797323575468193
13,Spanish,5,ambi,f,0,1,la abuela,de la chica,Los chicos se reían con la abuela de la chica que estaba MASKTOKEN con un traje nuevo.,Los chicos se reían con la abuela de la chica que estaba,$ES_Adj_f,Los chicos se reían con la abuela de la chica que estaba,0.13517833917684596,0.003389606062058681,0.002395074779018236,0.17463802817236385,0.10853395957648126
13,Spanish,5,low,f,0,1,el abuelo,de la chica,Los chicos se reían con el abuelo de la chica que estaba MASKTOKEN con un traje nuevo.,Los chicos se reían con el abuelo de la chica que estaba,$ES_Adj_f,Los chicos se reían con el abuelo de la chica que estaba,0.05988486967948936,0.0038015694785809573,0.0027933419126940917,0.05266134013994317,0.06162581551830615
13,Spanish,5,high,f,0,1,la abuela,del chico,Los chicos se reían con la abuela del chico que estaba MASKTOKEN con un traje nuevo.,Los chicos se reían con la abuela del chico que estaba,$ES_Adj_f,Los chicos se reían con la abuela del chico que estaba,0.06204693805628381,0.003697890300691564,0.004014876245923393,0.07049218169442328,0.04570050185013619
13,Spanish,5,ambi,m,0,0,al secretario,del gerente,El cartero se acercó al secretario del gerente que estaba MASKTOKEN.,El cartero se acercó al secretario del gerente que estaba,$ES_Adj_m,El cartero se acercó al secretario del gerente que estaba,0.11320387447400071,0.00906129498968386,0.019925572156155646,0.11894611529691712,0.10609188750495258
13,Spanish,5,low,m,0,0,a la secretaria,del gerente,El cartero se acercó a la secretaria del gerente que estaba MASKTOKEN.,El cartero se acercó a la secretaria del gerente que estaba,$ES_Adj_m,El cartero se acercó a la secretaria del gerente que estaba,0.050310886116765596,0.008229524846508518,0.016144445429263632,0.057015906245794445,0.058936485229995395
13,Spanish,5,high,m,0,0,al secretario,de la gerente,El cartero se acercó al secretario de la gerente que estaba MASKTOKEN.,El cartero se acercó al secretario de la gerente que estaba,$ES_Adj_m,El cartero se acercó al secretario de la gerente que estaba,0.09630551366712581,0.005198843120920282,0.021174362285429682,0.07742273251889997,0.08864881345320041
13,Spanish,5,ambi,f,0,0,a la secretaria,de la gerente,El cartero se acercó a la secretaria de la gerente que estaba MASKTOKEN.,El cartero se acercó a la secretaria de la gerente que estaba,$ES_Adj_f,El cartero se acercó a la secretaria de la gerente que estaba,0.11506813802142091,0.0021426219409272917,0.0020040544267012073,0.0779081211474475,0.06223456017639073
13,Spanish,5,low,f,0,0,al secretario,de la gerente,El cartero se acercó al secretario de la gerente que estaba MASKTOKEN.,El cartero se acercó al secretario de la gerente que estaba,$ES_Adj_f,El cartero se acercó al secretario de la gerente que estaba,0.010397416240298218,0.001951485457399732,0.0017275241370178496,0.017756067597196057,0.007975804680183829
13,Spanish,5,high,f,0,0,a la secretaria,del gerente,El cartero se acercó a la secretaria del gerente que estaba MASKTOKEN.,El cartero se acercó a la secretaria del gerente que estaba,$ES_Adj_f,El cartero se acercó a la secretaria del gerente que estaba,0.04555110019069897,0.004530588423681037,0.006399626483201415,0.015263029121978189,0.024085219677272507
15,Spanish,5,ambi,m,0,0,del nieto,del campesino,El turista hizo un dibujo del nieto del campesino que estaba MASKTOKEN.,El turista hizo un dibujo del nieto del campesino que estaba,$ES_Adj_m,El turista hizo un dibujo del nieto del campesino que estaba,0.13624474128049213,0.021912477962517884,0.03490905453160298,0.17971724610373174,0.1594500843775899
15,Spanish,5,low,m,0,0,de la nieta,del campesino,El turista hizo un dibujo de la nieta del campesino que estaba MASKTOKEN.,El turista hizo un dibujo de la nieta del campesino que estaba,$ES_Adj_m,El turista hizo un dibujo de la nieta del campesino que estaba,0.08778101559726403,0.006819311065827893,0.00803953593883211,0.08194157808279634,0.10284067457976476
15,Spanish,5,high,m,0,0,del nieto,de la campesina,El turista hizo un dibujo del nieto de la campesina que estaba MASKTOKEN.,El turista hizo un dibujo del nieto de la campesina que estaba,$ES_Adj_m,El turista hizo un dibujo del nieto de la campesina que estaba,0.11650387734537082,0.005709215436155768,0.01158212855636176,0.11046646046100372,0.09290814656234714
15,Spanish,5,ambi,f,0,0,de la nieta,de la campesina,El turista hizo un dibujo de la nieta de la campesina que estaba MASKTOKEN.,El turista hizo un dibujo de la nieta de la campesina que estaba,$ES_Adj_f,El turista hizo un dibujo de la nieta de la campesina que estaba,0.2021068612344621,0.00180626749887354,0.001657744321187704,0.11518734682325871,0.13943672348243208
15,Spanish,5,low,f,0,0,del nieto,de la campesina,El turista hizo un dibujo del nieto de la campesina que estaba MASKTOKEN.,El turista hizo un dibujo del nieto de la campesina que estaba,$ES_Adj_f,El turista hizo un dibujo del nieto de la campesina que estaba,0.03235312901553933,0.0019095889580673375,0.003089769339407966,0.0349208362055724,0.047845291334694284
15,Spanish,5,high,f,0,0,de la nieta,del campesino,El turista hizo un dibujo de la nieta del campesino que estaba MASKTOKEN.,El turista hizo un dibujo de la nieta del campesino que estaba,$ES_Adj_f,El turista hizo un dibujo de la nieta del campesino que estaba,0.07015492627482478,0.001607930795973142,0.0020881098803808285,0.04805974001993585,0.05518335558336607
16,Spanish,5,ambi,m,0,0,el visitante,del paciente,La enfermera tropezó con el visitante del paciente que estaba MASKTOKEN.,La enfermera tropezó con el visitante del paciente que estaba,$ES_Adj_m,La enfermera tropezó con el visitante del paciente que estaba,0.13950472266525826,0.009112106240393714,0.009075319375368651,0.07663698634334948,0.12008833478668424
16,Spanish,5,low,m,0,0,la visitante,del paciente,La enfermera tropezó con la visitante del paciente que estaba MASKTOKEN.,La enfermera tropezó con la visitante del paciente que estaba,$ES_Adj_m,La enfermera tropezó con la visitante del paciente que estaba,0.0701728550563353,0.00910954466959063,0.011725266790000521,0.044377563523073385,0.08801965031854231
16,Spanish,5,high,m,0,0,el visitante,de la paciente,La enfermera tropezó con el visitante de la paciente que estaba MASKTOKEN.,La enfermera tropezó con el visitante de la paciente que estaba,$ES_Adj_m,La enfermera tropezó con el visitante de la paciente que estaba,0.065099129748596,0.00646311591929305,0.006497643146067156,0.02969807234130445,0.05331796131473859
16,Spanish,5,ambi,f,0,0,la visitante,de la paciente,La enfermera tropezó con la visitante de la paciente que estaba MASKTOKEN.,La enfermera tropezó con la visitante de la paciente que estaba,$ES_Adj_f,La enfermera tropezó con la visitante de la paciente que estaba,0.15033132808747185,0.0018815875055568365,0.002284158339250275,0.14794488466678124,0.10490531234611744
16,Spanish,5,low,f,0,0,el visitante,de la paciente,La enfermera tropezó con el visitante de la paciente que estaba MASKTOKEN.,La enfermera tropezó con el visitante de la paciente que estaba,$ES_Adj_f,La enfermera tropezó con el visitante de la paciente que estaba,0.08604371368790326,0.0018812644132099043,0.0018580756269507281,0.13062422923628136,0.09136880838482919
16,Spanish,5,high,f,0,0,la visitante,del paciente,La enfermera tropezó con la visitante del paciente que estaba MASKTOKEN.,La enfermera tropezó con la visitante del paciente que estaba,$ES_Adj_f,La enfermera tropezó con la visitante del paciente que estaba,0.09563279211342152,0.003573333074200158,0.003100922219047786,0.05741438593158821,0.03939895675595928
17,Spanish,5,ambi,m,0,1,al hijo,del inmigrante,El alguacil encerró al hijo del inmigrante que estaba MASKTOKEN pidiendo limosna.,El alguacil encerró al hijo del inmigrante que estaba,$ES_Adj_m,El alguacil encerró al hijo del inmigrante que estaba,0.13059547677876293,0.010304881766861007,0.011640868174016439,0.1968690546213312,0.1663404817813472
17,Spanish,5,low,m,0,1,a la hija,del inmigrante,El alguacil encerró a la hija del inmigrante que estaba MASKTOKEN pidiendo limosna.,El alguacil encerró a la hija del inmigrante que estaba,$ES_Adj_m,El alguacil encerró a la hija del inmigrante que estaba,0.06534088990039771,0.014482477969593566,0.01215526957907298,0.07275824972554445,0.07431844524632758
17,Spanish,5,high,m,0,1,al hijo,de la inmigrante,El alguacil encerró al hijo de la inmigrante que estaba MASKTOKEN pidiendo limosna.,El alguacil encerró al hijo de la inmigrante que estaba,$ES_Adj_m,El alguacil encerró al hijo de la inmigrante que estaba,0.052304170900589364,0.006686514329006132,0.007926259001407365,0.11443579414886329,0.09289191027914434
17,Spanish,5,ambi,f,0,1,a la hija,de la inmigrante,El alguacil encerró a la hija de la inmigrante que estaba MASKTOKEN pidiendo limosna.,El alguacil encerró a la hija de la inmigrante que estaba,$ES_Adj_f,El alguacil encerró a la hija de la inmigrante que estaba,0.1142510837228059,0.002759813458285354,0.0019079151522924942,0.14793510079921113,0.10669447515417296
17,Spanish,5,low,f,0,1,al hijo,de la inmigrante,El alguacil encerró al hijo de la inmigrante que estaba MASKTOKEN pidiendo limosna.,El alguacil encerró al hijo de la inmigrante que estaba,$ES_Adj_f,El alguacil encerró al hijo de la inmigrante que estaba,0.031962780084953235,0.0017129978220657982,0.002060516189442696,0.047845743801999574,0.04418020743429096
17,Spanish,5,high,f,0,1,a la hija,del inmigrante,El alguacil encerró a la hija del inmigrante que estaba MASKTOKEN pidiendo limosna.,El alguacil encerró a la hija del inmigrante que estaba,$ES_Adj_f,El alguacil encerró a la hija del inmigrante que estaba,0.05700213449969227,0.005067830164033227,0.007721050757872883,0.09306947012345601,0.07936323800569722
18,Spanish,5,ambi,m,0,1,al hermano,del propietario,Los rumores acusaban al hermano del propietario que estaba MASKTOKEN.,Los rumores acusaban al hermano del propietario que estaba,$ES_Adj_m,Los rumores acusaban al hermano del propietario que estaba,0.19782340394816034,0.008181327947159783,0.016762209511983817,0.2477548215765193,0.2712513102339338
18,Spanish,5,low,m,0,1,a la hermana,del propietario,Los rumores acusaban a la hermana del propietario que estaba MASKTOKEN.,Los rumores acusaban a la hermana del propietario que estaba,$ES_Adj_m,Los rumores acusaban a la hermana del propietario que estaba,0.05712482666998975,0.02536131632688715,0.018329252423421094,0.07249207851693651,0.058472354086386624
18,Spanish,5,high,m,0,1,al hermano,de la propietaria,Los rumores acusaban al hermano de la propietaria que estaba MASKTOKEN.,Los rumores acusaban al hermano de la propietaria que estaba,$ES_Adj_m,Los rumores acusaban al hermano de la propietaria que estaba,0.08576285784832072,0.0067175195329919335,0.0062537171494732036,0.17496400263704892,0.16198402637518483
18,Spanish,5,ambi,f,0,1,a la hermana,de la propietaria,Los rumores acusaban a la hermana de la propietaria que estaba MASKTOKEN.,Los rumores acusaban a la hermana de la propietaria que estaba,$ES_Adj_f,Los rumores acusaban a la hermana de la propietaria que estaba,0.16112040864751087,0.0046347098687627986,0.002083842429197069,0.1851553827564114,0.20189553850131237
18,Spanish,5,low,f,0,1,al hermano,de la propietaria,Los rumores acusaban al hermano de la propietaria que estaba MASKTOKEN.,Los rumores acusaban al hermano de la propietaria que estaba,$ES_Adj_f,Los rumores acusaban al hermano de la propietaria que estaba,0.02541433845546126,0.0032355558532602413,0.002656695578668433,0.04077890634974812,0.04489186747086238
18,Spanish,5,high,f,0,1,a la hermana,del propietario,Los rumores acusaban a la hermana del propietario que estaba MASKTOKEN.,Los rumores acusaban a la hermana del propietario que estaba,$ES_Adj_f,Los rumores acusaban a la hermana del propietario que estaba,0.09769320028612372,0.009943620254107222,0.011100213935767989,0.13136757424971002,0.15685320131727654
19,Spanish,5,ambi,m,0,0,al amigo,del estudiante,El detective hizo una foto al amigo del estudiante que estaba MASKTOKEN.,El detective hizo una foto al amigo del estudiante que estaba,$ES_Adj_m,El detective hizo una foto al amigo del estudiante que estaba,0.12158530609225171,0.00839452411399716,0.013842628615623354,0.1020599718392502,0.11193918062366492
19,Spanish,5,low,m,0,0,a la amiga,del estudiante,El detective hizo una foto a la amiga del estudiante que estaba MASKTOKEN.,El detective hizo una foto a la amiga del estudiante que estaba,$ES_Adj_m,El detective hizo una foto a la amiga del estudiante que estaba,0.04500775920857203,0.0188466101659166,0.01790259660966753,0.03339135159948395,0.049468858852311004
19,Spanish,5,high,m,0,0,al amigo,de la estudiante,El detective hizo una foto al amigo de la estudiante que estaba MASKTOKEN.,El detective hizo una foto al amigo de la estudiante que estaba,$ES_Adj_m,El detective hizo una foto al amigo de la estudiante que estaba,0.08009540429349249,0.005542914697804324,0.006406683437059746,0.045110983870822685,0.05648310787163302
19,Spanish,5,ambi,f,0,0,a la amiga,de la estudiante,El detective hizo una foto a la amiga de la estudiante que estaba MASKTOKEN.,El detective hizo una foto a la amiga de la estudiante que estaba,$ES_Adj_f,El detective hizo una foto a la amiga de la estudiante que estaba,0.12099787018856323,0.002524062573785346,0.002786363806381642,0.16714858790601417,0.10799087715879896
19,Spanish,5,low,f,0,0,al amigo,de la estudiante,El detective hizo una foto al amigo de la estudiante que estaba MASKTOKEN.,El detective hizo una foto al amigo de la estudiante que estaba,$ES_Adj_f,El detective hizo una foto al amigo de la estudiante que estaba,0.03685848875569353,0.0026123811483850234,0.0026112743382274983,0.09398901168556884,0.06917817892182265
19,Spanish,5,high,f,0,0,a la amiga,del estudiante,El detective hizo una foto a la amiga del estudiante que estaba MASKTOKEN.,El detective hizo una foto a la amiga del estudiante que estaba,$ES_Adj_f,El detective hizo una foto a la amiga del estudiante que estaba,0.07792629612421298,0.006673866748502205,0.0088653483586838,0.12926207939144563,0.0908266122942587
20,Spanish,5,ambi,m,0,0,al hermano,del ministro,María saludó al hermano del ministro que estaba MASKTOKEN de volver a su pueblo.,María saludó al hermano del ministro que estaba,$ES_Adj_m,María saludó al hermano del ministro que estaba,0.18494672981384142,0.009189356589146103,0.011971794335259689,0.1735819385710795,0.19015329872347242
20,Spanish,5,low,m,0,0,a la hermana,del ministro,María saludó a la hermana del ministro que estaba MASKTOKEN de volver a su pueblo.,María saludó a la hermana del ministro que estaba,$ES_Adj_m,María saludó a la hermana del ministro que estaba,0.07774175455686672,0.009553706973021547,0.012864484955406652,0.05574697320565036,0.0518578251026669
20,Spanish,5,high,m,0,0,al hermano,de la ministra,María saludó al hermano de la ministra que estaba MASKTOKEN de volver a su pueblo.,María saludó al hermano de la ministra que estaba,$ES_Adj_m,María saludó al hermano de la ministra que estaba,0.0885281313099111,0.00783749689002336,0.008878917550312358,0.11475753009539935,0.19810728625929164
20,Spanish,5,ambi,f,0,0,a la hermana,de la ministra,María saludó a la hermana de la ministra que estaba MASKTOKEN de volver a su pueblo.,María saludó a la hermana de la ministra que estaba,$ES_Adj_f,María saludó a la hermana de la ministra que estaba,0.15360616638123314,0.0026561610213044484,0.0020634680587527376,0.1544783634784448,0.1367046781721153
20,Spanish,5,low,f,0,0,al hermano,de la ministra,María saludó al hermano de la ministra que estaba MASKTOKEN de volver a su pueblo.,María saludó al hermano de la ministra que estaba,$ES_Adj_f,María saludó al hermano de la ministra que estaba,0.041176684416085685,0.0023939431518070764,0.002750275457119533,0.023806241866459743,0.0279904837006133
20,Spanish,5,high,f,0,0,a la hermana,del ministro,María saludó a la hermana del ministro que estaba MASKTOKEN de volver a su pueblo.,María saludó a la hermana del ministro que estaba,$ES_Adj_f,María saludó a la hermana del ministro que estaba,0.06637280179950533,0.002164961146577382,0.00436352068465351,0.07687066342804649,0.08385228841838877
21,Spanish,5,ambi,m,0,1,el amigo,del jefe,Ayer me encontré con el amigo del jefe que fue MASKTOKEN de nuestra empresa.,Ayer me encontré con el amigo del jefe que fue,$ES_Adj_m,Ayer me encontré con el amigo del jefe que fue,0.1500682969038616,0.028125654563951386,0.03229326969966262,0.1360235420247662,0.14119235808274233
21,Spanish,5,low,m,0,1,la amiga,del jefe,Ayer me encontré con la amiga del jefe que fue MASKTOKEN de nuestra empresa.,Ayer me encontré con la amiga del jefe que fue,$ES_Adj_m,Ayer me encontré con la amiga del jefe que fue,0.06373557927245699,0.02300980535537217,0.03261523021027679,0.03359608993769392,0.051560879239572976
21,Spanish,5,high,m,0,1,el amigo,de la jefa,Ayer me encontré con el amigo de la jefa que fue MASKTOKEN de nuestra empresa.,Ayer me encontré con el amigo de la jefa que fue,$ES_Adj_m,Ayer me encontré con el amigo de la jefa que fue,0.09011204857244692,0.006926798828276279,0.008495641586055105,0.09450973802339036,0.05566886036226637
21,Spanish,5,ambi,f,0,1,la amiga,de la jefa,Ayer me encontré con la amiga de la jefa que fue MASKTOKEN de nuestra empresa.,Ayer me encontré con la amiga de la jefa que fue,$ES_Adj_f,Ayer me encontré con la amiga de la jefa que fue,0.16978168579073127,0.002224123922969931,0.0032418164507224193,0.1316511436555885,0.11118615361812267
21,Spanish,5,low,f,0,1,el amigo,de la jefa,Ayer me encontré con el amigo de la jefa que fue MASKTOKEN de nuestra empresa.,Ayer me encontré con el amigo de la jefa que fue,$ES_Adj_f,Ayer me encontré con el amigo de la jefa que fue,0.024481211235510614,0.0017762248481865278,0.0030359446740590573,0.020803351565625405,0.03578071342581168
21,Spanish,5,high,f,0,1,la amiga,del jefe,Ayer me encontré con la amiga del jefe que fue MASKTOKEN de nuestra empresa.,Ayer me encontré con la amiga del jefe que fue,$ES_Adj_f,Ayer me encontré con la amiga del jefe que fue,0.06902386713781183,0.013340904534539344,0.01124809471438995,0.06832077878205212,0.05687748311244789
22,Spanish,5,ambi,m,0,1,al secretario,del gerente,El periodista entrevistó al secretario del gerente que estaba MASKTOKEN.,El periodista entrevistó al secretario del gerente que estaba,$ES_Adj_m,El periodista entrevistó al secretario del gerente que estaba,0.1478168650868592,0.0094940420380564,0.018581312354176704,0.12087589166766,0.14025433192682746
22,Spanish,5,low,m,0,1,a la secretaria,del gerente,El periodista entrevistó a la secretaria del gerente que estaba MASKTOKEN.,El periodista entrevistó a la secretaria del gerente que estaba,$ES_Adj_m,El periodista entrevistó a la secretaria del gerente que estaba,0.049713070145177785,0.009476697830341607,0.01774992355843752,0.046741823253412806,0.041857488493855066
22,Spanish,5,high,m,0,1,al secretario,de la gerente,El periodista entrevistó al secretario de la gerente que estaba MASKTOKEN.,El periodista entrevistó al secretario de la gerente que estaba,$ES_Adj_m,El periodista entrevistó al secretario de la gerente que estaba,0.11835041017802173,0.007257347340096421,0.01208507525289726,0.10849362460847911,0.11628618921699108
22,Spanish,5,ambi,f,0,1,a la secretaria,de la gerente,El periodista entrevistó a la secretaria de la gerente que estaba MASKTOKEN.,El periodista entrevistó a la secretaria de la gerente que estaba,$ES_Adj_f,El periodista entrevistó a la secretaria de la gerente que estaba,0.14471088869162863,0.0027211160401300893,0.001615448192633262,0.08027084856689282,0.08318487671626107
22,Spanish,5,low,f,0,1,al secretario,de la gerente,El periodista entrevistó al secretario de la gerente que estaba MASKTOKEN.,El periodista entrevistó al secretario de la gerente que estaba,$ES_Adj_f,El periodista entrevistó al secretario de la gerente que estaba,0.011791847904776276,0.0025866852962995734,0.0013819841434952185,0.010199135781227386,0.009575843567451336
22,Spanish,5,high,f,0,1,a la secretaria,del gerente,El periodista entrevistó a la secretaria del gerente que estaba MASKTOKEN.,El periodista entrevistó a la secretaria del gerente que estaba,$ES_Adj_f,El periodista entrevistó a la secretaria del gerente que estaba,0.06950751883064132,0.005921735833840036,0.008374460874499612,0.02749294241473077,0.06404904378909548
23,Spanish,5,ambi,m,0,0,el hermano,del chico,Pedro se divertía con el hermano del chico que estaba MASKTOKEN.,Pedro se divertía con el hermano del chico que estaba,$ES_Adj_m,Pedro se divertía con el hermano del chico que estaba,0.14905252129067903,0.006949085051892845,0.023206934126662082,0.16479171969997752,0.1488465905171933
23,Spanish,5,low,m,0,0,a la hermana,del chico,Pedro se divertía con a la hermana del chico que estaba MASKTOKEN.,Pedro se divertía con a la hermana del chico que estaba,$ES_Adj_m,Pedro se divertía con a la hermana del chico que estaba,0.06291101266786792,0.013092129833834565,0.016473151434102995,0.040149073062698826,0.05331818608684519
23,Spanish,5,high,m,0,0,el hermano,de la chica,Pedro se divertía con el hermano de la chica que estaba MASKTOKEN.,Pedro se divertía con el hermano de la chica que estaba,$ES_Adj_m,Pedro se divertía con el hermano de la chica que estaba,0.08947845073460381,0.006350524115012801,0.009594524809241278,0.0783785774242679,0.10732059025196716
23,Spanish,5,ambi,f,0,0,a la hermana,de la chica,Pedro se divertía con a la hermana de la chica que estaba MASKTOKEN.,Pedro se divertía con a la hermana de la chica que estaba,$ES_Adj_f,Pedro se divertía con a la hermana de la chica que estaba,0.18945632445205796,0.005286697409328189,0.0028588535122486547,0.1951281464108856,0.11722332040518113
23,Spanish,5,low,f,0,0,el hermano,de la chica,Pedro se divertía con el hermano de la chica que estaba MASKTOKEN.,Pedro se divertía con el hermano de la chica que estaba,$ES_Adj_f,Pedro se divertía con el hermano de la chica que estaba,0.04671163194544925,0.00492151765636023,0.0033035175256592164,0.046805434679223046,0.03933484992061087
23,Spanish,5,high,f,0,0,a la hermana,del chico,Pedro se divertía con a la hermana del chico que estaba MASKTOKEN.,Pedro se divertía con a la hermana del chico que estaba,$ES_Adj_f,Pedro se divertía con a la hermana del chico que estaba,0.10884743184031165,0.004885954406033177,0.005975749264510652,0.12811356390239537,0.08381981225369506
24,Spanish,5,ambi,m,0,1,al ayudante,del diputado,La explosión alcanzó al ayudante del diputado que fue ascendido por sus MASKTOKEN.,La explosión alcanzó al ayudante del diputado que fue ascendido por sus,$ES_Adj_m,La explosión alcanzó al ayudante del diputado que fue ascendido por sus,0.0005733222770592517,0.004575576865049058,0.006836751112680672,0.00021607416219549674,0.000466866364033397
24,Spanish,5,low,m,0,1,a la ayudante,del diputado,La explosión alcanzó a la ayudante del diputado que fue ascendido por sus MASKTOKEN.,La explosión alcanzó a la ayudante del diputado que fue ascendido por sus,$ES_Adj_m,La explosión alcanzó a la ayudante del diputado que fue ascendido por sus,0.0005676958653954567,0.003961579452459674,0.004296766744880276,0.00021861279547651102,0.0003982539510582195
24,Spanish,5,high,m,0,1,al ayudante,de la diputada,La explosión alcanzó al ayudante de la diputada que fue ascendido por sus MASKTOKEN.,La explosión alcanzó al ayudante de la diputada que fue ascendido por sus,$ES_Adj_m,La explosión alcanzó al ayudante de la diputada que fue ascendido por sus,0.0005866901563891525,0.006107297049305793,0.0078006187890130585,0.0002338881181609409,0.0005138352588993644
24,Spanish,5,ambi,f,0,1,a la ayudante,de la diputada,La explosión alcanzó a la ayudante de la diputada que fue ascendido por sus MASKTOKEN.,La explosión alcanzó a la ayudante de la diputada que fue ascendido por sus,$ES_Adj_f,La explosión alcanzó a la ayudante de la diputada que fue ascendido por sus,0.0002169340679797245,0.001934629922515363,0.002795162148617969,0.00010225162495843335,0.00020296438127079958
24,Spanish,5,low,f,0,1,al ayudante,de la diputada,La explosión alcanzó al ayudante de la diputada que fue ascendido por sus MASKTOKEN.,La explosión alcanzó al ayudante de la diputada que fue ascendido por sus,$ES_Adj_f,La explosión alcanzó al ayudante de la diputada que fue ascendido por sus,0.00019159549727122,0.0023887844059040653,0.0029438627430151687,9.795533789993746e-05,0.0002229748754804528
24,Spanish,5,high,f,0,1,a la ayudante,del diputado,La explosión alcanzó a la ayudante del diputado que fue ascendido por sus MASKTOKEN.,La explosión alcanzó a la ayudante del diputado que fue ascendido por sus,$ES_Adj_f,La explosión alcanzó a la ayudante del diputado que fue ascendido por sus,0.00019981998618741163,0.001099095121698368,0.0011417866147885314,8.356082562920031e-05,0.00014341578475910582
