item,lang,exp,AttachType,verbNum,N1_changed,N2_changed,N1_full,N2_full,N1,N2,mask_sents,auto_sents,target,sent,/data/dccuchile/bert-base-spanish-wwm-uncased_prob,/data/mrm8488/RuPERTa-base_prob
1a,Spanish,Fernandez,ambi,sg,1,0,el relativo,del maestro,relativo,maestro,Andrés cenó ayer con el relativo del maestro que MASKTOKEN en el partido comunista..,Andrés cenó ayer con el relativo del maestro que,$ES_SG,Andrés cenó ayer con el relativo del maestro que MASKTOKEN en el partido comunista..,0.6298614177796367,0.4361494131706536
1a,Spanish,Fernandez,low,sg,1,0,los relativos,del maestro,relativos,maestro,Andrés cenó ayer con los relativos del maestro que MASKTOKEN en el partido comunista..,Andrés cenó ayer con los relativos del maestro que,$ES_SG,Andrés cenó ayer con los relativos del maestro que MASKTOKEN en el partido comunista..,0.5389534834783944,0.33080737019766104
1a,Spanish,Fernandez,high,sg,1,0,el relativo,de los maestros,relativo,maestros,Andrés cenó ayer con el relativo de los maestros que MASKTOKEN en el partido comunista..,Andrés cenó ayer con el relativo de los maestros que,$ES_SG,Andrés cenó ayer con el relativo de los maestros que MASKTOKEN en el partido comunista..,0.152230157572518,0.010790476029882257
1a,Spanish,Fernandez,ambi,pl,1,0,los relativos,de los maestros,relativos,maestros,Andrés cenó ayer con los relativos de los maestros que MASKTOKEN en el partido comunista..,Andrés cenó ayer con los relativos de los maestros que,$ES_PL,Andrés cenó ayer con los relativos de los maestros que MASKTOKEN en el partido comunista..,0.5561906732935711,0.6185524086391325
1a,Spanish,Fernandez,low,pl,1,0,el relativo,de los maestros,relativo,maestros,Andrés cenó ayer con el relativo de los maestros que MASKTOKEN en el partido comunista..,Andrés cenó ayer con el relativo de los maestros que,$ES_PL,Andrés cenó ayer con el relativo de los maestros que MASKTOKEN en el partido comunista..,0.6166476363627993,0.6106807474424016
1a,Spanish,Fernandez,high,pl,1,0,los relativos,del maestro,relativos,maestro,Andrés cenó ayer con los relativos del maestro que MASKTOKEN en el partido comunista..,Andrés cenó ayer con los relativos del maestro que,$ES_PL,Andrés cenó ayer con los relativos del maestro que MASKTOKEN en el partido comunista..,0.04982107870485031,0.051702062044753916
2a,Spanish,Fernandez,ambi,sg,0,1,al entrenador,del atleta,entrenador,atleta,El periodista entrevistó al entrenador del atleta que MASKTOKEN en la competición.,El periodista entrevistó al entrenador del atleta que,$ES_SG,El periodista entrevistó al entrenador del atleta que MASKTOKEN en la competición.,0.46714297730112975,0.42627085511188056
2a,Spanish,Fernandez,low,sg,0,1,a los entrenadores,del atleta,entrenadores,atleta,El periodista entrevistó a los entrenadores del atleta que MASKTOKEN en la competición.,El periodista entrevistó a los entrenadores del atleta que,$ES_SG,El periodista entrevistó a los entrenadores del atleta que MASKTOKEN en la competición.,0.4376638309411085,0.03752087896660683
2a,Spanish,Fernandez,high,sg,0,1,al entrenador,de los atletas,entrenador,atletas,El periodista entrevistó al entrenador de los atletas que MASKTOKEN en la competición.,El periodista entrevistó al entrenador de los atletas que,$ES_SG,El periodista entrevistó al entrenador de los atletas que MASKTOKEN en la competición.,0.012830233605400476,0.038537923221852566
2a,Spanish,Fernandez,ambi,pl,0,1,a los entrenadores,de los atletas,entrenadores,atletas,El periodista entrevistó a los entrenadores de los atletas que MASKTOKEN en la competición.,El periodista entrevistó a los entrenadores de los atletas que,$ES_PL,El periodista entrevistó a los entrenadores de los atletas que MASKTOKEN en la competición.,0.45818080611566003,0.4535076418675459
2a,Spanish,Fernandez,low,pl,0,1,al entrenador,de los atletas,entrenador,atletas,El periodista entrevistó al entrenador de los atletas que MASKTOKEN en la competición.,El periodista entrevistó al entrenador de los atletas que,$ES_PL,El periodista entrevistó al entrenador de los atletas que MASKTOKEN en la competición.,0.33066505229739107,0.38160388957673774
2a,Spanish,Fernandez,high,pl,0,1,a los entrenadores,del atleta,entrenadores,atleta,El periodista entrevistó a los entrenadores del atleta que MASKTOKEN en la competición.,El periodista entrevistó a los entrenadores del atleta que,$ES_PL,El periodista entrevistó a los entrenadores del atleta que MASKTOKEN en la competición.,0.05261757826543434,0.5200419219229957
3a,Spanish,Fernandez,ambi,sg,1,1,al asistente,del trabajador,asistente,trabajador,El gerente observaba al asistente del trabajador que MASKTOKEN en la oficina.,El gerente observaba al asistente del trabajador que,$ES_SG,El gerente observaba al asistente del trabajador que MASKTOKEN en la oficina.,0.8892926444511102,0.5620149659530966
3a,Spanish,Fernandez,low,sg,1,1,a los asistentes,del trabajador,asistentes,trabajador,El gerente observaba a los asistentes del trabajador que MASKTOKEN en la oficina.,El gerente observaba a los asistentes del trabajador que,$ES_SG,El gerente observaba a los asistentes del trabajador que MASKTOKEN en la oficina.,0.8063507658552704,0.03495619432059982
3a,Spanish,Fernandez,high,sg,1,1,al asistente,de los trabajadores,asistente,trabajadores,El gerente observaba al asistente de los trabajadores que MASKTOKEN en la oficina.,El gerente observaba al asistente de los trabajadores que,$ES_SG,El gerente observaba al asistente de los trabajadores que MASKTOKEN en la oficina.,0.007040344185809498,0.07702535052941784
3a,Spanish,Fernandez,ambi,pl,1,1,a los asistentes,de los trabajadores,asistentes,trabajadores,El gerente observaba a los asistentes de los trabajadores que MASKTOKEN en la oficina.,El gerente observaba a los asistentes de los trabajadores que,$ES_PL,El gerente observaba a los asistentes de los trabajadores que MASKTOKEN en la oficina.,0.9852703445073924,0.5788715317633688
3a,Spanish,Fernandez,low,pl,1,1,al asistente,de los trabajadores,asistente,trabajadores,El gerente observaba al asistente de los trabajadores que MASKTOKEN en la oficina.,El gerente observaba al asistente de los trabajadores que,$ES_PL,El gerente observaba al asistente de los trabajadores que MASKTOKEN en la oficina.,0.9809776775067687,0.4796590749326981
3a,Spanish,Fernandez,high,pl,1,1,a los asistentes,del trabajador,asistentes,trabajador,El gerente observaba a los asistentes del trabajador que MASKTOKEN en la oficina.,El gerente observaba a los asistentes del trabajador que,$ES_PL,El gerente observaba a los asistentes del trabajador que MASKTOKEN en la oficina.,0.09014968142198766,0.5199028567317328
4a,Spanish,Fernandez,ambi,sg,1,0,al asistente,del abogado,asistente,abogado,Julia había hablado con al asistente del abogado que MASKTOKEN de vacación.,Julia había hablado con al asistente del abogado que,$ES_SG,Julia había hablado con al asistente del abogado que MASKTOKEN de vacación.,0.5645836673240225,0.3245712063495816
4a,Spanish,Fernandez,low,sg,1,0,a los asistentes,del abogado,asistentes,abogado,Julia había hablado con a los asistentes del abogado que MASKTOKEN de vacación.,Julia había hablado con a los asistentes del abogado que,$ES_SG,Julia había hablado con a los asistentes del abogado que MASKTOKEN de vacación.,0.34726292763588873,0.05039230108954662
4a,Spanish,Fernandez,high,sg,1,0,al asistente,de los abogados,asistente,abogados,Julia había hablado con al asistente de los abogados que MASKTOKEN de vacación.,Julia había hablado con al asistente de los abogados que,$ES_SG,Julia había hablado con al asistente de los abogados que MASKTOKEN de vacación.,0.19349996123448676,0.09950856872808345
4a,Spanish,Fernandez,ambi,pl,1,0,a los asistentes,de los abogados,asistentes,abogados,Julia había hablado con a los asistentes de los abogados que MASKTOKEN de vacación.,Julia había hablado con a los asistentes de los abogados que,$ES_PL,Julia había hablado con a los asistentes de los abogados que MASKTOKEN de vacación.,0.5960449709858295,0.5654622769073256
4a,Spanish,Fernandez,low,pl,1,0,al asistente,de los abogados,asistente,abogados,Julia había hablado con al asistente de los abogados que MASKTOKEN de vacación.,Julia había hablado con al asistente de los abogados que,$ES_PL,Julia había hablado con al asistente de los abogados que MASKTOKEN de vacación.,0.4132966801547866,0.31441892775374924
4a,Spanish,Fernandez,high,pl,1,0,a los asistentes,del abogado,asistentes,abogado,Julia había hablado con a los asistentes del abogado que MASKTOKEN de vacación.,Julia había hablado con a los asistentes del abogado que,$ES_PL,Julia había hablado con a los asistentes del abogado que MASKTOKEN de vacación.,0.29854225202720386,0.4610079782640355
5a,Spanish,Fernandez,ambi,sg,0,0,al ayudante,del detective,ayudante,detective,Mi amigo conoció al ayudante del detective que MASKTOKEN en la oficina.,Mi amigo conoció al ayudante del detective que,$ES_SG,Mi amigo conoció al ayudante del detective que MASKTOKEN en la oficina.,0.47855978515013886,0.5367698988584948
5a,Spanish,Fernandez,low,sg,0,0,a los ayudantes,del detective,ayudantes,detective,Mi amigo conoció a los ayudantes del detective que MASKTOKEN en la oficina.,Mi amigo conoció a los ayudantes del detective que,$ES_SG,Mi amigo conoció a los ayudantes del detective que MASKTOKEN en la oficina.,0.11207635551025885,0.04537609513711516
5a,Spanish,Fernandez,high,sg,0,0,al ayudante,de los detectives,ayudante,detectives,Mi amigo conoció al ayudante de los detectives que MASKTOKEN en la oficina.,Mi amigo conoció al ayudante de los detectives que,$ES_SG,Mi amigo conoció al ayudante de los detectives que MASKTOKEN en la oficina.,0.13994602830031688,0.3694396527795618
5a,Spanish,Fernandez,ambi,pl,0,0,a los ayudantes,de los detectives,ayudantes,detectives,Mi amigo conoció a los ayudantes de los detectives que MASKTOKEN en la oficina.,Mi amigo conoció a los ayudantes de los detectives que,$ES_PL,Mi amigo conoció a los ayudantes de los detectives que MASKTOKEN en la oficina.,0.6440441469849292,0.6256068121111369
5a,Spanish,Fernandez,low,pl,0,0,al ayudante,de los detectives,ayudante,detectives,Mi amigo conoció al ayudante de los detectives que MASKTOKEN en la oficina.,Mi amigo conoció al ayudante de los detectives que,$ES_PL,Mi amigo conoció al ayudante de los detectives que MASKTOKEN en la oficina.,0.4612103615970291,0.0660530230798031
5a,Spanish,Fernandez,high,pl,0,0,a los ayudantes,del detective,ayudantes,detective,Mi amigo conoció a los ayudantes del detective que MASKTOKEN en la oficina.,Mi amigo conoció a los ayudantes del detective que,$ES_PL,Mi amigo conoció a los ayudantes del detective que MASKTOKEN en la oficina.,0.46882130089660334,0.5874150102266924
6a,Spanish,Fernandez,ambi,sg,1,0,al analista,del embajador,analista,embajador,Carlos conoció al analista del embajador que MASKTOKEN en la compañia.,Carlos conoció al analista del embajador que,$ES_SG,Carlos conoció al analista del embajador que MASKTOKEN en la compañia.,0.6619870342967573,0.4687437730231352
6a,Spanish,Fernandez,low,sg,1,0,a los analistas,del embajador,analistas,embajador,Carlos conoció a los analistas del embajador que MASKTOKEN en la compañia.,Carlos conoció a los analistas del embajador que,$ES_SG,Carlos conoció a los analistas del embajador que MASKTOKEN en la compañia.,0.6016692467472637,0.09287749744409979
6a,Spanish,Fernandez,high,sg,1,0,al analista,de los embajadores,analista,embajadores,Carlos conoció al analista de los embajadores que MASKTOKEN en la compañia.,Carlos conoció al analista de los embajadores que,$ES_SG,Carlos conoció al analista de los embajadores que MASKTOKEN en la compañia.,0.1940875240528257,0.3090573524359854
6a,Spanish,Fernandez,ambi,pl,1,0,a los analistas,de los embajadores,analistas,embajadores,Carlos conoció a los analistas de los embajadores que MASKTOKEN en la compañia.,Carlos conoció a los analistas de los embajadores que,$ES_PL,Carlos conoció a los analistas de los embajadores que MASKTOKEN en la compañia.,0.5168665414213329,0.582511465495891
6a,Spanish,Fernandez,low,pl,1,0,al analista,de los embajadores,analista,embajadores,Carlos conoció al analista de los embajadores que MASKTOKEN en la compañia.,Carlos conoció al analista de los embajadores que,$ES_PL,Carlos conoció al analista de los embajadores que MASKTOKEN en la compañia.,0.2929192470547832,0.1707857371466588
6a,Spanish,Fernandez,high,pl,1,0,a los analistas,del embajador,analistas,embajador,Carlos conoció a los analistas del embajador que MASKTOKEN en la compañia.,Carlos conoció a los analistas del embajador que,$ES_PL,Carlos conoció a los analistas del embajador que MASKTOKEN en la compañia.,0.06585884994998237,0.5356946310879067
7a,Spanish,Fernandez,ambi,sg,1,1,el verso,de la poema,verso,poema,Rosa leyó el verso de la poema que MASKTOKEN en las últimas páginas de la revista.,Rosa leyó el verso de la poema que,$ES_SG,Rosa leyó el verso de la poema que MASKTOKEN en las últimas páginas de la revista.,0.7985312991351918,0.37514605162452597
7a,Spanish,Fernandez,low,sg,1,1,los versos,de la poema,versos,poema,Rosa leyó los versos de la poema que MASKTOKEN en las últimas páginas de la revista.,Rosa leyó los versos de la poema que,$ES_SG,Rosa leyó los versos de la poema que MASKTOKEN en las últimas páginas de la revista.,0.2797647916624797,0.3288693524108055
7a,Spanish,Fernandez,high,sg,1,1,el verso,de las poemas,verso,poemas,Rosa leyó el verso de las poemas que MASKTOKEN en las últimas páginas de la revista.,Rosa leyó el verso de las poemas que,$ES_SG,Rosa leyó el verso de las poemas que MASKTOKEN en las últimas páginas de la revista.,0.060133586932892946,0.0832925693251525
7a,Spanish,Fernandez,ambi,pl,1,1,los versos,de las poemas,versos,poemas,Rosa leyó los versos de las poemas que MASKTOKEN en las últimas páginas de la revista.,Rosa leyó los versos de las poemas que,$ES_PL,Rosa leyó los versos de las poemas que MASKTOKEN en las últimas páginas de la revista.,0.6277206974129008,0.41725553393328596
7a,Spanish,Fernandez,low,pl,1,1,el verso,de las poemas,verso,poemas,Rosa leyó el verso de las poemas que MASKTOKEN en las últimas páginas de la revista.,Rosa leyó el verso de las poemas que,$ES_PL,Rosa leyó el verso de las poemas que MASKTOKEN en las últimas páginas de la revista.,0.7207053320167089,0.3443768560167797
7a,Spanish,Fernandez,high,pl,1,1,los versos,de la poema,versos,poema,Rosa leyó los versos de la poema que MASKTOKEN en las últimas páginas de la revista.,Rosa leyó los versos de la poema que,$ES_PL,Rosa leyó los versos de la poema que MASKTOKEN en las últimas páginas de la revista.,0.38264441697531026,0.1317915790386337
8a,Spanish,Fernandez,ambi,sg,0,1,el tubo,de la cocina,tubo,cocina,El plomero ajustó el tubo de la cocina que MASKTOKEN en la casa.,El plomero ajustó el tubo de la cocina que,$ES_SG,El plomero ajustó el tubo de la cocina que MASKTOKEN en la casa.,0.5000734674215287,0.5328011725850956
8a,Spanish,Fernandez,low,sg,0,1,los tubos,de la cocina,tubos,cocina,El plomero ajustó los tubos de la cocina que MASKTOKEN en la casa.,El plomero ajustó los tubos de la cocina que,$ES_SG,El plomero ajustó los tubos de la cocina que MASKTOKEN en la casa.,0.24220778794697348,0.14606359873211971
8a,Spanish,Fernandez,high,sg,0,1,el tubo,de las cocinas,tubo,cocinas,El plomero ajustó el tubo de las cocinas que MASKTOKEN en la casa.,El plomero ajustó el tubo de las cocinas que,$ES_SG,El plomero ajustó el tubo de las cocinas que MASKTOKEN en la casa.,0.22413438219455784,0.14493370627768343
8a,Spanish,Fernandez,ambi,pl,0,1,los tubos,de las cocinas,tubos,cocinas,El plomero ajustó los tubos de las cocinas que MASKTOKEN en la casa.,El plomero ajustó los tubos de las cocinas que,$ES_PL,El plomero ajustó los tubos de las cocinas que MASKTOKEN en la casa.,0.24072126802103877,0.49451798552249215
8a,Spanish,Fernandez,low,pl,0,1,el tubo,de las cocinas,tubo,cocinas,El plomero ajustó el tubo de las cocinas que MASKTOKEN en la casa.,El plomero ajustó el tubo de las cocinas que,$ES_PL,El plomero ajustó el tubo de las cocinas que MASKTOKEN en la casa.,0.19370527113688518,0.41035145781069104
8a,Spanish,Fernandez,high,pl,0,1,los tubos,de la cocina,tubos,cocina,El plomero ajustó los tubos de la cocina que MASKTOKEN en la casa.,El plomero ajustó los tubos de la cocina que,$ES_PL,El plomero ajustó los tubos de la cocina que MASKTOKEN en la casa.,0.15904919371537554,0.36230808066494546
9a,Spanish,Fernandez,ambi,sg,0,1,el cable,del radio,cable,radio,María remplazó el cable del radio que MASKTOKEN en el coche.,María remplazó el cable del radio que,$ES_SG,María remplazó el cable del radio que MASKTOKEN en el coche.,0.5467863200649337,0.6349653602183025
9a,Spanish,Fernandez,low,sg,0,1,los cables,del radio,cables,radio,María remplazó los cables del radio que MASKTOKEN en el coche.,María remplazó los cables del radio que,$ES_SG,María remplazó los cables del radio que MASKTOKEN en el coche.,0.37049071497861297,0.2582347676311656
9a,Spanish,Fernandez,high,sg,0,1,el cable,de los radios,cable,radios,María remplazó el cable de los radios que MASKTOKEN en el coche.,María remplazó el cable de los radios que,$ES_SG,María remplazó el cable de los radios que MASKTOKEN en el coche.,0.3988130587248291,0.10450576746814022
9a,Spanish,Fernandez,ambi,pl,0,1,los cables,de los radios,cables,radios,María remplazó los cables de los radios que MASKTOKEN en el coche.,María remplazó los cables de los radios que,$ES_PL,María remplazó los cables de los radios que MASKTOKEN en el coche.,0.4048929844461,0.5668502022974167
9a,Spanish,Fernandez,low,pl,0,1,el cable,de los radios,cable,radios,María remplazó el cable de los radios que MASKTOKEN en el coche.,María remplazó el cable de los radios que,$ES_PL,María remplazó el cable de los radios que MASKTOKEN en el coche.,0.3285851363258345,0.4869345196767654
9a,Spanish,Fernandez,high,pl,0,1,los cables,del radio,cables,radio,María remplazó los cables del radio que MASKTOKEN en el coche.,María remplazó los cables del radio que,$ES_PL,María remplazó los cables del radio que MASKTOKEN en el coche.,0.28425333681377296,0.3458358119521563
10a,Spanish,Fernandez,ambi,sg,1,1,el ritmo,del canto,ritmo,canto,A mi hermano le gustaba escuchar el ritmo del canto que MASKTOKEN en la primera cara del álbum.,A mi hermano le gustaba escuchar el ritmo del canto que,$ES_SG,A mi hermano le gustaba escuchar el ritmo del canto que MASKTOKEN en la primera cara del álbum.,0.45845855771206834,0.4686345253128934
10a,Spanish,Fernandez,low,sg,1,1,los ritmos,del canto,ritmos,canto,A mi hermano le gustaba escuchar los ritmos del canto que MASKTOKEN en la primera cara del álbum.,A mi hermano le gustaba escuchar los ritmos del canto que,$ES_SG,A mi hermano le gustaba escuchar los ritmos del canto que MASKTOKEN en la primera cara del álbum.,0.42556856699114043,0.26866320367759045
10a,Spanish,Fernandez,high,sg,1,1,el ritmo,de los cantos,ritmo,cantos,A mi hermano le gustaba escuchar el ritmo de los cantos que MASKTOKEN en la primera cara del álbum.,A mi hermano le gustaba escuchar el ritmo de los cantos que,$ES_SG,A mi hermano le gustaba escuchar el ritmo de los cantos que MASKTOKEN en la primera cara del álbum.,0.13980939144046411,0.23935179058966582
10a,Spanish,Fernandez,ambi,pl,1,1,los ritmos,de los cantos,ritmos,cantos,A mi hermano le gustaba escuchar los ritmos de los cantos que MASKTOKEN en la primera cara del álbum.,A mi hermano le gustaba escuchar los ritmos de los cantos que,$ES_PL,A mi hermano le gustaba escuchar los ritmos de los cantos que MASKTOKEN en la primera cara del álbum.,0.5779862162649323,0.26398590015658385
10a,Spanish,Fernandez,low,pl,1,1,el ritmo,de los cantos,ritmo,cantos,A mi hermano le gustaba escuchar el ritmo de los cantos que MASKTOKEN en la primera cara del álbum.,A mi hermano le gustaba escuchar el ritmo de los cantos que,$ES_PL,A mi hermano le gustaba escuchar el ritmo de los cantos que MASKTOKEN en la primera cara del álbum.,0.5044940602117194,0.11692533638111513
10a,Spanish,Fernandez,high,pl,1,1,los ritmos,del canto,ritmos,canto,A mi hermano le gustaba escuchar los ritmos del canto que MASKTOKEN en la primera cara del álbum.,A mi hermano le gustaba escuchar los ritmos del canto que,$ES_PL,A mi hermano le gustaba escuchar los ritmos del canto que MASKTOKEN en la primera cara del álbum.,0.17858674649841966,0.1519892927615274
11a,Spanish,Fernandez,ambi,sg,1,1,el color,del plato,color,plato,El cocinero no pudo encontrar el color del plato que MASKTOKEN en el aparador.,El cocinero no pudo encontrar el color del plato que,$ES_SG,El cocinero no pudo encontrar el color del plato que MASKTOKEN en el aparador.,0.5801439020806259,0.5590716474125657
11a,Spanish,Fernandez,low,sg,1,1,los colores,del plato,colores,plato,El cocinero no pudo encontrar los colores del plato que MASKTOKEN en el aparador.,El cocinero no pudo encontrar los colores del plato que,$ES_SG,El cocinero no pudo encontrar los colores del plato que MASKTOKEN en el aparador.,0.5392421413834446,0.19605335234638233
11a,Spanish,Fernandez,high,sg,1,1,el color,de los platos,color,platos,El cocinero no pudo encontrar el color de los platos que MASKTOKEN en el aparador.,El cocinero no pudo encontrar el color de los platos que,$ES_SG,El cocinero no pudo encontrar el color de los platos que MASKTOKEN en el aparador.,0.07667395926411441,0.02958296543970107
11a,Spanish,Fernandez,ambi,pl,1,1,los colores,de los platos,colores,platos,El cocinero no pudo encontrar los colores de los platos que MASKTOKEN en el aparador.,El cocinero no pudo encontrar los colores de los platos que,$ES_PL,El cocinero no pudo encontrar los colores de los platos que MASKTOKEN en el aparador.,0.545672216714403,0.6756143983841554
11a,Spanish,Fernandez,low,pl,1,1,el color,de los platos,color,platos,El cocinero no pudo encontrar el color de los platos que MASKTOKEN en el aparador.,El cocinero no pudo encontrar el color de los platos que,$ES_PL,El cocinero no pudo encontrar el color de los platos que MASKTOKEN en el aparador.,0.5800731550377627,0.6367432466163052
11a,Spanish,Fernandez,high,pl,1,1,los colores,del plato,colores,plato,El cocinero no pudo encontrar los colores del plato que MASKTOKEN en el aparador.,El cocinero no pudo encontrar los colores del plato que,$ES_PL,El cocinero no pudo encontrar los colores del plato que MASKTOKEN en el aparador.,0.03402340953147179,0.4739624943607055
12a,Spanish,Fernandez,ambi,sg,0,1,la llave,de la caja,llave,caja,El ladrón se llevó la llave de la caja que MASKTOKEN en al armario del pasillo.,El ladrón se llevó la llave de la caja que,$ES_SG,El ladrón se llevó la llave de la caja que MASKTOKEN en al armario del pasillo.,0.4430476341070957,0.5321055894638107
12a,Spanish,Fernandez,low,sg,0,1,las llaves,de la caja,llaves,caja,El ladrón se llevó las llaves de la caja que MASKTOKEN en al armario del pasillo.,El ladrón se llevó las llaves de la caja que,$ES_SG,El ladrón se llevó las llaves de la caja que MASKTOKEN en al armario del pasillo.,0.4115258758827256,0.4326184170395777
12a,Spanish,Fernandez,high,sg,0,1,la llave,de las cajas,llave,cajas,El ladrón se llevó la llave de las cajas que MASKTOKEN en al armario del pasillo.,El ladrón se llevó la llave de las cajas que,$ES_SG,El ladrón se llevó la llave de las cajas que MASKTOKEN en al armario del pasillo.,0.27261189577054257,0.10555072687803602
12a,Spanish,Fernandez,ambi,pl,0,1,las llaves,de las cajas,llaves,cajas,El ladrón se llevó las llaves de las cajas que MASKTOKEN en al armario del pasillo.,El ladrón se llevó las llaves de las cajas que,$ES_PL,El ladrón se llevó las llaves de las cajas que MASKTOKEN en al armario del pasillo.,0.2660447021200767,0.3976946582917691
12a,Spanish,Fernandez,low,pl,0,1,la llave,de las cajas,llave,cajas,El ladrón se llevó la llave de las cajas que MASKTOKEN en al armario del pasillo.,El ladrón se llevó la llave de las cajas que,$ES_PL,El ladrón se llevó la llave de las cajas que MASKTOKEN en al armario del pasillo.,0.2736067301716645,0.4352208788480425
12a,Spanish,Fernandez,high,pl,0,1,las llaves,de la caja,llaves,caja,El ladrón se llevó las llaves de la caja que MASKTOKEN en al armario del pasillo.,El ladrón se llevó las llaves de la caja que,$ES_PL,El ladrón se llevó las llaves de la caja que MASKTOKEN en al armario del pasillo.,0.047029038438846094,0.08934075209599257
13a,Spanish,Fernandez,ambi,sg,0,1,a la hija,del prisionero,hija,prisionero,El periodista no pudo entrevistar a la hija del prisionero que MASKTOKEN en el avión.,El periodista no pudo entrevistar a la hija del prisionero que,$ES_SG,El periodista no pudo entrevistar a la hija del prisionero que MASKTOKEN en el avión.,0.7639559729160315,0.46205154681047134
13a,Spanish,Fernandez,low,sg,0,1,a las hijas,del prisionero,hijas,prisionero,El periodista no pudo entrevistar a las hijas del prisionero que MASKTOKEN en el avión.,El periodista no pudo entrevistar a las hijas del prisionero que,$ES_SG,El periodista no pudo entrevistar a las hijas del prisionero que MASKTOKEN en el avión.,0.7740050599211017,0.009775618334693092
13a,Spanish,Fernandez,high,sg,0,1,a la hija,de los prisioneros,hija,prisioneros,El periodista no pudo entrevistar a la hija de los prisioneros que MASKTOKEN en el avión.,El periodista no pudo entrevistar a la hija de los prisioneros que,$ES_SG,El periodista no pudo entrevistar a la hija de los prisioneros que MASKTOKEN en el avión.,0.008339064705002203,0.22936347355360454
13a,Spanish,Fernandez,ambi,pl,0,1,a las hijas,de los prisioneros,hijas,prisioneros,El periodista no pudo entrevistar a las hijas de los prisioneros que MASKTOKEN en el avión.,El periodista no pudo entrevistar a las hijas de los prisioneros que,$ES_PL,El periodista no pudo entrevistar a las hijas de los prisioneros que MASKTOKEN en el avión.,0.5419310488513192,0.48533520710918765
13a,Spanish,Fernandez,low,pl,0,1,a la hija,de los prisioneros,hija,prisioneros,El periodista no pudo entrevistar a la hija de los prisioneros que MASKTOKEN en el avión.,El periodista no pudo entrevistar a la hija de los prisioneros que,$ES_PL,El periodista no pudo entrevistar a la hija de los prisioneros que MASKTOKEN en el avión.,0.6114838953021716,0.12485495798878787
13a,Spanish,Fernandez,high,pl,0,1,a las hijas,del prisionero,hijas,prisionero,El periodista no pudo entrevistar a las hijas del prisionero que MASKTOKEN en el avión.,El periodista no pudo entrevistar a las hijas del prisionero que,$ES_PL,El periodista no pudo entrevistar a las hijas del prisionero que MASKTOKEN en el avión.,0.014941200380220114,0.5859100595480413
14a,Spanish,Fernandez,ambi,sg,0,0,al profesor,del estudiante,profesor,estudiante,Patricia vio al profesor del estudiante que MASKTOKEN en clase.,Patricia vio al profesor del estudiante que,$ES_SG,Patricia vio al profesor del estudiante que MASKTOKEN en clase.,0.37338942625577687,0.47865883395152764
14a,Spanish,Fernandez,low,sg,0,0,a los profesores,del estudiante,profesores,estudiante,Patricia vio a los profesores del estudiante que MASKTOKEN en clase.,Patricia vio a los profesores del estudiante que,$ES_SG,Patricia vio a los profesores del estudiante que MASKTOKEN en clase.,0.5380340097099445,0.057401685140732184
14a,Spanish,Fernandez,high,sg,0,0,al profesor,de los estudiantes,profesor,estudiantes,Patricia vio al profesor de los estudiantes que MASKTOKEN en clase.,Patricia vio al profesor de los estudiantes que,$ES_SG,Patricia vio al profesor de los estudiantes que MASKTOKEN en clase.,0.019463655776198463,0.018401511516081825
14a,Spanish,Fernandez,ambi,pl,0,0,a los profesores,de los estudiantes,profesores,estudiantes,Patricia vio a los profesores de los estudiantes que MASKTOKEN en clase.,Patricia vio a los profesores de los estudiantes que,$ES_PL,Patricia vio a los profesores de los estudiantes que MASKTOKEN en clase.,0.5591969435490929,0.7018794778824997
14a,Spanish,Fernandez,low,pl,0,0,al profesor,de los estudiantes,profesor,estudiantes,Patricia vio al profesor de los estudiantes que MASKTOKEN en clase.,Patricia vio al profesor de los estudiantes que,$ES_PL,Patricia vio al profesor de los estudiantes que MASKTOKEN en clase.,0.3826195638592256,0.6515709911296597
14a,Spanish,Fernandez,high,pl,0,0,a los profesores,del estudiante,profesores,estudiante,Patricia vio a los profesores del estudiante que MASKTOKEN en clase.,Patricia vio a los profesores del estudiante que,$ES_PL,Patricia vio a los profesores del estudiante que MASKTOKEN en clase.,0.05567032127062638,0.6202430622133761
15a,Spanish,Fernandez,ambi,sg,1,0,al director,del asistente,director,asistente,Linda escribió al director del asistente que MASKTOKEN en la universidad.,Linda escribió al director del asistente que,$ES_SG,Linda escribió al director del asistente que MASKTOKEN en la universidad.,0.5993296159119552,0.45680942424439763
15a,Spanish,Fernandez,low,sg,1,0,a los directores,del asistente,directores,asistente,Linda escribió a los directores del asistente que MASKTOKEN en la universidad.,Linda escribió a los directores del asistente que,$ES_SG,Linda escribió a los directores del asistente que MASKTOKEN en la universidad.,0.4595203095331186,0.03166340288548497
15a,Spanish,Fernandez,high,sg,1,0,al director,de los asistentes,director,asistentes,Linda escribió al director de los asistentes que MASKTOKEN en la universidad.,Linda escribió al director de los asistentes que,$ES_SG,Linda escribió al director de los asistentes que MASKTOKEN en la universidad.,0.199164798913551,0.016931623517169925
15a,Spanish,Fernandez,ambi,pl,1,0,a los directores,de los asistentes,directores,asistentes,Linda escribió a los directores de los asistentes que MASKTOKEN en la universidad.,Linda escribió a los directores de los asistentes que,$ES_PL,Linda escribió a los directores de los asistentes que MASKTOKEN en la universidad.,0.4881377858296574,0.5893939989551953
15a,Spanish,Fernandez,low,pl,1,0,al director,de los asistentes,director,asistentes,Linda escribió al director de los asistentes que MASKTOKEN en la universidad.,Linda escribió al director de los asistentes que,$ES_PL,Linda escribió al director de los asistentes que MASKTOKEN en la universidad.,0.5613763941147596,0.621585211476642
15a,Spanish,Fernandez,high,pl,1,0,a los directores,del asistente,directores,asistente,Linda escribió a los directores del asistente que MASKTOKEN en la universidad.,Linda escribió a los directores del asistente que,$ES_PL,Linda escribió a los directores del asistente que MASKTOKEN en la universidad.,0.3494324544798957,0.5708592757612152
16a,Spanish,Fernandez,ambi,sg,1,0,al conductor,del turista,conductor,turista,El director del hotel no quiso ver al conductor del turista que MASKTOKEN en recepción..,El director del hotel no quiso ver al conductor del turista que,$ES_SG,El director del hotel no quiso ver al conductor del turista que MASKTOKEN en recepción..,0.9126493276170056,0.5218966809372318
16a,Spanish,Fernandez,low,sg,1,0,a los conductores,del turista,conductores,turista,El director del hotel no quiso ver a los conductores del turista que MASKTOKEN en recepción..,El director del hotel no quiso ver a los conductores del turista que,$ES_SG,El director del hotel no quiso ver a los conductores del turista que MASKTOKEN en recepción..,0.7978307477846656,0.052033399063361685
16a,Spanish,Fernandez,high,sg,1,0,al conductor,de los turistas,conductor,turistas,El director del hotel no quiso ver al conductor de los turistas que MASKTOKEN en recepción..,El director del hotel no quiso ver al conductor de los turistas que,$ES_SG,El director del hotel no quiso ver al conductor de los turistas que MASKTOKEN en recepción..,0.03649821036879619,0.06675382359631854
16a,Spanish,Fernandez,ambi,pl,1,0,a los conductores,de los turistas,conductores,turistas,El director del hotel no quiso ver a los conductores de los turistas que MASKTOKEN en recepción..,El director del hotel no quiso ver a los conductores de los turistas que,$ES_PL,El director del hotel no quiso ver a los conductores de los turistas que MASKTOKEN en recepción..,1.066091994583882,0.36471764919770067
16a,Spanish,Fernandez,low,pl,1,0,al conductor,de los turistas,conductor,turistas,El director del hotel no quiso ver al conductor de los turistas que MASKTOKEN en recepción..,El director del hotel no quiso ver al conductor de los turistas que,$ES_PL,El director del hotel no quiso ver al conductor de los turistas que MASKTOKEN en recepción..,1.0229787637216887,0.5088014120973838
16a,Spanish,Fernandez,high,pl,1,0,a los conductores,del turista,conductores,turista,El director del hotel no quiso ver a los conductores del turista que MASKTOKEN en recepción..,El director del hotel no quiso ver a los conductores del turista que,$ES_PL,El director del hotel no quiso ver a los conductores del turista que MASKTOKEN en recepción..,0.09492107764589797,0.3761337451275182
17a,Spanish,Fernandez,ambi,sg,0,0,al cliente,del abogado,cliente,abogado,La recepcionista saludó al cliente del abogado que MASKTOKEN en la sala de conferencias.,La recepcionista saludó al cliente del abogado que,$ES_SG,La recepcionista saludó al cliente del abogado que MASKTOKEN en la sala de conferencias.,0.3007689236705904,0.48264809804547326
17a,Spanish,Fernandez,low,sg,0,0,a los clientes,del abogado,clientes,abogado,La recepcionista saludó a los clientes del abogado que MASKTOKEN en la sala de conferencias.,La recepcionista saludó a los clientes del abogado que,$ES_SG,La recepcionista saludó a los clientes del abogado que MASKTOKEN en la sala de conferencias.,0.047009820707688554,0.013320637549789183
17a,Spanish,Fernandez,high,sg,0,0,al cliente,de los abogados,cliente,abogados,La recepcionista saludó al cliente de los abogados que MASKTOKEN en la sala de conferencias.,La recepcionista saludó al cliente de los abogados que,$ES_SG,La recepcionista saludó al cliente de los abogados que MASKTOKEN en la sala de conferencias.,0.06791591103856742,0.12784962570782454
17a,Spanish,Fernandez,ambi,pl,0,0,a los clientes,de los abogados,clientes,abogados,La recepcionista saludó a los clientes de los abogados que MASKTOKEN en la sala de conferencias.,La recepcionista saludó a los clientes de los abogados que,$ES_PL,La recepcionista saludó a los clientes de los abogados que MASKTOKEN en la sala de conferencias.,0.5045234442384583,0.5747889133872022
17a,Spanish,Fernandez,low,pl,0,0,al cliente,de los abogados,cliente,abogados,La recepcionista saludó al cliente de los abogados que MASKTOKEN en la sala de conferencias.,La recepcionista saludó al cliente de los abogados que,$ES_PL,La recepcionista saludó al cliente de los abogados que MASKTOKEN en la sala de conferencias.,0.3316137446744758,0.44084949077817726
17a,Spanish,Fernandez,high,pl,0,0,a los clientes,del abogado,clientes,abogado,La recepcionista saludó a los clientes del abogado que MASKTOKEN en la sala de conferencias.,La recepcionista saludó a los clientes del abogado que,$ES_PL,La recepcionista saludó a los clientes del abogado que MASKTOKEN en la sala de conferencias.,0.34371819898671596,0.6068414645572346
18a,Spanish,Fernandez,ambi,sg,1,0,al guarda,del embajador,guarda,embajador,Nadie vio al guarda del embajador que MASKTOKEN en la fiesta.,Nadie vio al guarda del embajador que,$ES_SG,Nadie vio al guarda del embajador que MASKTOKEN en la fiesta.,0.8296597787113655,0.5424598753410237
18a,Spanish,Fernandez,low,sg,1,0,a los guardas,del embajador,guardas,embajador,Nadie vio a los guardas del embajador que MASKTOKEN en la fiesta.,Nadie vio a los guardas del embajador que,$ES_SG,Nadie vio a los guardas del embajador que MASKTOKEN en la fiesta.,0.042340753035529255,0.040082202524132526
18a,Spanish,Fernandez,high,sg,1,0,al guarda,de los embajadores,guarda,embajadores,Nadie vio al guarda de los embajadores que MASKTOKEN en la fiesta.,Nadie vio al guarda de los embajadores que,$ES_SG,Nadie vio al guarda de los embajadores que MASKTOKEN en la fiesta.,0.6712801528209615,0.4747756414215587
18a,Spanish,Fernandez,ambi,pl,1,0,a los guardas,de los embajadores,guardas,embajadores,Nadie vio a los guardas de los embajadores que MASKTOKEN en la fiesta.,Nadie vio a los guardas de los embajadores que,$ES_PL,Nadie vio a los guardas de los embajadores que MASKTOKEN en la fiesta.,0.7869875852126974,0.6361020625262235
18a,Spanish,Fernandez,low,pl,1,0,al guarda,de los embajadores,guarda,embajadores,Nadie vio al guarda de los embajadores que MASKTOKEN en la fiesta.,Nadie vio al guarda de los embajadores que,$ES_PL,Nadie vio al guarda de los embajadores que MASKTOKEN en la fiesta.,0.058499703955309346,0.09089547972820355
18a,Spanish,Fernandez,high,pl,1,0,a los guardas,del embajador,guardas,embajador,Nadie vio a los guardas del embajador que MASKTOKEN en la fiesta.,Nadie vio a los guardas del embajador que,$ES_PL,Nadie vio a los guardas del embajador que MASKTOKEN en la fiesta.,0.6139170461501999,0.597181988031835
19a,Spanish,Fernandez,ambi,sg,0,0,al hijo,del delegado,hijo,delegado,Ivana conoció al hijo del delegado que MASKTOKEN en el salón.,Ivana conoció al hijo del delegado que,$ES_SG,Ivana conoció al hijo del delegado que MASKTOKEN en el salón.,0.4972726480209744,0.4225953757162131
19a,Spanish,Fernandez,low,sg,0,0,a los hijos,del delegado,hijos,delegado,Ivana conoció a los hijos del delegado que MASKTOKEN en el salón.,Ivana conoció a los hijos del delegado que,$ES_SG,Ivana conoció a los hijos del delegado que MASKTOKEN en el salón.,0.44479816826176943,0.05442942135459106
19a,Spanish,Fernandez,high,sg,0,0,al hijo,de los delegados,hijo,delegados,Ivana conoció al hijo de los delegados que MASKTOKEN en el salón.,Ivana conoció al hijo de los delegados que,$ES_SG,Ivana conoció al hijo de los delegados que MASKTOKEN en el salón.,0.012129325886720832,0.012337666539515624
19a,Spanish,Fernandez,ambi,pl,0,0,a los hijos,de los delegados,hijos,delegados,Ivana conoció a los hijos de los delegados que MASKTOKEN en el salón.,Ivana conoció a los hijos de los delegados que,$ES_PL,Ivana conoció a los hijos de los delegados que MASKTOKEN en el salón.,0.5220546765716989,0.6461564065619712
19a,Spanish,Fernandez,low,pl,0,0,al hijo,de los delegados,hijo,delegados,Ivana conoció al hijo de los delegados que MASKTOKEN en el salón.,Ivana conoció al hijo de los delegados que,$ES_PL,Ivana conoció al hijo de los delegados que MASKTOKEN en el salón.,0.5379126708224398,0.6391208086478777
19a,Spanish,Fernandez,high,pl,0,0,a los hijos,del delegado,hijos,delegado,Ivana conoció a los hijos del delegado que MASKTOKEN en el salón.,Ivana conoció a los hijos del delegado que,$ES_PL,Ivana conoció a los hijos del delegado que MASKTOKEN en el salón.,0.07292678192510138,0.5259191089748896
20a,Spanish,Fernandez,ambi,sg,1,1,el componente,de la pluma,componente,pluma,Lisa no pudo encontrar el componente de la pluma que MASKTOKEN de oferta.,Lisa no pudo encontrar el componente de la pluma que,$ES_SG,Lisa no pudo encontrar el componente de la pluma que MASKTOKEN de oferta.,0.6794462762533016,0.7123185835100685
20a,Spanish,Fernandez,low,sg,1,1,los componentes,de la pluma,componentes,pluma,Lisa no pudo encontrar los componentes de la pluma que MASKTOKEN de oferta.,Lisa no pudo encontrar los componentes de la pluma que,$ES_SG,Lisa no pudo encontrar los componentes de la pluma que MASKTOKEN de oferta.,0.47793107138701885,0.08027056243210495
20a,Spanish,Fernandez,high,sg,1,1,el componente,de las plumas,componente,plumas,Lisa no pudo encontrar el componente de las plumas que MASKTOKEN de oferta.,Lisa no pudo encontrar el componente de las plumas que,$ES_SG,Lisa no pudo encontrar el componente de las plumas que MASKTOKEN de oferta.,0.3279548284878757,0.03250966302241309
20a,Spanish,Fernandez,ambi,pl,1,1,los componentes,de las plumas,componentes,plumas,Lisa no pudo encontrar los componentes de las plumas que MASKTOKEN de oferta.,Lisa no pudo encontrar los componentes de las plumas que,$ES_PL,Lisa no pudo encontrar los componentes de las plumas que MASKTOKEN de oferta.,0.8484541208300911,0.7752680526095759
20a,Spanish,Fernandez,low,pl,1,1,el componente,de las plumas,componente,plumas,Lisa no pudo encontrar el componente de las plumas que MASKTOKEN de oferta.,Lisa no pudo encontrar el componente de las plumas que,$ES_PL,Lisa no pudo encontrar el componente de las plumas que MASKTOKEN de oferta.,0.5850345694190331,0.7207575093976715
20a,Spanish,Fernandez,high,pl,1,1,los componentes,de la pluma,componentes,pluma,Lisa no pudo encontrar los componentes de la pluma que MASKTOKEN de oferta.,Lisa no pudo encontrar los componentes de la pluma que,$ES_PL,Lisa no pudo encontrar los componentes de la pluma que MASKTOKEN de oferta.,0.2821264618905559,0.6508627638315829
21a,Spanish,Fernandez,ambi,sg,1,0,el relato,del manuscrito,relato,manuscrito,El estudiante leyó el relato del manuscrito que MASKTOKEN en el examen.,El estudiante leyó el relato del manuscrito que,$ES_SG,El estudiante leyó el relato del manuscrito que MASKTOKEN en el examen.,0.673710333842358,0.7034410888434763
21a,Spanish,Fernandez,low,sg,1,0,los relatos,del manuscrito,relatos,manuscrito,El estudiante leyó los relatos del manuscrito que MASKTOKEN en el examen.,El estudiante leyó los relatos del manuscrito que,$ES_SG,El estudiante leyó los relatos del manuscrito que MASKTOKEN en el examen.,0.6361337816106882,0.27980783124687036
21a,Spanish,Fernandez,high,sg,1,0,el relato,de los manuscritos,relato,manuscritos,El estudiante leyó el relato de los manuscritos que MASKTOKEN en el examen.,El estudiante leyó el relato de los manuscritos que,$ES_SG,El estudiante leyó el relato de los manuscritos que MASKTOKEN en el examen.,0.1459171332820386,0.14997859908284283
21a,Spanish,Fernandez,ambi,pl,1,0,los relatos,de los manuscritos,relatos,manuscritos,El estudiante leyó los relatos de los manuscritos que MASKTOKEN en el examen.,El estudiante leyó los relatos de los manuscritos que,$ES_PL,El estudiante leyó los relatos de los manuscritos que MASKTOKEN en el examen.,0.570058742154405,0.3916271059192624
21a,Spanish,Fernandez,low,pl,1,0,el relato,de los manuscritos,relato,manuscritos,El estudiante leyó el relato de los manuscritos que MASKTOKEN en el examen.,El estudiante leyó el relato de los manuscritos que,$ES_PL,El estudiante leyó el relato de los manuscritos que MASKTOKEN en el examen.,0.5500928284491824,0.5016985235011191
21a,Spanish,Fernandez,high,pl,1,0,los relatos,del manuscrito,relatos,manuscrito,El estudiante leyó los relatos del manuscrito que MASKTOKEN en el examen.,El estudiante leyó los relatos del manuscrito que,$ES_PL,El estudiante leyó los relatos del manuscrito que MASKTOKEN en el examen.,0.08906126137532944,0.35714535901128386
22a,Spanish,Fernandez,ambi,sg,0,1,el panel,de la caja,panel,caja,Los arqueólogos finalmente encontraron el panel de la caja que MASKTOKEN en el poema.,Los arqueólogos finalmente encontraron el panel de la caja que,$ES_SG,Los arqueólogos finalmente encontraron el panel de la caja que MASKTOKEN en el poema.,0.9205537471357372,0.3706604714492343
22a,Spanish,Fernandez,low,sg,0,1,los paneles,de la caja,paneles,caja,Los arqueólogos finalmente encontraron los paneles de la caja que MASKTOKEN en el poema.,Los arqueólogos finalmente encontraron los paneles de la caja que,$ES_SG,Los arqueólogos finalmente encontraron los paneles de la caja que MASKTOKEN en el poema.,0.8031304352833009,0.044810673950028246
22a,Spanish,Fernandez,high,sg,0,1,el panel,de las cajas,panel,cajas,Los arqueólogos finalmente encontraron el panel de las cajas que MASKTOKEN en el poema.,Los arqueólogos finalmente encontraron el panel de las cajas que,$ES_SG,Los arqueólogos finalmente encontraron el panel de las cajas que MASKTOKEN en el poema.,0.05254296759679089,0.1339554036070112
22a,Spanish,Fernandez,ambi,pl,0,1,los paneles,de las cajas,paneles,cajas,Los arqueólogos finalmente encontraron los paneles de las cajas que MASKTOKEN en el poema.,Los arqueólogos finalmente encontraron los paneles de las cajas que,$ES_PL,Los arqueólogos finalmente encontraron los paneles de las cajas que MASKTOKEN en el poema.,0.919682439707799,0.5020386033926343
22a,Spanish,Fernandez,low,pl,0,1,el panel,de las cajas,panel,cajas,Los arqueólogos finalmente encontraron el panel de las cajas que MASKTOKEN en el poema.,Los arqueólogos finalmente encontraron el panel de las cajas que,$ES_PL,Los arqueólogos finalmente encontraron el panel de las cajas que MASKTOKEN en el poema.,0.891065523566116,0.34555239300911467
22a,Spanish,Fernandez,high,pl,0,1,los paneles,de la caja,paneles,caja,Los arqueólogos finalmente encontraron los paneles de la caja que MASKTOKEN en el poema.,Los arqueólogos finalmente encontraron los paneles de la caja que,$ES_PL,Los arqueólogos finalmente encontraron los paneles de la caja que MASKTOKEN en el poema.,0.13755253180157145,0.46745698561312565
23a,Spanish,Fernandez,ambi,sg,1,0,la pieza,del computadora,pieza,computadora,Enrique había inspeccionado la pieza del computadora que MASKTOKEN encima del escritorio..,Enrique había inspeccionado la pieza del computadora que,$ES_SG,Enrique había inspeccionado la pieza del computadora que MASKTOKEN encima del escritorio..,0.40974173483231,0.5482629671910217
23a,Spanish,Fernandez,low,sg,1,0,las piezas,del computadora,piezas,computadora,Enrique había inspeccionado las piezas del computadora que MASKTOKEN encima del escritorio..,Enrique había inspeccionado las piezas del computadora que,$ES_SG,Enrique había inspeccionado las piezas del computadora que MASKTOKEN encima del escritorio..,0.3502797193015894,0.025997328072325132
23a,Spanish,Fernandez,high,sg,1,0,la pieza,de las computadoras,pieza,computadoras,Enrique había inspeccionado la pieza de las computadoras que MASKTOKEN encima del escritorio..,Enrique había inspeccionado la pieza de las computadoras que,$ES_SG,Enrique había inspeccionado la pieza de las computadoras que MASKTOKEN encima del escritorio..,0.36588405225730547,0.2716977452400329
23a,Spanish,Fernandez,ambi,pl,1,0,las piezas,de las computadoras,piezas,computadoras,Enrique había inspeccionado las piezas de las computadoras que MASKTOKEN encima del escritorio..,Enrique había inspeccionado las piezas de las computadoras que,$ES_PL,Enrique había inspeccionado las piezas de las computadoras que MASKTOKEN encima del escritorio..,0.10798349411903119,0.769250109122666
23a,Spanish,Fernandez,low,pl,1,0,la pieza,de las computadoras,pieza,computadoras,Enrique había inspeccionado la pieza de las computadoras que MASKTOKEN encima del escritorio..,Enrique había inspeccionado la pieza de las computadoras que,$ES_PL,Enrique había inspeccionado la pieza de las computadoras que MASKTOKEN encima del escritorio..,0.03576614263332312,0.39660081421726545
23a,Spanish,Fernandez,high,pl,1,0,las piezas,del computadora,piezas,computadora,Enrique había inspeccionado las piezas del computadora que MASKTOKEN encima del escritorio..,Enrique había inspeccionado las piezas del computadora que,$ES_PL,Enrique había inspeccionado las piezas del computadora que MASKTOKEN encima del escritorio..,0.052953410909016396,0.755518043999075
24a,Spanish,Fernandez,ambi,sg,0,0,el pasillo,del apartamento,pasillo,apartamento,Susana admiró el pasillo del apartamento que MASKTOKEN cerca del parque.,Susana admiró el pasillo del apartamento que,$ES_SG,Susana admiró el pasillo del apartamento que MASKTOKEN cerca del parque.,0.5353275118929179,0.6333467855990307
24a,Spanish,Fernandez,low,sg,0,0,los pasillos,del apartamento,pasillos,apartamento,Susana admiró los pasillos del apartamento que MASKTOKEN cerca del parque.,Susana admiró los pasillos del apartamento que,$ES_SG,Susana admiró los pasillos del apartamento que MASKTOKEN cerca del parque.,0.4622269063803892,0.038192976167234605
24a,Spanish,Fernandez,high,sg,0,0,el pasillo,de los apartamentos,pasillo,apartamentos,Susana admiró el pasillo de los apartamentos que MASKTOKEN cerca del parque.,Susana admiró el pasillo de los apartamentos que,$ES_SG,Susana admiró el pasillo de los apartamentos que MASKTOKEN cerca del parque.,0.08190716897158845,0.0625187607518427
24a,Spanish,Fernandez,ambi,pl,0,0,los pasillos,de los apartamentos,pasillos,apartamentos,Susana admiró los pasillos de los apartamentos que MASKTOKEN cerca del parque.,Susana admiró los pasillos de los apartamentos que,$ES_PL,Susana admiró los pasillos de los apartamentos que MASKTOKEN cerca del parque.,0.3963708897048055,0.6483967909339938
24a,Spanish,Fernandez,low,pl,0,0,el pasillo,de los apartamentos,pasillo,apartamentos,Susana admiró el pasillo de los apartamentos que MASKTOKEN cerca del parque.,Susana admiró el pasillo de los apartamentos que,$ES_PL,Susana admiró el pasillo de los apartamentos que MASKTOKEN cerca del parque.,0.38221697559967005,0.5600417599305274
24a,Spanish,Fernandez,high,pl,0,0,los pasillos,del apartamento,pasillos,apartamento,Susana admiró los pasillos del apartamento que MASKTOKEN cerca del parque.,Susana admiró los pasillos del apartamento que,$ES_PL,Susana admiró los pasillos del apartamento que MASKTOKEN cerca del parque.,0.01807333454342147,0.6163387772419924
1,Spanish,Cuetos_Mitchell,ambi,sg,0,0,el libro,de la chica,libro,chica,Pedro miraba el libro de la chica que MASKTOKEN en el salón.,Pedro miraba el libro de la chica que,$ES_SG,Pedro miraba el libro de la chica que MASKTOKEN en el salón.,0.6239995662581292,0.3742243072358349
1,Spanish,Cuetos_Mitchell,low,sg,0,0,los libros,de la chica,libros,chica,Pedro miraba los libros de la chica que MASKTOKEN en el salón.,Pedro miraba los libros de la chica que,$ES_SG,Pedro miraba los libros de la chica que MASKTOKEN en el salón.,0.6340990644318769,0.19645336296083826
1,Spanish,Cuetos_Mitchell,high,sg,0,0,el libro,de las chicas,libro,chicas,Pedro miraba el libro de las chicas que MASKTOKEN en el salón.,Pedro miraba el libro de las chicas que,$ES_SG,Pedro miraba el libro de las chicas que MASKTOKEN en el salón.,0.061553176269114385,0.25216253189724114
1,Spanish,Cuetos_Mitchell,ambi,pl,0,0,los libros,de las chicas,libros,chicas,Pedro miraba los libros de las chicas que MASKTOKEN en el salón.,Pedro miraba los libros de las chicas que,$ES_PL,Pedro miraba los libros de las chicas que MASKTOKEN en el salón.,0.497194555083986,0.3810140064117178
1,Spanish,Cuetos_Mitchell,low,pl,0,0,el libro,de las chicas,libro,chicas,Pedro miraba el libro de las chicas que MASKTOKEN en el salón.,Pedro miraba el libro de las chicas que,$ES_PL,Pedro miraba el libro de las chicas que MASKTOKEN en el salón.,0.44831311662029827,0.05038120227180798
1,Spanish,Cuetos_Mitchell,high,pl,0,0,los libros,de la chica,libros,chica,Pedro miraba los libros de la chica que MASKTOKEN en el salón.,Pedro miraba los libros de la chica que,$ES_PL,Pedro miraba los libros de la chica que MASKTOKEN en el salón.,0.024414701194876348,0.18324801143928937
2,Spanish,Cuetos_Mitchell,ambi,sg,0,0,el criado,de la actriz,criado,actriz,Alguien disparó contra el criado de la actriz que MASKTOKEN en el balcón.,Alguien disparó contra el criado de la actriz que,$ES_SG,Alguien disparó contra el criado de la actriz que MASKTOKEN en el balcón.,0.6072822466306746,0.5437163470526087
2,Spanish,Cuetos_Mitchell,low,sg,0,0,los criados,de la actriz,criados,actriz,Alguien disparó contra los criados de la actriz que MASKTOKEN en el balcón.,Alguien disparó contra los criados de la actriz que,$ES_SG,Alguien disparó contra los criados de la actriz que MASKTOKEN en el balcón.,0.5186665104206014,0.015886365444245598
2,Spanish,Cuetos_Mitchell,high,sg,0,0,el criado,de las actrices,criado,actrices,Alguien disparó contra el criado de las actrices que MASKTOKEN en el balcón.,Alguien disparó contra el criado de las actrices que,$ES_SG,Alguien disparó contra el criado de las actrices que MASKTOKEN en el balcón.,0.06385860986541836,0.012606609189115048
2,Spanish,Cuetos_Mitchell,ambi,pl,0,0,los criados,de las actrices,criados,actrices,Alguien disparó contra los criados de las actrices que MASKTOKEN en el balcón.,Alguien disparó contra los criados de las actrices que,$ES_PL,Alguien disparó contra los criados de las actrices que MASKTOKEN en el balcón.,0.9072330369895809,0.5791277390316196
2,Spanish,Cuetos_Mitchell,low,pl,0,0,el criado,de las actrices,criado,actrices,Alguien disparó contra el criado de las actrices que MASKTOKEN en el balcón.,Alguien disparó contra el criado de las actrices que,$ES_PL,Alguien disparó contra el criado de las actrices que MASKTOKEN en el balcón.,0.782495071723531,0.615393717509054
2,Spanish,Cuetos_Mitchell,high,pl,0,0,los criados,de la actriz,criados,actriz,Alguien disparó contra los criados de la actriz que MASKTOKEN en el balcón.,Alguien disparó contra los criados de la actriz que,$ES_PL,Alguien disparó contra los criados de la actriz que MASKTOKEN en el balcón.,0.11391477353581081,0.661497036390486
3,Spanish,Cuetos_Mitchell,ambi,sg,0,0,al amigo,de la maestra,amigo,maestra,Juan conoció al amigo de la maestra que MASKTOKEN en Alemania.,Juan conoció al amigo de la maestra que,$ES_SG,Juan conoció al amigo de la maestra que MASKTOKEN en Alemania.,0.6295886449518981,0.32342643264802007
3,Spanish,Cuetos_Mitchell,low,sg,0,0,a los amigos,de la maestra,amigos,maestra,Juan conoció a los amigos de la maestra que MASKTOKEN en Alemania.,Juan conoció a los amigos de la maestra que,$ES_SG,Juan conoció a los amigos de la maestra que MASKTOKEN en Alemania.,0.5713494305184827,0.10512726850197396
3,Spanish,Cuetos_Mitchell,high,sg,0,0,al amigo,de las maestras,amigo,maestras,Juan conoció al amigo de las maestras que MASKTOKEN en Alemania.,Juan conoció al amigo de las maestras que,$ES_SG,Juan conoció al amigo de las maestras que MASKTOKEN en Alemania.,0.11755803198093018,0.0366224878824184
3,Spanish,Cuetos_Mitchell,ambi,pl,0,0,a los amigos,de las maestras,amigos,maestras,Juan conoció a los amigos de las maestras que MASKTOKEN en Alemania.,Juan conoció a los amigos de las maestras que,$ES_PL,Juan conoció a los amigos de las maestras que MASKTOKEN en Alemania.,0.5383718082519451,0.4991455575533763
3,Spanish,Cuetos_Mitchell,low,pl,0,0,al amigo,de las maestras,amigo,maestras,Juan conoció al amigo de las maestras que MASKTOKEN en Alemania.,Juan conoció al amigo de las maestras que,$ES_PL,Juan conoció al amigo de las maestras que MASKTOKEN en Alemania.,0.4336254348456734,0.472076602086247
3,Spanish,Cuetos_Mitchell,high,pl,0,0,a los amigos,de la maestra,amigos,maestra,Juan conoció a los amigos de la maestra que MASKTOKEN en Alemania.,Juan conoció a los amigos de la maestra que,$ES_PL,Juan conoció a los amigos de la maestra que MASKTOKEN en Alemania.,0.04790659564645705,0.3816396043625616
4,Spanish,Cuetos_Mitchell,ambi,sg,0,0,la maleta,del turista,maleta,turista,Un ladrón espiaba la maleta del turista que MASKTOKEN junto al buzón.,Un ladrón espiaba la maleta del turista que,$ES_SG,Un ladrón espiaba la maleta del turista que MASKTOKEN junto al buzón.,0.45083588638561345,0.47690790300096
4,Spanish,Cuetos_Mitchell,low,sg,0,0,las maletas,del turista,maletas,turista,Un ladrón espiaba las maletas del turista que MASKTOKEN junto al buzón.,Un ladrón espiaba las maletas del turista que,$ES_SG,Un ladrón espiaba las maletas del turista que MASKTOKEN junto al buzón.,0.21971984748768825,0.11307569975685716
4,Spanish,Cuetos_Mitchell,high,sg,0,0,la maleta,de los turistas,maleta,turistas,Un ladrón espiaba la maleta de los turistas que MASKTOKEN junto al buzón.,Un ladrón espiaba la maleta de los turistas que,$ES_SG,Un ladrón espiaba la maleta de los turistas que MASKTOKEN junto al buzón.,0.00393208243867911,0.015921169458253726
4,Spanish,Cuetos_Mitchell,ambi,pl,0,0,las maletas,de los turistas,maletas,turistas,Un ladrón espiaba las maletas de los turistas que MASKTOKEN junto al buzón.,Un ladrón espiaba las maletas de los turistas que,$ES_PL,Un ladrón espiaba las maletas de los turistas que MASKTOKEN junto al buzón.,0.21817153451250637,0.7193452386216865
4,Spanish,Cuetos_Mitchell,low,pl,0,0,la maleta,de los turistas,maleta,turistas,Un ladrón espiaba la maleta de los turistas que MASKTOKEN junto al buzón.,Un ladrón espiaba la maleta de los turistas que,$ES_PL,Un ladrón espiaba la maleta de los turistas que MASKTOKEN junto al buzón.,0.2939558119808181,0.7087009361506809
4,Spanish,Cuetos_Mitchell,high,pl,0,0,las maletas,del turista,maletas,turista,Un ladrón espiaba las maletas del turista que MASKTOKEN junto al buzón.,Un ladrón espiaba las maletas del turista que,$ES_PL,Un ladrón espiaba las maletas del turista que MASKTOKEN junto al buzón.,0.005824260076495336,0.4669340222089531
5,Spanish,Cuetos_Mitchell,ambi,sg,1,0,el caballo,del campesino,caballo,campesino,El turista fotografió el caballo del campesino que MASKTOKEN junto a la charca.,El turista fotografió el caballo del campesino que,$ES_SG,El turista fotografió el caballo del campesino que MASKTOKEN junto a la charca.,0.46760336489901455,0.5810550054432042
5,Spanish,Cuetos_Mitchell,low,sg,1,0,los caballos,del campesino,caballos,campesino,El turista fotografió los caballos del campesino que MASKTOKEN junto a la charca.,El turista fotografió los caballos del campesino que,$ES_SG,El turista fotografió los caballos del campesino que MASKTOKEN junto a la charca.,0.5103878135690216,0.06460730968829154
5,Spanish,Cuetos_Mitchell,high,sg,1,0,el caballo,de los campesinos,caballo,campesinos,El turista fotografió el caballo de los campesinos que MASKTOKEN junto a la charca.,El turista fotografió el caballo de los campesinos que,$ES_SG,El turista fotografió el caballo de los campesinos que MASKTOKEN junto a la charca.,0.024905770055579257,0.4232472581413731
5,Spanish,Cuetos_Mitchell,ambi,pl,1,0,los caballos,de los campesinos,caballos,campesinos,El turista fotografió los caballos de los campesinos que MASKTOKEN junto a la charca.,El turista fotografió los caballos de los campesinos que,$ES_PL,El turista fotografió los caballos de los campesinos que MASKTOKEN junto a la charca.,0.7718911617377753,0.7158794946630422
5,Spanish,Cuetos_Mitchell,low,pl,1,0,el caballo,de los campesinos,caballo,campesinos,El turista fotografió el caballo de los campesinos que MASKTOKEN junto a la charca.,El turista fotografió el caballo de los campesinos que,$ES_PL,El turista fotografió el caballo de los campesinos que MASKTOKEN junto a la charca.,0.7043755997982313,0.18825767282618244
5,Spanish,Cuetos_Mitchell,high,pl,1,0,los caballos,del campesino,caballos,campesino,El turista fotografió los caballos del campesino que MASKTOKEN junto a la charca.,El turista fotografió los caballos del campesino que,$ES_PL,El turista fotografió los caballos del campesino que MASKTOKEN junto a la charca.,0.09315466668134365,0.5945559315103992
6,Spanish,Cuetos_Mitchell,ambi,sg,0,1,a la hermana,del trabajador,hermana,trabajador,La policía detuvo a la hermana del trabajador que MASKTOKEN en Melilla.,La policía detuvo a la hermana del trabajador que,$ES_SG,La policía detuvo a la hermana del trabajador que MASKTOKEN en Melilla.,0.916023457313174,0.4137823116652726
6,Spanish,Cuetos_Mitchell,low,sg,0,1,a las hermanas,del trabajador,hermanas,trabajador,La policía detuvo a las hermanas del trabajador que MASKTOKEN en Melilla.,La policía detuvo a las hermanas del trabajador que,$ES_SG,La policía detuvo a las hermanas del trabajador que MASKTOKEN en Melilla.,0.7303923058189832,0.03359555703292472
6,Spanish,Cuetos_Mitchell,high,sg,0,1,a la hermana,de los trabajadores,hermana,trabajadores,La policía detuvo a la hermana de los trabajadores que MASKTOKEN en Melilla.,La policía detuvo a la hermana de los trabajadores que,$ES_SG,La policía detuvo a la hermana de los trabajadores que MASKTOKEN en Melilla.,0.01599040990475807,0.3865262201516657
6,Spanish,Cuetos_Mitchell,ambi,pl,0,1,a las hermanas,de los trabajadores,hermanas,trabajadores,La policía detuvo a las hermanas de los trabajadores que MASKTOKEN en Melilla.,La policía detuvo a las hermanas de los trabajadores que,$ES_PL,La policía detuvo a las hermanas de los trabajadores que MASKTOKEN en Melilla.,0.9349533383416697,0.570399178938203
6,Spanish,Cuetos_Mitchell,low,pl,0,1,a la hermana,de los trabajadores,hermana,trabajadores,La policía detuvo a la hermana de los trabajadores que MASKTOKEN en Melilla.,La policía detuvo a la hermana de los trabajadores que,$ES_PL,La policía detuvo a la hermana de los trabajadores que MASKTOKEN en Melilla.,0.9392241102573393,0.02771782188074212
6,Spanish,Cuetos_Mitchell,high,pl,0,1,a las hermanas,del trabajador,hermanas,trabajador,La policía detuvo a las hermanas del trabajador que MASKTOKEN en Melilla.,La policía detuvo a las hermanas del trabajador que,$ES_PL,La policía detuvo a las hermanas del trabajador que MASKTOKEN en Melilla.,0.1768498172470755,0.37724007061285647
7,Spanish,Cuetos_Mitchell,ambi,sg,1,0,la medicina,del paciente,medicina,paciente,La enfermera apartó la medicina del paciente que MASKTOKEN junto a la ventana.,La enfermera apartó la medicina del paciente que,$ES_SG,La enfermera apartó la medicina del paciente que MASKTOKEN junto a la ventana.,0.3129035033080121,0.5295622266179976
7,Spanish,Cuetos_Mitchell,low,sg,1,0,las medicinas,del paciente,medicinas,paciente,La enfermera apartó las medicinas del paciente que MASKTOKEN junto a la ventana.,La enfermera apartó las medicinas del paciente que,$ES_SG,La enfermera apartó las medicinas del paciente que MASKTOKEN junto a la ventana.,0.3583245322686781,0.13637777723016598
7,Spanish,Cuetos_Mitchell,high,sg,1,0,la medicina,de los pacientes,medicina,pacientes,La enfermera apartó la medicina de los pacientes que MASKTOKEN junto a la ventana.,La enfermera apartó la medicina de los pacientes que,$ES_SG,La enfermera apartó la medicina de los pacientes que MASKTOKEN junto a la ventana.,0.1301848959329832,0.02847670375872724
7,Spanish,Cuetos_Mitchell,ambi,pl,1,0,las medicinas,de los pacientes,medicinas,pacientes,La enfermera apartó las medicinas de los pacientes que MASKTOKEN junto a la ventana.,La enfermera apartó las medicinas de los pacientes que,$ES_PL,La enfermera apartó las medicinas de los pacientes que MASKTOKEN junto a la ventana.,0.5350719640952519,0.6198547640263712
7,Spanish,Cuetos_Mitchell,low,pl,1,0,la medicina,de los pacientes,medicina,pacientes,La enfermera apartó la medicina de los pacientes que MASKTOKEN junto a la ventana.,La enfermera apartó la medicina de los pacientes que,$ES_PL,La enfermera apartó la medicina de los pacientes que MASKTOKEN junto a la ventana.,0.5218658409125823,0.6576938625278785
7,Spanish,Cuetos_Mitchell,high,pl,1,0,las medicinas,del paciente,medicinas,paciente,La enfermera apartó las medicinas del paciente que MASKTOKEN junto a la ventana.,La enfermera apartó las medicinas del paciente que,$ES_PL,La enfermera apartó las medicinas del paciente que MASKTOKEN junto a la ventana.,0.04274557660074274,0.441456580163873
8,Spanish,Cuetos_Mitchell,ambi,sg,1,1,la relativa,del granjero,relativa,granjero,Andrés estuvo hablando con la relativa del granjero que MASKTOKEN en Brasil.,Andrés estuvo hablando con la relativa del granjero que,$ES_SG,Andrés estuvo hablando con la relativa del granjero que MASKTOKEN en Brasil.,0.7856589292240734,0.3620811675752975
8,Spanish,Cuetos_Mitchell,low,sg,1,1,las relativas,del granjero,relativas,granjero,Andrés estuvo hablando con las relativas del granjero que MASKTOKEN en Brasil.,Andrés estuvo hablando con las relativas del granjero que,$ES_SG,Andrés estuvo hablando con las relativas del granjero que MASKTOKEN en Brasil.,0.7028722969624273,0.3375970204555472
8,Spanish,Cuetos_Mitchell,high,sg,1,1,la relativa,de los granjeros,relativa,granjeros,Andrés estuvo hablando con la relativa de los granjeros que MASKTOKEN en Brasil.,Andrés estuvo hablando con la relativa de los granjeros que,$ES_SG,Andrés estuvo hablando con la relativa de los granjeros que MASKTOKEN en Brasil.,0.025294517389091387,0.11513615972970115
8,Spanish,Cuetos_Mitchell,ambi,pl,1,1,las relativas,de los granjeros,relativas,granjeros,Andrés estuvo hablando con las relativas de los granjeros que MASKTOKEN en Brasil.,Andrés estuvo hablando con las relativas de los granjeros que,$ES_PL,Andrés estuvo hablando con las relativas de los granjeros que MASKTOKEN en Brasil.,0.647885971412018,0.17128753337230762
8,Spanish,Cuetos_Mitchell,low,pl,1,1,la relativa,de los granjeros,relativa,granjeros,Andrés estuvo hablando con la relativa de los granjeros que MASKTOKEN en Brasil.,Andrés estuvo hablando con la relativa de los granjeros que,$ES_PL,Andrés estuvo hablando con la relativa de los granjeros que MASKTOKEN en Brasil.,0.6981147990970378,0.13949100392824576
8,Spanish,Cuetos_Mitchell,high,pl,1,1,las relativas,del granjero,relativas,granjero,Andrés estuvo hablando con las relativas del granjero que MASKTOKEN en Brasil.,Andrés estuvo hablando con las relativas del granjero que,$ES_PL,Andrés estuvo hablando con las relativas del granjero que MASKTOKEN en Brasil.,0.038963547755115346,0.014410569630383563
9,Spanish,Cuetos_Mitchell,ambi,sg,0,1,el zapato,del invitado,zapato,invitado,La sirvienta contemplaba el zapato del invitado que MASKTOKEN junto a la chimenea.,La sirvienta contemplaba el zapato del invitado que,$ES_SG,La sirvienta contemplaba el zapato del invitado que MASKTOKEN junto a la chimenea.,0.48154550006614016,0.6025604828087125
9,Spanish,Cuetos_Mitchell,low,sg,0,1,los zapatos,del invitado,zapatos,invitado,La sirvienta contemplaba los zapatos del invitado que MASKTOKEN junto a la chimenea.,La sirvienta contemplaba los zapatos del invitado que,$ES_SG,La sirvienta contemplaba los zapatos del invitado que MASKTOKEN junto a la chimenea.,0.4868333646373362,0.49716847803006203
9,Spanish,Cuetos_Mitchell,high,sg,0,1,el zapato,de los invitados,zapato,invitados,La sirvienta contemplaba el zapato de los invitados que MASKTOKEN junto a la chimenea.,La sirvienta contemplaba el zapato de los invitados que,$ES_SG,La sirvienta contemplaba el zapato de los invitados que MASKTOKEN junto a la chimenea.,0.13099583856990793,0.37289565449648876
9,Spanish,Cuetos_Mitchell,ambi,pl,0,1,los zapatos,de los invitados,zapatos,invitados,La sirvienta contemplaba los zapatos de los invitados que MASKTOKEN junto a la chimenea.,La sirvienta contemplaba los zapatos de los invitados que,$ES_PL,La sirvienta contemplaba los zapatos de los invitados que MASKTOKEN junto a la chimenea.,0.7815667882694535,0.5822871249759558
9,Spanish,Cuetos_Mitchell,low,pl,0,1,el zapato,de los invitados,zapato,invitados,La sirvienta contemplaba el zapato de los invitados que MASKTOKEN junto a la chimenea.,La sirvienta contemplaba el zapato de los invitados que,$ES_PL,La sirvienta contemplaba el zapato de los invitados que MASKTOKEN junto a la chimenea.,0.5959753820422562,0.1429488775494292
9,Spanish,Cuetos_Mitchell,high,pl,0,1,los zapatos,del invitado,zapatos,invitado,La sirvienta contemplaba los zapatos del invitado que MASKTOKEN junto a la chimenea.,La sirvienta contemplaba los zapatos del invitado que,$ES_PL,La sirvienta contemplaba los zapatos del invitado que MASKTOKEN junto a la chimenea.,0.062388650360834796,0.05668469181432556
10,Spanish,Cuetos_Mitchell,ambi,sg,0,0,la amiga,del concejal,amiga,concejal,Ayer me encontré con la amiga del concejal que MASKTOKEN en Australia.,Ayer me encontré con la amiga del concejal que,$ES_SG,Ayer me encontré con la amiga del concejal que MASKTOKEN en Australia.,0.7116680152386632,0.3958348930131024
10,Spanish,Cuetos_Mitchell,low,sg,0,0,las amigas,del concejal,amigas,concejal,Ayer me encontré con las amigas del concejal que MASKTOKEN en Australia.,Ayer me encontré con las amigas del concejal que,$ES_SG,Ayer me encontré con las amigas del concejal que MASKTOKEN en Australia.,0.4817163452668147,0.14518088559710662
10,Spanish,Cuetos_Mitchell,high,sg,0,0,la amiga,de los concejales,amiga,concejales,Ayer me encontré con la amiga de los concejales que MASKTOKEN en Australia.,Ayer me encontré con la amiga de los concejales que,$ES_SG,Ayer me encontré con la amiga de los concejales que MASKTOKEN en Australia.,0.02766365051980202,0.15455853545901022
10,Spanish,Cuetos_Mitchell,ambi,pl,0,0,las amigas,de los concejales,amigas,concejales,Ayer me encontré con las amigas de los concejales que MASKTOKEN en Australia.,Ayer me encontré con las amigas de los concejales que,$ES_PL,Ayer me encontré con las amigas de los concejales que MASKTOKEN en Australia.,0.6177550755131094,0.4522106957225418
10,Spanish,Cuetos_Mitchell,low,pl,0,0,la amiga,de los concejales,amiga,concejales,Ayer me encontré con la amiga de los concejales que MASKTOKEN en Australia.,Ayer me encontré con la amiga de los concejales que,$ES_PL,Ayer me encontré con la amiga de los concejales que MASKTOKEN en Australia.,0.5726576810834274,0.3273654193173883
10,Spanish,Cuetos_Mitchell,high,pl,0,0,las amigas,del concejal,amigas,concejal,Ayer me encontré con las amigas del concejal que MASKTOKEN en Australia.,Ayer me encontré con las amigas del concejal que,$ES_PL,Ayer me encontré con las amigas del concejal que MASKTOKEN en Australia.,0.15102003754387727,0.330999534579167
11,Spanish,Cuetos_Mitchell,ambi,sg,0,1,al caballo,del viajero,caballo,viajero,El alguacil encerró al caballo del viajero que MASKTOKEN junto al puente.,El alguacil encerró al caballo del viajero que,$ES_SG,El alguacil encerró al caballo del viajero que MASKTOKEN junto al puente.,0.6001591405635018,0.44897737361816326
11,Spanish,Cuetos_Mitchell,low,sg,0,1,a los caballos,del viajero,caballos,viajero,El alguacil encerró a los caballos del viajero que MASKTOKEN junto al puente.,El alguacil encerró a los caballos del viajero que,$ES_SG,El alguacil encerró a los caballos del viajero que MASKTOKEN junto al puente.,0.2846902251890897,0.07241333762266322
11,Spanish,Cuetos_Mitchell,high,sg,0,1,al caballo,de los viajeros,caballo,viajeros,El alguacil encerró al caballo de los viajeros que MASKTOKEN junto al puente.,El alguacil encerró al caballo de los viajeros que,$ES_SG,El alguacil encerró al caballo de los viajeros que MASKTOKEN junto al puente.,0.0145155089210737,0.07834436338146133
11,Spanish,Cuetos_Mitchell,ambi,pl,0,1,a los caballos,de los viajeros,caballos,viajeros,El alguacil encerró a los caballos de los viajeros que MASKTOKEN junto al puente.,El alguacil encerró a los caballos de los viajeros que,$ES_PL,El alguacil encerró a los caballos de los viajeros que MASKTOKEN junto al puente.,0.6302556653810861,0.5533632087920495
11,Spanish,Cuetos_Mitchell,low,pl,0,1,al caballo,de los viajeros,caballo,viajeros,El alguacil encerró al caballo de los viajeros que MASKTOKEN junto al puente.,El alguacil encerró al caballo de los viajeros que,$ES_PL,El alguacil encerró al caballo de los viajeros que MASKTOKEN junto al puente.,0.7486877013020563,0.4451884175034593
11,Spanish,Cuetos_Mitchell,high,pl,0,1,a los caballos,del viajero,caballos,viajero,El alguacil encerró a los caballos del viajero que MASKTOKEN junto al puente.,El alguacil encerró a los caballos del viajero que,$ES_PL,El alguacil encerró a los caballos del viajero que MASKTOKEN junto al puente.,0.29216201187826996,0.45835248124762984
12,Spanish,Cuetos_Mitchell,ambi,sg,0,1,el juguete,del chico,juguete,chico,La anciana observaba el juguete del chico que MASKTOKEN encima de la cama.,La anciana observaba el juguete del chico que,$ES_SG,La anciana observaba el juguete del chico que MASKTOKEN encima de la cama.,0.6093841637401394,0.6843911902515174
12,Spanish,Cuetos_Mitchell,low,sg,0,1,los juguetes,del chico,juguetes,chico,La anciana observaba los juguetes del chico que MASKTOKEN encima de la cama.,La anciana observaba los juguetes del chico que,$ES_SG,La anciana observaba los juguetes del chico que MASKTOKEN encima de la cama.,0.4201237382474132,0.02214617626087545
12,Spanish,Cuetos_Mitchell,high,sg,0,1,el juguete,de los chicos,juguete,chicos,La anciana observaba el juguete de los chicos que MASKTOKEN encima de la cama.,La anciana observaba el juguete de los chicos que,$ES_SG,La anciana observaba el juguete de los chicos que MASKTOKEN encima de la cama.,0.4833833887532016,0.01207582907964877
12,Spanish,Cuetos_Mitchell,ambi,pl,0,1,los juguetes,de los chicos,juguetes,chicos,La anciana observaba los juguetes de los chicos que MASKTOKEN encima de la cama.,La anciana observaba los juguetes de los chicos que,$ES_PL,La anciana observaba los juguetes de los chicos que MASKTOKEN encima de la cama.,0.6050792532690596,0.7178290170203852
12,Spanish,Cuetos_Mitchell,low,pl,0,1,el juguete,de los chicos,juguete,chicos,La anciana observaba el juguete de los chicos que MASKTOKEN encima de la cama.,La anciana observaba el juguete de los chicos que,$ES_PL,La anciana observaba el juguete de los chicos que MASKTOKEN encima de la cama.,0.08114151899948302,0.7136032391339953
12,Spanish,Cuetos_Mitchell,high,pl,0,1,los juguetes,del chico,juguetes,chico,La anciana observaba los juguetes del chico que MASKTOKEN encima de la cama.,La anciana observaba los juguetes del chico que,$ES_PL,La anciana observaba los juguetes del chico que MASKTOKEN encima de la cama.,0.17385307672317932,0.6931313810865589
13,Spanish,Cuetos_Mitchell,ambi,sg,0,1,a la hija,del comandante,hija,comandante,El periodista entrevistó a la hija del comandante que MASKTOKEN el accidente.,El periodista entrevistó a la hija del comandante que,$ES_SG,El periodista entrevistó a la hija del comandante que MASKTOKEN el accidente.,0.6453378068350029,0.21244281394794484
13,Spanish,Cuetos_Mitchell,low,sg,0,1,a las hijas,del comandante,hijas,comandante,El periodista entrevistó a las hijas del comandante que MASKTOKEN el accidente.,El periodista entrevistó a las hijas del comandante que,$ES_SG,El periodista entrevistó a las hijas del comandante que MASKTOKEN el accidente.,0.5220962667006322,0.0378801483486626
13,Spanish,Cuetos_Mitchell,high,sg,0,1,a la hija,de los comandantes,hija,comandantes,El periodista entrevistó a la hija de los comandantes que MASKTOKEN el accidente.,El periodista entrevistó a la hija de los comandantes que,$ES_SG,El periodista entrevistó a la hija de los comandantes que MASKTOKEN el accidente.,0.005030429626237912,0.0569212671639292
13,Spanish,Cuetos_Mitchell,ambi,pl,0,1,a las hijas,de los comandantes,hijas,comandantes,El periodista entrevistó a las hijas de los comandantes que MASKTOKEN el accidente.,El periodista entrevistó a las hijas de los comandantes que,$ES_PL,El periodista entrevistó a las hijas de los comandantes que MASKTOKEN el accidente.,0.09939707750836993,0.2826103390352075
13,Spanish,Cuetos_Mitchell,low,pl,0,1,a la hija,de los comandantes,hija,comandantes,El periodista entrevistó a la hija de los comandantes que MASKTOKEN el accidente.,El periodista entrevistó a la hija de los comandantes que,$ES_PL,El periodista entrevistó a la hija de los comandantes que MASKTOKEN el accidente.,0.13770307854940578,0.1436437126292689
13,Spanish,Cuetos_Mitchell,high,pl,0,1,a las hijas,del comandante,hijas,comandante,El periodista entrevistó a las hijas del comandante que MASKTOKEN el accidente.,El periodista entrevistó a las hijas del comandante que,$ES_PL,El periodista entrevistó a las hijas del comandante que MASKTOKEN el accidente.,0.00797784043830494,0.14021910770435086
14,Spanish,Cuetos_Mitchell,ambi,sg,1,1,la maleta,del viajero,maleta,viajero,El campesino contemplaba la maleta del viajero que MASKTOKEN bajo un árbol.,El campesino contemplaba la maleta del viajero que,$ES_SG,El campesino contemplaba la maleta del viajero que MASKTOKEN bajo un árbol.,0.4563796759382175,0.6865241003247107
14,Spanish,Cuetos_Mitchell,low,sg,1,1,las maletas,del viajero,maletas,viajero,El campesino contemplaba las maletas del viajero que MASKTOKEN bajo un árbol.,El campesino contemplaba las maletas del viajero que,$ES_SG,El campesino contemplaba las maletas del viajero que MASKTOKEN bajo un árbol.,0.27815276509667264,0.4539553400751828
14,Spanish,Cuetos_Mitchell,high,sg,1,1,la maleta,de los viajeros,maleta,viajeros,El campesino contemplaba la maleta de los viajeros que MASKTOKEN bajo un árbol.,El campesino contemplaba la maleta de los viajeros que,$ES_SG,El campesino contemplaba la maleta de los viajeros que MASKTOKEN bajo un árbol.,0.04691220069899771,0.016563954179740215
14,Spanish,Cuetos_Mitchell,ambi,pl,1,1,las maletas,de los viajeros,maletas,viajeros,El campesino contemplaba las maletas de los viajeros que MASKTOKEN bajo un árbol.,El campesino contemplaba las maletas de los viajeros que,$ES_PL,El campesino contemplaba las maletas de los viajeros que MASKTOKEN bajo un árbol.,0.7227424617786213,0.9843704898276329
14,Spanish,Cuetos_Mitchell,low,pl,1,1,la maleta,de los viajeros,maleta,viajeros,El campesino contemplaba la maleta de los viajeros que MASKTOKEN bajo un árbol.,El campesino contemplaba la maleta de los viajeros que,$ES_PL,El campesino contemplaba la maleta de los viajeros que MASKTOKEN bajo un árbol.,0.7485541590676306,0.8748542024405221
14,Spanish,Cuetos_Mitchell,high,pl,1,1,las maletas,del viajero,maletas,viajero,El campesino contemplaba las maletas del viajero que MASKTOKEN bajo un árbol.,El campesino contemplaba las maletas del viajero que,$ES_PL,El campesino contemplaba las maletas del viajero que MASKTOKEN bajo un árbol.,0.04645549745327465,0.2753911880287916
15,Spanish,Cuetos_Mitchell,ambi,sg,0,0,la caja,del soldado,caja,soldado,La gente observaba la caja del soldado que MASKTOKEN en el andén.,La gente observaba la caja del soldado que,$ES_SG,La gente observaba la caja del soldado que MASKTOKEN en el andén.,0.5173961503005984,0.4598402692418233
15,Spanish,Cuetos_Mitchell,low,sg,0,0,las cajas,del soldado,cajas,soldado,La gente observaba las cajas del soldado que MASKTOKEN en el andén.,La gente observaba las cajas del soldado que,$ES_SG,La gente observaba las cajas del soldado que MASKTOKEN en el andén.,0.4429512082010163,0.058950927107041196
15,Spanish,Cuetos_Mitchell,high,sg,0,0,la caja,de los soldados,caja,soldados,La gente observaba la caja de los soldados que MASKTOKEN en el andén.,La gente observaba la caja de los soldados que,$ES_SG,La gente observaba la caja de los soldados que MASKTOKEN en el andén.,0.05333722061397794,0.06045749024026037
15,Spanish,Cuetos_Mitchell,ambi,pl,0,0,las cajas,de los soldados,cajas,soldados,La gente observaba las cajas de los soldados que MASKTOKEN en el andén.,La gente observaba las cajas de los soldados que,$ES_PL,La gente observaba las cajas de los soldados que MASKTOKEN en el andén.,0.6939674005963585,0.622508641226716
15,Spanish,Cuetos_Mitchell,low,pl,0,0,la caja,de los soldados,caja,soldados,La gente observaba la caja de los soldados que MASKTOKEN en el andén.,La gente observaba la caja de los soldados que,$ES_PL,La gente observaba la caja de los soldados que MASKTOKEN en el andén.,0.6000970499970055,0.5649020697202616
15,Spanish,Cuetos_Mitchell,high,pl,0,0,las cajas,del soldado,cajas,soldado,La gente observaba las cajas del soldado que MASKTOKEN en el andén.,La gente observaba las cajas del soldado que,$ES_PL,La gente observaba las cajas del soldado que MASKTOKEN en el andén.,0.0979257056438314,0.5213476938498616
16,Spanish,Cuetos_Mitchell,ambi,sg,0,1,al perro,del vendedor,perro,vendedor,Luis atropelló al perro del vendedor que viene a MASKTOKEN barrio.,Luis atropelló al perro del vendedor que viene a,$ES_SG,Luis atropelló al perro del vendedor que viene a MASKTOKEN barrio.,0.0015765441340322497,0.004665012129153379
16,Spanish,Cuetos_Mitchell,low,sg,0,1,a los perros,del vendedor,perros,vendedor,Luis atropelló a los perros del vendedor que viene a MASKTOKEN barrio.,Luis atropelló a los perros del vendedor que viene a,$ES_SG,Luis atropelló a los perros del vendedor que viene a MASKTOKEN barrio.,0.0012968848410055064,0.004135727431985092
16,Spanish,Cuetos_Mitchell,high,sg,0,1,al perro,de los vendedores,perro,vendedores,Luis atropelló al perro de los vendedores que viene a MASKTOKEN barrio.,Luis atropelló al perro de los vendedores que viene a,$ES_SG,Luis atropelló al perro de los vendedores que viene a MASKTOKEN barrio.,0.0008358791175130109,0.003702942364283146
16,Spanish,Cuetos_Mitchell,ambi,pl,0,1,a los perros,de los vendedores,perros,vendedores,Luis atropelló a los perros de los vendedores que viene a MASKTOKEN barrio.,Luis atropelló a los perros de los vendedores que viene a,$ES_PL,Luis atropelló a los perros de los vendedores que viene a MASKTOKEN barrio.,9.98197102492944e-05,0.0009413540776950224
16,Spanish,Cuetos_Mitchell,low,pl,0,1,al perro,de los vendedores,perro,vendedores,Luis atropelló al perro de los vendedores que viene a MASKTOKEN barrio.,Luis atropelló al perro de los vendedores que viene a,$ES_PL,Luis atropelló al perro de los vendedores que viene a MASKTOKEN barrio.,0.00012947247816237628,0.00035783061257538273
16,Spanish,Cuetos_Mitchell,high,pl,0,1,a los perros,del vendedor,perros,vendedor,Luis atropelló a los perros del vendedor que viene a MASKTOKEN barrio.,Luis atropelló a los perros del vendedor que viene a,$ES_PL,Luis atropelló a los perros del vendedor que viene a MASKTOKEN barrio.,9.940925153598557e-05,0.000607304642423756
17,Spanish,Cuetos_Mitchell,ambi,sg,1,1,la prima,del obrero,prima,obrero,Andrés cenó ayer con la prima del obrero que MASKTOKEN en partido comunista.,Andrés cenó ayer con la prima del obrero que,$ES_SG,Andrés cenó ayer con la prima del obrero que MASKTOKEN en partido comunista.,0.26688862465721463,0.3624200476491666
17,Spanish,Cuetos_Mitchell,low,sg,1,1,las primas,del obrero,primas,obrero,Andrés cenó ayer con las primas del obrero que MASKTOKEN en partido comunista.,Andrés cenó ayer con las primas del obrero que,$ES_SG,Andrés cenó ayer con las primas del obrero que MASKTOKEN en partido comunista.,0.2980527802173958,0.07545176236788365
17,Spanish,Cuetos_Mitchell,high,sg,1,1,la prima,de los obreros,prima,obreros,Andrés cenó ayer con la prima de los obreros que MASKTOKEN en partido comunista.,Andrés cenó ayer con la prima de los obreros que,$ES_SG,Andrés cenó ayer con la prima de los obreros que MASKTOKEN en partido comunista.,0.023350031844920016,0.05492322950466999
17,Spanish,Cuetos_Mitchell,ambi,pl,1,1,las primas,de los obreros,primas,obreros,Andrés cenó ayer con las primas de los obreros que MASKTOKEN en partido comunista.,Andrés cenó ayer con las primas de los obreros que,$ES_PL,Andrés cenó ayer con las primas de los obreros que MASKTOKEN en partido comunista.,0.49081971831865445,0.6020220053114969
17,Spanish,Cuetos_Mitchell,low,pl,1,1,la prima,de los obreros,prima,obreros,Andrés cenó ayer con la prima de los obreros que MASKTOKEN en partido comunista.,Andrés cenó ayer con la prima de los obreros que,$ES_PL,Andrés cenó ayer con la prima de los obreros que MASKTOKEN en partido comunista.,0.35230501290222804,0.5366117120108669
17,Spanish,Cuetos_Mitchell,high,pl,1,1,las primas,del obrero,primas,obrero,Andrés cenó ayer con las primas del obrero que MASKTOKEN en partido comunista.,Andrés cenó ayer con las primas del obrero que,$ES_PL,Andrés cenó ayer con las primas del obrero que MASKTOKEN en partido comunista.,0.0024394271888424704,0.516950423701644
18,Spanish,Cuetos_Mitchell,ambi,sg,0,0,al gato,de la francesa,gato,francesa,Jorge acariciaba al gato de la francesa que MASKTOKEN en la fuente.,Jorge acariciaba al gato de la francesa que,$ES_SG,Jorge acariciaba al gato de la francesa que MASKTOKEN en la fuente.,0.5246175485646758,0.6103349790200525
18,Spanish,Cuetos_Mitchell,low,sg,0,0,a los gatos,de la francesa,gatos,francesa,Jorge acariciaba a los gatos de la francesa que MASKTOKEN en la fuente.,Jorge acariciaba a los gatos de la francesa que,$ES_SG,Jorge acariciaba a los gatos de la francesa que MASKTOKEN en la fuente.,0.21401196259946964,0.010177397668527988
18,Spanish,Cuetos_Mitchell,high,sg,0,0,al gato,de las francesas,gato,francesas,Jorge acariciaba al gato de las francesas que MASKTOKEN en la fuente.,Jorge acariciaba al gato de las francesas que,$ES_SG,Jorge acariciaba al gato de las francesas que MASKTOKEN en la fuente.,0.0686654301608769,0.24109462369790435
18,Spanish,Cuetos_Mitchell,ambi,pl,0,0,a los gatos,de las francesas,gatos,francesas,Jorge acariciaba a los gatos de las francesas que MASKTOKEN en la fuente.,Jorge acariciaba a los gatos de las francesas que,$ES_PL,Jorge acariciaba a los gatos de las francesas que MASKTOKEN en la fuente.,0.5528269650628737,0.6315323126105952
18,Spanish,Cuetos_Mitchell,low,pl,0,0,al gato,de las francesas,gato,francesas,Jorge acariciaba al gato de las francesas que MASKTOKEN en la fuente.,Jorge acariciaba al gato de las francesas que,$ES_PL,Jorge acariciaba al gato de las francesas que MASKTOKEN en la fuente.,0.5783732682249001,0.3756065023517863
18,Spanish,Cuetos_Mitchell,high,pl,0,0,a los gatos,de la francesa,gatos,francesa,Jorge acariciaba a los gatos de la francesa que MASKTOKEN en la fuente.,Jorge acariciaba a los gatos de la francesa que,$ES_PL,Jorge acariciaba a los gatos de la francesa que MASKTOKEN en la fuente.,0.3454854341276672,0.6340522792753447
19,Spanish,Cuetos_Mitchell,ambi,sg,0,0,al hermano,del cura,hermano,cura,Marta saludó al hermano del cura que MASKTOKEN en el colegio.,Marta saludó al hermano del cura que,$ES_SG,Marta saludó al hermano del cura que MASKTOKEN en el colegio.,0.4419841499141981,0.4382190682896976
19,Spanish,Cuetos_Mitchell,low,sg,0,0,a los hermanos,del cura,hermanos,cura,Marta saludó a los hermanos del cura que MASKTOKEN en el colegio.,Marta saludó a los hermanos del cura que,$ES_SG,Marta saludó a los hermanos del cura que MASKTOKEN en el colegio.,0.13441964191646338,0.0058582629161021416
19,Spanish,Cuetos_Mitchell,high,sg,0,0,al hermano,de los curas,hermano,curas,Marta saludó al hermano de los curas que MASKTOKEN en el colegio.,Marta saludó al hermano de los curas que,$ES_SG,Marta saludó al hermano de los curas que MASKTOKEN en el colegio.,0.12475456096546367,0.018891195878019573
19,Spanish,Cuetos_Mitchell,ambi,pl,0,0,a los hermanos,de los curas,hermanos,curas,Marta saludó a los hermanos de los curas que MASKTOKEN en el colegio.,Marta saludó a los hermanos de los curas que,$ES_PL,Marta saludó a los hermanos de los curas que MASKTOKEN en el colegio.,0.4853261826239912,0.5470262695027657
19,Spanish,Cuetos_Mitchell,low,pl,0,0,al hermano,de los curas,hermano,curas,Marta saludó al hermano de los curas que MASKTOKEN en el colegio.,Marta saludó al hermano de los curas que,$ES_PL,Marta saludó al hermano de los curas que MASKTOKEN en el colegio.,0.5139225542830488,0.543687815917032
19,Spanish,Cuetos_Mitchell,high,pl,0,0,a los hermanos,del cura,hermanos,cura,Marta saludó a los hermanos del cura que MASKTOKEN en el colegio.,Marta saludó a los hermanos del cura que,$ES_PL,Marta saludó a los hermanos del cura que MASKTOKEN en el colegio.,0.45826430999444767,0.6081121304060009
20,Spanish,Cuetos_Mitchell,ambi,sg,0,0,la maleta,del estudiante,maleta,estudiante,El detective fotografió la maleta del estudiante que MASKTOKEN en la terraza.,El detective fotografió la maleta del estudiante que,$ES_SG,El detective fotografió la maleta del estudiante que MASKTOKEN en la terraza.,0.5995675274181722,0.5281213157444427
20,Spanish,Cuetos_Mitchell,low,sg,0,0,las maletas,del estudiante,maletas,estudiante,El detective fotografió las maletas del estudiante que MASKTOKEN en la terraza.,El detective fotografió las maletas del estudiante que,$ES_SG,El detective fotografió las maletas del estudiante que MASKTOKEN en la terraza.,0.6459851186338532,0.35965503836353463
20,Spanish,Cuetos_Mitchell,high,sg,0,0,la maleta,de los estudiantes,maleta,estudiantes,El detective fotografió la maleta de los estudiantes que MASKTOKEN en la terraza.,El detective fotografió la maleta de los estudiantes que,$ES_SG,El detective fotografió la maleta de los estudiantes que MASKTOKEN en la terraza.,0.04241881318854422,0.007729483857881192
20,Spanish,Cuetos_Mitchell,ambi,pl,0,0,las maletas,de los estudiantes,maletas,estudiantes,El detective fotografió las maletas de los estudiantes que MASKTOKEN en la terraza.,El detective fotografió las maletas de los estudiantes que,$ES_PL,El detective fotografió las maletas de los estudiantes que MASKTOKEN en la terraza.,0.6689921179782568,0.6115868023444193
20,Spanish,Cuetos_Mitchell,low,pl,0,0,la maleta,de los estudiantes,maleta,estudiantes,El detective fotografió la maleta de los estudiantes que MASKTOKEN en la terraza.,El detective fotografió la maleta de los estudiantes que,$ES_PL,El detective fotografió la maleta de los estudiantes que MASKTOKEN en la terraza.,0.6336750926909636,0.6177408448323618
20,Spanish,Cuetos_Mitchell,high,pl,0,0,las maletas,del estudiante,maletas,estudiante,El detective fotografió las maletas del estudiante que MASKTOKEN en la terraza.,El detective fotografió las maletas del estudiante que,$ES_PL,El detective fotografió las maletas del estudiante que MASKTOKEN en la terraza.,0.05439053597409127,0.1423875388845488
21,Spanish,Cuetos_Mitchell,ambi,sg,0,0,la prima,del vaquero,prima,vaquero,María discutió con la prima del vaquero que MASKTOKEN en Argentina.,María discutió con la prima del vaquero que,$ES_SG,María discutió con la prima del vaquero que MASKTOKEN en Argentina.,0.8170351247243337,0.48734831272361134
21,Spanish,Cuetos_Mitchell,low,sg,0,0,las primas,del vaquero,primas,vaquero,María discutió con las primas del vaquero que MASKTOKEN en Argentina.,María discutió con las primas del vaquero que,$ES_SG,María discutió con las primas del vaquero que MASKTOKEN en Argentina.,0.7292285210588982,0.05319089393895382
21,Spanish,Cuetos_Mitchell,high,sg,0,0,la prima,de los vaqueros,prima,vaqueros,María discutió con la prima de los vaqueros que MASKTOKEN en Argentina.,María discutió con la prima de los vaqueros que,$ES_SG,María discutió con la prima de los vaqueros que MASKTOKEN en Argentina.,0.22610223957873643,0.46296225831092386
21,Spanish,Cuetos_Mitchell,ambi,pl,0,0,las primas,de los vaqueros,primas,vaqueros,María discutió con las primas de los vaqueros que MASKTOKEN en Argentina.,María discutió con las primas de los vaqueros que,$ES_PL,María discutió con las primas de los vaqueros que MASKTOKEN en Argentina.,0.7796889026906406,0.6214219030808437
21,Spanish,Cuetos_Mitchell,low,pl,0,0,la prima,de los vaqueros,prima,vaqueros,María discutió con la prima de los vaqueros que MASKTOKEN en Argentina.,María discutió con la prima de los vaqueros que,$ES_PL,María discutió con la prima de los vaqueros que MASKTOKEN en Argentina.,0.4728351107384583,0.07774904581343378
21,Spanish,Cuetos_Mitchell,high,pl,0,0,las primas,del vaquero,primas,vaquero,María discutió con las primas del vaquero que MASKTOKEN en Argentina.,María discutió con las primas del vaquero que,$ES_PL,María discutió con las primas del vaquero que MASKTOKEN en Argentina.,0.09824776416128556,0.571402283274189
22,Spanish,Cuetos_Mitchell,ambi,sg,1,0,de la chica,del maestro,chica,maestro,Los chicos se burlaron de la chica del maestro que MASKTOKEN en el parque.,Los chicos se burlaron de la chica del maestro que,$ES_SG,Los chicos se burlaron de la chica del maestro que MASKTOKEN en el parque.,0.6656842397816078,0.41452737887181
22,Spanish,Cuetos_Mitchell,low,sg,1,0,de las chicas,del maestro,chicas,maestro,Los chicos se burlaron de las chicas del maestro que MASKTOKEN en el parque.,Los chicos se burlaron de las chicas del maestro que,$ES_SG,Los chicos se burlaron de las chicas del maestro que MASKTOKEN en el parque.,0.24100022111678054,0.08692605528599628
22,Spanish,Cuetos_Mitchell,high,sg,1,0,de la chica,de los maestros,chica,maestros,Los chicos se burlaron de la chica de los maestros que MASKTOKEN en el parque.,Los chicos se burlaron de la chica de los maestros que,$ES_SG,Los chicos se burlaron de la chica de los maestros que MASKTOKEN en el parque.,0.5804033521025034,0.02807587749606988
22,Spanish,Cuetos_Mitchell,ambi,pl,1,0,de las chicas,de los maestros,chicas,maestros,Los chicos se burlaron de las chicas de los maestros que MASKTOKEN en el parque.,Los chicos se burlaron de las chicas de los maestros que,$ES_PL,Los chicos se burlaron de las chicas de los maestros que MASKTOKEN en el parque.,0.6390648757885842,0.5169726031870407
22,Spanish,Cuetos_Mitchell,low,pl,1,0,de la chica,de los maestros,chica,maestros,Los chicos se burlaron de la chica de los maestros que MASKTOKEN en el parque.,Los chicos se burlaron de la chica de los maestros que,$ES_PL,Los chicos se burlaron de la chica de los maestros que MASKTOKEN en el parque.,0.1099530409758307,0.45102289516914595
22,Spanish,Cuetos_Mitchell,high,pl,1,0,de las chicas,del maestro,chicas,maestro,Los chicos se burlaron de las chicas del maestro que MASKTOKEN en el parque.,Los chicos se burlaron de las chicas del maestro que,$ES_PL,Los chicos se burlaron de las chicas del maestro que MASKTOKEN en el parque.,0.4042332084990754,0.45020582404995935
23,Spanish,Cuetos_Mitchell,ambi,sg,1,1,el esclavo,del rey,esclavo,rey,Mi madre discutió con el esclavo del rey que MASKTOKEN de casa.,Mi madre discutió con el esclavo del rey que,$ES_SG,Mi madre discutió con el esclavo del rey que MASKTOKEN de casa.,0.73922594548026,0.6075088232590815
23,Spanish,Cuetos_Mitchell,low,sg,1,1,los esclavos,del rey,esclavos,rey,Mi madre discutió con los esclavos del rey que MASKTOKEN de casa.,Mi madre discutió con los esclavos del rey que,$ES_SG,Mi madre discutió con los esclavos del rey que MASKTOKEN de casa.,0.008309634781229636,0.04212875682557993
23,Spanish,Cuetos_Mitchell,high,sg,1,1,el esclavo,de los reyes,esclavo,reyes,Mi madre discutió con el esclavo de los reyes que MASKTOKEN de casa.,Mi madre discutió con el esclavo de los reyes que,$ES_SG,Mi madre discutió con el esclavo de los reyes que MASKTOKEN de casa.,0.3588046311620888,0.1762049593113204
23,Spanish,Cuetos_Mitchell,ambi,pl,1,1,los esclavos,de los reyes,esclavos,reyes,Mi madre discutió con los esclavos de los reyes que MASKTOKEN de casa.,Mi madre discutió con los esclavos de los reyes que,$ES_PL,Mi madre discutió con los esclavos de los reyes que MASKTOKEN de casa.,0.6645812333608165,0.6357415182751538
23,Spanish,Cuetos_Mitchell,low,pl,1,1,el esclavo,de los reyes,esclavo,reyes,Mi madre discutió con el esclavo de los reyes que MASKTOKEN de casa.,Mi madre discutió con el esclavo de los reyes que,$ES_PL,Mi madre discutió con el esclavo de los reyes que MASKTOKEN de casa.,0.14067329096604547,0.35820615866452954
23,Spanish,Cuetos_Mitchell,high,pl,1,1,los esclavos,del rey,esclavos,rey,Mi madre discutió con los esclavos del rey que MASKTOKEN de casa.,Mi madre discutió con los esclavos del rey que,$ES_PL,Mi madre discutió con los esclavos del rey que MASKTOKEN de casa.,0.5188723360576253,0.6557830260856576
24,Spanish,Cuetos_Mitchell,ambi,sg,0,0,al hijo,del doctor,hijo,doctor,Esta tarde he visto al hijo del doctor que MASKTOKEN en nuestra casa.,Esta tarde he visto al hijo del doctor que,$ES_SG,Esta tarde he visto al hijo del doctor que MASKTOKEN en nuestra casa.,0.6871697093191835,0.5938726481884373
24,Spanish,Cuetos_Mitchell,low,sg,0,0,a los hijos,del doctor,hijos,doctor,Esta tarde he visto a los hijos del doctor que MASKTOKEN en nuestra casa.,Esta tarde he visto a los hijos del doctor que,$ES_SG,Esta tarde he visto a los hijos del doctor que MASKTOKEN en nuestra casa.,0.19604432328300592,0.187949677980896
24,Spanish,Cuetos_Mitchell,high,sg,0,0,al hijo,de los doctores,hijo,doctores,Esta tarde he visto al hijo de los doctores que MASKTOKEN en nuestra casa.,Esta tarde he visto al hijo de los doctores que,$ES_SG,Esta tarde he visto al hijo de los doctores que MASKTOKEN en nuestra casa.,0.08854955672496417,0.011508375366670265
24,Spanish,Cuetos_Mitchell,ambi,pl,0,0,a los hijos,de los doctores,hijos,doctores,Esta tarde he visto a los hijos de los doctores que MASKTOKEN en nuestra casa.,Esta tarde he visto a los hijos de los doctores que,$ES_PL,Esta tarde he visto a los hijos de los doctores que MASKTOKEN en nuestra casa.,0.7447919708735355,0.5082743425000444
24,Spanish,Cuetos_Mitchell,low,pl,0,0,al hijo,de los doctores,hijo,doctores,Esta tarde he visto al hijo de los doctores que MASKTOKEN en nuestra casa.,Esta tarde he visto al hijo de los doctores que,$ES_PL,Esta tarde he visto al hijo de los doctores que MASKTOKEN en nuestra casa.,0.6274183188990521,0.5425888485271386
24,Spanish,Cuetos_Mitchell,high,pl,0,0,a los hijos,del doctor,hijos,doctor,Esta tarde he visto a los hijos del doctor que MASKTOKEN en nuestra casa.,Esta tarde he visto a los hijos del doctor que,$ES_PL,Esta tarde he visto a los hijos del doctor que MASKTOKEN en nuestra casa.,0.520144949473283,0.3614632845557253
