item,lang,exp,AttachType,verbNum,N1_changed,N2_changed,N1_full,N2_full,N1,N2,mask_sents,auto_sents,target,sent,/data/bert-base-uncased_prob,/data/roberta-base_prob
1a,English,Fernandez,ambi,sg,1,0,the relative,of the teacher,relative,teacher,Andrew had dinner yesterday with the relative of the teacher that MASKTOKEN divorced.,Andrew had dinner yesterday with the relative of the teacher that,$SG,Andrew had dinner yesterday with the relative of the teacher that MASKTOKEN divorced.,0.38439655993152266,0.23463865073947013
1a,English,Fernandez,low,sg,1,0,the relatives,of the teacher,relatives,teacher,Andrew had dinner yesterday with the relatives of the teacher that MASKTOKEN divorced.,Andrew had dinner yesterday with the relatives of the teacher that,$SG,Andrew had dinner yesterday with the relatives of the teacher that MASKTOKEN divorced.,0.25871807210504383,0.14565989610628147
1a,English,Fernandez,high,sg,1,0,the relative,of the teachers,relative,teachers,Andrew had dinner yesterday with the relative of the teachers that MASKTOKEN divorced.,Andrew had dinner yesterday with the relative of the teachers that,$SG,Andrew had dinner yesterday with the relative of the teachers that MASKTOKEN divorced.,0.012222666437781138,0.14274164843084164
1a,English,Fernandez,ambi,pl,1,0,the relatives,of the teachers,relatives,teachers,Andrew had dinner yesterday with the relatives of the teachers that MASKTOKEN divorced.,Andrew had dinner yesterday with the relatives of the teachers that,$PL,Andrew had dinner yesterday with the relatives of the teachers that MASKTOKEN divorced.,0.46540993065042147,0.25271718895905343
1a,English,Fernandez,low,pl,1,0,the relative,of the teachers,relative,teachers,Andrew had dinner yesterday with the relative of the teachers that MASKTOKEN divorced.,Andrew had dinner yesterday with the relative of the teachers that,$PL,Andrew had dinner yesterday with the relative of the teachers that MASKTOKEN divorced.,0.39883362707892855,0.14708369081845057
1a,English,Fernandez,high,pl,1,0,the relatives,of the teacher,relatives,teacher,Andrew had dinner yesterday with the relatives of the teacher that MASKTOKEN divorced.,Andrew had dinner yesterday with the relatives of the teacher that,$PL,Andrew had dinner yesterday with the relatives of the teacher that MASKTOKEN divorced.,0.09840561841923745,0.0027051494990590653
2a,English,Fernandez,ambi,sg,0,1,the coach,of the athlete,coach,athlete,The journalist interviewed the coach of the athlete that MASKTOKEN sick.,The journalist interviewed the coach of the athlete that,$SG,The journalist interviewed the coach of the athlete that MASKTOKEN sick.,0.7615285591891915,0.4910214064051164
2a,English,Fernandez,low,sg,0,1,the coaches,of the athlete,coaches,athlete,The journalist interviewed the coaches of the athlete that MASKTOKEN sick.,The journalist interviewed the coaches of the athlete that,$SG,The journalist interviewed the coaches of the athlete that MASKTOKEN sick.,0.7873143486764043,0.505264304061416
2a,English,Fernandez,high,sg,0,1,the coach,of the athletes,coach,athletes,The journalist interviewed the coach of the athletes that MASKTOKEN sick.,The journalist interviewed the coach of the athletes that,$SG,The journalist interviewed the coach of the athletes that MASKTOKEN sick.,0.008620230111037297,0.008759531599365478
2a,English,Fernandez,ambi,pl,0,1,the coaches,of the athletes,coaches,athletes,The journalist interviewed the coaches of the athletes that MASKTOKEN sick.,The journalist interviewed the coaches of the athletes that,$PL,The journalist interviewed the coaches of the athletes that MASKTOKEN sick.,0.840696741867041,0.43433140409110826
2a,English,Fernandez,low,pl,0,1,the coach,of the athletes,coach,athletes,The journalist interviewed the coach of the athletes that MASKTOKEN sick.,The journalist interviewed the coach of the athletes that,$PL,The journalist interviewed the coach of the athletes that MASKTOKEN sick.,0.8050572305749085,0.45179996036663816
2a,English,Fernandez,high,pl,0,1,the coaches,of the athlete,coaches,athlete,The journalist interviewed the coaches of the athlete that MASKTOKEN sick.,The journalist interviewed the coaches of the athlete that,$PL,The journalist interviewed the coaches of the athlete that MASKTOKEN sick.,0.009451568630263835,0.008777852151993469
3a,English,Fernandez,ambi,sg,0,1,the secretary,of the clerk,secretary,clerk,The personnel manager was observing the secretary of the clerk that MASKTOKEN studying.,The personnel manager was observing the secretary of the clerk that,$SG,The personnel manager was observing the secretary of the clerk that MASKTOKEN studying.,0.93561576006797,0.8695518083406518
3a,English,Fernandez,low,sg,0,1,the secretaries,of the clerk,secretaries,clerk,The personnel manager was observing the secretaries of the clerk that MASKTOKEN studying.,The personnel manager was observing the secretaries of the clerk that,$SG,The personnel manager was observing the secretaries of the clerk that MASKTOKEN studying.,0.0770739248651437,0.4740493849978996
3a,English,Fernandez,high,sg,0,1,the secretary,of the clerks,secretary,clerks,The personnel manager was observing the secretary of the clerks that MASKTOKEN studying.,The personnel manager was observing the secretary of the clerks that,$SG,The personnel manager was observing the secretary of the clerks that MASKTOKEN studying.,0.40050720662968214,0.38244371415937106
3a,English,Fernandez,ambi,pl,0,1,the secretaries,of the clerks,secretaries,clerks,The personnel manager was observing the secretaries of the clerks that MASKTOKEN studying.,The personnel manager was observing the secretaries of the clerks that,$PL,The personnel manager was observing the secretaries of the clerks that MASKTOKEN studying.,0.980144853717717,0.8246263802169891
3a,English,Fernandez,low,pl,0,1,the secretary,of the clerks,secretary,clerks,The personnel manager was observing the secretary of the clerks that MASKTOKEN studying.,The personnel manager was observing the secretary of the clerks that,$PL,The personnel manager was observing the secretary of the clerks that MASKTOKEN studying.,0.5747083796847325,0.5542029680667708
3a,English,Fernandez,high,pl,0,1,the secretaries,of the clerk,secretaries,clerk,The personnel manager was observing the secretaries of the clerk that MASKTOKEN studying.,The personnel manager was observing the secretaries of the clerk that,$PL,The personnel manager was observing the secretaries of the clerk that MASKTOKEN studying.,0.8988635918252954,0.41837382692253594
4a,English,Fernandez,ambi,sg,0,0,the secretary,of the lawyer,secretary,lawyer,Julia had spoken to the secretary of the lawyer that MASKTOKEN on vacation.,Julia had spoken to the secretary of the lawyer that,$SG,Julia had spoken to the secretary of the lawyer that MASKTOKEN on vacation.,0.9430737957564038,0.9396287021158967
4a,English,Fernandez,low,sg,0,0,the secretaries,of the lawyer,secretaries,lawyer,Julia had spoken to the secretaries of the lawyer that MASKTOKEN on vacation.,Julia had spoken to the secretaries of the lawyer that,$SG,Julia had spoken to the secretaries of the lawyer that MASKTOKEN on vacation.,0.9405383959458208,0.5212478819899184
4a,English,Fernandez,high,sg,0,0,the secretary,of the lawyers,secretary,lawyers,Julia had spoken to the secretary of the lawyers that MASKTOKEN on vacation.,Julia had spoken to the secretary of the lawyers that,$SG,Julia had spoken to the secretary of the lawyers that MASKTOKEN on vacation.,0.3728854931402498,0.5057343701266981
4a,English,Fernandez,ambi,pl,0,0,the secretaries,of the lawyers,secretaries,lawyers,Julia had spoken to the secretaries of the lawyers that MASKTOKEN on vacation.,Julia had spoken to the secretaries of the lawyers that,$PL,Julia had spoken to the secretaries of the lawyers that MASKTOKEN on vacation.,0.961992709175755,0.9165862464095336
4a,English,Fernandez,low,pl,0,0,the secretary,of the lawyers,secretary,lawyers,Julia had spoken to the secretary of the lawyers that MASKTOKEN on vacation.,Julia had spoken to the secretary of the lawyers that,$PL,Julia had spoken to the secretary of the lawyers that MASKTOKEN on vacation.,0.5710377330147454,0.42491437500281826
4a,English,Fernandez,high,pl,0,0,the secretaries,of the lawyer,secretaries,lawyer,Julia had spoken to the secretaries of the lawyer that MASKTOKEN on vacation.,Julia had spoken to the secretaries of the lawyer that,$PL,Julia had spoken to the secretaries of the lawyer that MASKTOKEN on vacation.,0.03091343673509006,0.4033272173903103
5a,English,Fernandez,ambi,sg,1,0,the assistant,of the detective,assistant,detective,My friend met the assistant of the detective that MASKTOKEN fired.,My friend met the assistant of the detective that,$SG,My friend met the assistant of the detective that MASKTOKEN fired.,0.5323564869471641,0.462983399688773
5a,English,Fernandez,low,sg,1,0,the assistants,of the detective,assistants,detective,My friend met the assistants of the detective that MASKTOKEN fired.,My friend met the assistants of the detective that,$SG,My friend met the assistants of the detective that MASKTOKEN fired.,0.5000815889866101,0.5071948798093291
5a,English,Fernandez,high,sg,1,0,the assistant,of the detectives,assistant,detectives,My friend met the assistant of the detectives that MASKTOKEN fired.,My friend met the assistant of the detectives that,$SG,My friend met the assistant of the detectives that MASKTOKEN fired.,0.3228411309390668,0.24373099309668075
5a,English,Fernandez,ambi,pl,1,0,the assistants,of the detectives,assistants,detectives,My friend met the assistants of the detectives that MASKTOKEN fired.,My friend met the assistants of the detectives that,$PL,My friend met the assistants of the detectives that MASKTOKEN fired.,0.594196375737075,0.5431503133186557
5a,English,Fernandez,low,pl,1,0,the assistant,of the detectives,assistant,detectives,My friend met the assistant of the detectives that MASKTOKEN fired.,My friend met the assistant of the detectives that,$PL,My friend met the assistant of the detectives that MASKTOKEN fired.,0.1781034839595883,0.20167727908657174
5a,English,Fernandez,high,pl,1,0,the assistants,of the detective,assistants,detective,My friend met the assistants of the detective that MASKTOKEN fired.,My friend met the assistants of the detective that,$PL,My friend met the assistants of the detective that MASKTOKEN fired.,0.015369512468382585,0.008846282143245059
6a,English,Fernandez,ambi,sg,1,0,the employee,of the ambassador,employee,ambassador,Charlie met the employee of the ambassador that MASKTOKEN eating.,Charlie met the employee of the ambassador that,$SG,Charlie met the employee of the ambassador that MASKTOKEN eating.,0.8728989165681973,0.8919095855078872
6a,English,Fernandez,low,sg,1,0,the employees,of the ambassador,employees,ambassador,Charlie met the employees of the ambassador that MASKTOKEN eating.,Charlie met the employees of the ambassador that,$SG,Charlie met the employees of the ambassador that MASKTOKEN eating.,0.03175128057159583,0.17009703515374336
6a,English,Fernandez,high,sg,1,0,the employee,of the ambassadors,employee,ambassadors,Charlie met the employee of the ambassadors that MASKTOKEN eating.,Charlie met the employee of the ambassadors that,$SG,Charlie met the employee of the ambassadors that MASKTOKEN eating.,0.48676746294670337,0.9003272985644282
6a,English,Fernandez,ambi,pl,1,0,the employees,of the ambassadors,employees,ambassadors,Charlie met the employees of the ambassadors that MASKTOKEN eating.,Charlie met the employees of the ambassadors that,$PL,Charlie met the employees of the ambassadors that MASKTOKEN eating.,0.9359804908808517,0.8941416131685906
6a,English,Fernandez,low,pl,1,0,the employee,of the ambassadors,employee,ambassadors,Charlie met the employee of the ambassadors that MASKTOKEN eating.,Charlie met the employee of the ambassadors that,$PL,Charlie met the employee of the ambassadors that MASKTOKEN eating.,0.41654658768733877,0.03193504693917545
6a,English,Fernandez,high,pl,1,0,the employees,of the ambassador,employees,ambassador,Charlie met the employees of the ambassador that MASKTOKEN eating.,Charlie met the employees of the ambassador that,$PL,Charlie met the employees of the ambassador that MASKTOKEN eating.,0.8861439856519833,0.7556828206230788
7a,English,Fernandez,ambi,sg,0,0,the review,of the poem,review,poem,Roxanne read the review of the poem that MASKTOKEN unfinished.,Roxanne read the review of the poem that,$SG,Roxanne read the review of the poem that MASKTOKEN unfinished.,0.48864203495175584,0.7948599923398388
7a,English,Fernandez,low,sg,0,0,the reviews,of the poem,reviews,poem,Roxanne read the reviews of the poem that MASKTOKEN unfinished.,Roxanne read the reviews of the poem that,$SG,Roxanne read the reviews of the poem that MASKTOKEN unfinished.,0.17046769682290203,0.28368414266124065
7a,English,Fernandez,high,sg,0,0,the review,of the poems,review,poems,Roxanne read the review of the poems that MASKTOKEN unfinished.,Roxanne read the review of the poems that,$SG,Roxanne read the review of the poems that MASKTOKEN unfinished.,0.008034802258598428,0.0027180618843398435
7a,English,Fernandez,ambi,pl,0,0,the reviews,of the poems,reviews,poems,Roxanne read the reviews of the poems that MASKTOKEN unfinished.,Roxanne read the reviews of the poems that,$PL,Roxanne read the reviews of the poems that MASKTOKEN unfinished.,0.43434843145082147,0.8101607518062592
7a,English,Fernandez,low,pl,0,0,the review,of the poems,review,poems,Roxanne read the review of the poems that MASKTOKEN unfinished.,Roxanne read the review of the poems that,$PL,Roxanne read the review of the poems that MASKTOKEN unfinished.,0.5125366015570434,0.9063748009594603
7a,English,Fernandez,high,pl,0,0,the reviews,of the poem,reviews,poem,Roxanne read the reviews of the poem that MASKTOKEN unfinished.,Roxanne read the reviews of the poem that,$PL,Roxanne read the reviews of the poem that MASKTOKEN unfinished.,0.2594751748978044,0.5576525670808801
8a,English,Fernandez,ambi,sg,0,0,the pipe,of the sink,pipe,sink,The plumber adjusted the pipe of the sink that MASKTOKEN cracked.,The plumber adjusted the pipe of the sink that,$SG,The plumber adjusted the pipe of the sink that MASKTOKEN cracked.,0.37741150626564823,0.4894738801848002
8a,English,Fernandez,low,sg,0,0,the pipes,of the sink,pipes,sink,The plumber adjusted the pipes of the sink that MASKTOKEN cracked.,The plumber adjusted the pipes of the sink that,$SG,The plumber adjusted the pipes of the sink that MASKTOKEN cracked.,0.0066140120574271904,0.03610157932626425
8a,English,Fernandez,high,sg,0,0,the pipe,of the sinks,pipe,sinks,The plumber adjusted the pipe of the sinks that MASKTOKEN cracked.,The plumber adjusted the pipe of the sinks that,$SG,The plumber adjusted the pipe of the sinks that MASKTOKEN cracked.,0.01793945519435544,0.14744763213819928
8a,English,Fernandez,ambi,pl,0,0,the pipes,of the sinks,pipes,sinks,The plumber adjusted the pipes of the sinks that MASKTOKEN cracked.,The plumber adjusted the pipes of the sinks that,$PL,The plumber adjusted the pipes of the sinks that MASKTOKEN cracked.,0.4744731994029554,0.6308716431641953
8a,English,Fernandez,low,pl,0,0,the pipe,of the sinks,pipe,sinks,The plumber adjusted the pipe of the sinks that MASKTOKEN cracked.,The plumber adjusted the pipe of the sinks that,$PL,The plumber adjusted the pipe of the sinks that MASKTOKEN cracked.,0.323293623680584,0.40436626381334845
8a,English,Fernandez,high,pl,0,0,the pipes,of the sink,pipes,sink,The plumber adjusted the pipes of the sink that MASKTOKEN cracked.,The plumber adjusted the pipes of the sink that,$PL,The plumber adjusted the pipes of the sink that MASKTOKEN cracked.,0.4971903143700264,0.5681627161689157
9a,English,Fernandez,ambi,sg,0,1,the wire,of the speaker,wire,speaker,Mary replaced the wire of the speaker that MASKTOKEN damaged.,Mary replaced the wire of the speaker that,$SG,Mary replaced the wire of the speaker that MASKTOKEN damaged.,0.926070443842659,0.9214376606791426
9a,English,Fernandez,low,sg,0,1,the wires,of the speaker,wires,speaker,Mary replaced the wires of the speaker that MASKTOKEN damaged.,Mary replaced the wires of the speaker that,$SG,Mary replaced the wires of the speaker that MASKTOKEN damaged.,0.021333413595723404,0.08893006192987887
9a,English,Fernandez,high,sg,0,1,the wire,of the speakers,wire,speakers,Mary replaced the wire of the speakers that MASKTOKEN damaged.,Mary replaced the wire of the speakers that,$SG,Mary replaced the wire of the speakers that MASKTOKEN damaged.,0.08767869206420342,0.39008079723508887
9a,English,Fernandez,ambi,pl,0,1,the wires,of the speakers,wires,speakers,Mary replaced the wires of the speakers that MASKTOKEN damaged.,Mary replaced the wires of the speakers that,$PL,Mary replaced the wires of the speakers that MASKTOKEN damaged.,0.9614514597681064,0.9444623109539456
9a,English,Fernandez,low,pl,0,1,the wire,of the speakers,wire,speakers,Mary replaced the wire of the speakers that MASKTOKEN damaged.,Mary replaced the wire of the speakers that,$PL,Mary replaced the wire of the speakers that MASKTOKEN damaged.,0.8675309422081587,0.5326804606963459
9a,English,Fernandez,high,pl,0,1,the wires,of the speaker,wires,speaker,Mary replaced the wires of the speaker that MASKTOKEN damaged.,Mary replaced the wires of the speaker that,$PL,Mary replaced the wires of the speaker that MASKTOKEN damaged.,0.9435524604078868,0.868597351008636
10a,English,Fernandez,ambi,sg,0,0,the recording,of the song,recording,song,My brother liked listening to the recording of the song that MASKTOKEN banned.,My brother liked listening to the recording of the song that,$SG,My brother liked listening to the recording of the song that MASKTOKEN banned.,0.848155024569336,0.8252556343334646
10a,English,Fernandez,low,sg,0,0,the recordings,of the song,recordings,song,My brother liked listening to the recordings of the song that MASKTOKEN banned.,My brother liked listening to the recordings of the song that,$SG,My brother liked listening to the recordings of the song that MASKTOKEN banned.,0.03920332249025196,0.8189003736737979
10a,English,Fernandez,high,sg,0,0,the recording,of the songs,recording,songs,My brother liked listening to the recording of the songs that MASKTOKEN banned.,My brother liked listening to the recording of the songs that,$SG,My brother liked listening to the recording of the songs that MASKTOKEN banned.,0.030688396094272985,0.014985584308829188
10a,English,Fernandez,ambi,pl,0,0,the recordings,of the songs,recordings,songs,My brother liked listening to the recordings of the songs that MASKTOKEN banned.,My brother liked listening to the recordings of the songs that,$PL,My brother liked listening to the recordings of the songs that MASKTOKEN banned.,0.9058380383680208,0.9427850295104973
10a,English,Fernandez,low,pl,0,0,the recording,of the songs,recording,songs,My brother liked listening to the recording of the songs that MASKTOKEN banned.,My brother liked listening to the recording of the songs that,$PL,My brother liked listening to the recording of the songs that MASKTOKEN banned.,0.8635259261262966,0.9386354213076583
10a,English,Fernandez,high,pl,0,0,the recordings,of the song,recordings,song,My brother liked listening to the recordings of the song that MASKTOKEN banned.,My brother liked listening to the recordings of the song that,$PL,My brother liked listening to the recordings of the song that MASKTOKEN banned.,0.8393275748518927,0.04467395021185543
11a,English,Fernandez,ambi,sg,1,1,the cover,of the pot,cover,pot,The chef couldn’t find the cover of the pot that MASKTOKEN clean.,The chef couldn’t find the cover of the pot that,$SG,The chef couldn’t find the cover of the pot that MASKTOKEN clean.,0.7547768354030744,0.8631362958401225
11a,English,Fernandez,low,sg,1,1,the covers,of the pot,covers,pot,The chef couldn’t find the covers of the pot that MASKTOKEN clean.,The chef couldn’t find the covers of the pot that,$SG,The chef couldn’t find the covers of the pot that MASKTOKEN clean.,0.12891171819649858,0.05777371153877285
11a,English,Fernandez,high,sg,1,1,the cover,of the pots,cover,pots,The chef couldn’t find the cover of the pots that MASKTOKEN clean.,The chef couldn’t find the cover of the pots that,$SG,The chef couldn’t find the cover of the pots that MASKTOKEN clean.,0.022292513920973745,0.5718348024724417
11a,English,Fernandez,ambi,pl,1,1,the covers,of the pots,covers,pots,The chef couldn’t find the covers of the pots that MASKTOKEN clean.,The chef couldn’t find the covers of the pots that,$PL,The chef couldn’t find the covers of the pots that MASKTOKEN clean.,0.8309923538063931,0.8984578735262866
11a,English,Fernandez,low,pl,1,1,the cover,of the pots,cover,pots,The chef couldn’t find the cover of the pots that MASKTOKEN clean.,The chef couldn’t find the cover of the pots that,$PL,The chef couldn’t find the cover of the pots that MASKTOKEN clean.,0.7237783523449492,0.3030437747938165
11a,English,Fernandez,high,pl,1,1,the covers,of the pot,covers,pot,The chef couldn’t find the covers of the pot that MASKTOKEN clean.,The chef couldn’t find the covers of the pot that,$PL,The chef couldn’t find the covers of the pot that MASKTOKEN clean.,0.6472478343563308,0.8437882673093151
12a,English,Fernandez,ambi,sg,0,1,the key,of the car,key,car,The thief took the key of the car that MASKTOKEN outside.,The thief took the key of the car that,$SG,The thief took the key of the car that MASKTOKEN outside.,0.24999080088896336,0.9226861761075716
12a,English,Fernandez,low,sg,0,1,the keys,of the car,keys,car,The thief took the keys of the car that MASKTOKEN outside.,The thief took the keys of the car that,$SG,The thief took the keys of the car that MASKTOKEN outside.,0.25817776518956637,0.9170730918700141
12a,English,Fernandez,high,sg,0,1,the key,of the cars,key,cars,The thief took the key of the cars that MASKTOKEN outside.,The thief took the key of the cars that,$SG,The thief took the key of the cars that MASKTOKEN outside.,0.0009691012162751644,0.015987866456228517
12a,English,Fernandez,ambi,pl,0,1,the keys,of the cars,keys,cars,The thief took the keys of the cars that MASKTOKEN outside.,The thief took the keys of the cars that,$PL,The thief took the keys of the cars that MASKTOKEN outside.,0.37207408602230907,0.8916174990791227
12a,English,Fernandez,low,pl,0,1,the key,of the cars,key,cars,The thief took the key of the cars that MASKTOKEN outside.,The thief took the key of the cars that,$PL,The thief took the key of the cars that MASKTOKEN outside.,0.27512716385277436,0.8526528501816579
12a,English,Fernandez,high,pl,0,1,the keys,of the car,keys,car,The thief took the keys of the car that MASKTOKEN outside.,The thief took the keys of the car that,$PL,The thief took the keys of the car that MASKTOKEN outside.,0.0067740550001434766,0.005580092403914801
13a,English,Fernandez,ambi,sg,0,0,the daughter,of the hostage,daughter,hostage,The journalist was unable to interview the daughter of the hostage that MASKTOKEN waiting.,The journalist was unable to interview the daughter of the hostage that,$SG,The journalist was unable to interview the daughter of the hostage that MASKTOKEN waiting.,0.9877724343870522,0.9777427905625244
13a,English,Fernandez,low,sg,0,0,the daughters,of the hostage,daughters,hostage,The journalist was unable to interview the daughters of the hostage that MASKTOKEN waiting.,The journalist was unable to interview the daughters of the hostage that,$SG,The journalist was unable to interview the daughters of the hostage that MASKTOKEN waiting.,0.912506543277547,0.5461563284485725
13a,English,Fernandez,high,sg,0,0,the daughter,of the hostages,daughter,hostages,The journalist was unable to interview the daughter of the hostages that MASKTOKEN waiting.,The journalist was unable to interview the daughter of the hostages that,$SG,The journalist was unable to interview the daughter of the hostages that MASKTOKEN waiting.,0.0516893222739216,0.764401816044036
13a,English,Fernandez,ambi,pl,0,0,the daughters,of the hostages,daughters,hostages,The journalist was unable to interview the daughters of the hostages that MASKTOKEN waiting.,The journalist was unable to interview the daughters of the hostages that,$PL,The journalist was unable to interview the daughters of the hostages that MASKTOKEN waiting.,0.9704851671112587,0.9820618448553848
13a,English,Fernandez,low,pl,0,0,the daughter,of the hostages,daughter,hostages,The journalist was unable to interview the daughter of the hostages that MASKTOKEN waiting.,The journalist was unable to interview the daughter of the hostages that,$PL,The journalist was unable to interview the daughter of the hostages that MASKTOKEN waiting.,0.9301689869356748,0.22085790748497425
13a,English,Fernandez,high,pl,0,0,the daughters,of the hostage,daughters,hostage,The journalist was unable to interview the daughters of the hostage that MASKTOKEN waiting.,The journalist was unable to interview the daughters of the hostage that,$PL,The journalist was unable to interview the daughters of the hostage that MASKTOKEN waiting.,0.06789634979287537,0.4394392001756615
14a,English,Fernandez,ambi,sg,0,0,the teacher,of the student,teacher,student,Patricia saw the teacher of the student that MASKTOKEN in class.,Patricia saw the teacher of the student that,$SG,Patricia saw the teacher of the student that MASKTOKEN in class.,0.5769958725694968,0.7168264471716534
14a,English,Fernandez,low,sg,0,0,the teachers,of the student,teachers,student,Patricia saw the teachers of the student that MASKTOKEN in class.,Patricia saw the teachers of the student that,$SG,Patricia saw the teachers of the student that MASKTOKEN in class.,0.47340970517835235,0.7715894010145211
14a,English,Fernandez,high,sg,0,0,the teacher,of the students,teacher,students,Patricia saw the teacher of the students that MASKTOKEN in class.,Patricia saw the teacher of the students that,$SG,Patricia saw the teacher of the students that MASKTOKEN in class.,0.025853392725009416,0.08078017117463603
14a,English,Fernandez,ambi,pl,0,0,the teachers,of the students,teachers,students,Patricia saw the teachers of the students that MASKTOKEN in class.,Patricia saw the teachers of the students that,$PL,Patricia saw the teachers of the students that MASKTOKEN in class.,0.6695747725857714,0.9062162989855321
14a,English,Fernandez,low,pl,0,0,the teacher,of the students,teacher,students,Patricia saw the teacher of the students that MASKTOKEN in class.,Patricia saw the teacher of the students that,$PL,Patricia saw the teacher of the students that MASKTOKEN in class.,0.6643106591905001,0.7452874052508484
14a,English,Fernandez,high,pl,0,0,the teachers,of the student,teachers,student,Patricia saw the teachers of the student that MASKTOKEN in class.,Patricia saw the teachers of the student that,$PL,Patricia saw the teachers of the student that MASKTOKEN in class.,0.06779595358251012,0.03394373331087959
15a,English,Fernandez,ambi,sg,0,0,the manager,of the assistant,manager,assistant,Linda wrote to the manager of the assistant that MASKTOKEN late.,Linda wrote to the manager of the assistant that,$SG,Linda wrote to the manager of the assistant that MASKTOKEN late.,0.7655272151676004,0.6075256747577081
15a,English,Fernandez,low,sg,0,0,the managers,of the assistant,managers,assistant,Linda wrote to the managers of the assistant that MASKTOKEN late.,Linda wrote to the managers of the assistant that,$SG,Linda wrote to the managers of the assistant that MASKTOKEN late.,0.6528731451954031,0.48493079044943793
15a,English,Fernandez,high,sg,0,0,the manager,of the assistants,manager,assistants,Linda wrote to the manager of the assistants that MASKTOKEN late.,Linda wrote to the manager of the assistants that,$SG,Linda wrote to the manager of the assistants that MASKTOKEN late.,0.7619749707618826,0.35975828932376697
15a,English,Fernandez,ambi,pl,0,0,the managers,of the assistants,managers,assistants,Linda wrote to the managers of the assistants that MASKTOKEN late.,Linda wrote to the managers of the assistants that,$PL,Linda wrote to the managers of the assistants that MASKTOKEN late.,0.22369428009943926,0.5235663121783076
15a,English,Fernandez,low,pl,0,0,the manager,of the assistants,manager,assistants,Linda wrote to the manager of the assistants that MASKTOKEN late.,Linda wrote to the manager of the assistants that,$PL,Linda wrote to the manager of the assistants that MASKTOKEN late.,0.03166682656679909,0.2422923470048422
15a,English,Fernandez,high,pl,0,0,the managers,of the assistant,managers,assistant,Linda wrote to the managers of the assistant that MASKTOKEN late.,Linda wrote to the managers of the assistant that,$PL,Linda wrote to the managers of the assistant that MASKTOKEN late.,0.02534974143218416,0.05291881791152704
16a,English,Fernandez,ambi,sg,0,0,the guide,of the tourist,guide,tourist,The hotel director didn’t want to see the guide of the tourist that MASKTOKEN angry.,The hotel director didn’t want to see the guide of the tourist that,$SG,The hotel director didn’t want to see the guide of the tourist that MASKTOKEN angry.,0.7608580832239074,0.7966325957738399
16a,English,Fernandez,low,sg,0,0,the guides,of the tourist,guides,tourist,The hotel director didn’t want to see the guides of the tourist that MASKTOKEN angry.,The hotel director didn’t want to see the guides of the tourist that,$SG,The hotel director didn’t want to see the guides of the tourist that MASKTOKEN angry.,0.5272702881309912,0.7713750547778324
16a,English,Fernandez,high,sg,0,0,the guide,of the tourists,guide,tourists,The hotel director didn’t want to see the guide of the tourists that MASKTOKEN angry.,The hotel director didn’t want to see the guide of the tourists that,$SG,The hotel director didn’t want to see the guide of the tourists that MASKTOKEN angry.,0.062026968189071316,0.21547951493692813
16a,English,Fernandez,ambi,pl,0,0,the guides,of the tourists,guides,tourists,The hotel director didn’t want to see the guides of the tourists that MASKTOKEN angry.,The hotel director didn’t want to see the guides of the tourists that,$PL,The hotel director didn’t want to see the guides of the tourists that MASKTOKEN angry.,0.7365328178141125,0.8332692582452521
16a,English,Fernandez,low,pl,0,0,the guide,of the tourists,guide,tourists,The hotel director didn’t want to see the guide of the tourists that MASKTOKEN angry.,The hotel director didn’t want to see the guide of the tourists that,$PL,The hotel director didn’t want to see the guide of the tourists that MASKTOKEN angry.,0.6636995179204719,0.6415081268613334
16a,English,Fernandez,high,pl,0,0,the guides,of the tourist,guides,tourist,The hotel director didn’t want to see the guides of the tourist that MASKTOKEN angry.,The hotel director didn’t want to see the guides of the tourist that,$PL,The hotel director didn’t want to see the guides of the tourist that MASKTOKEN angry.,0.22272741213977942,0.0635842109273826
17a,English,Fernandez,ambi,sg,0,0,the client,of the lawyer,client,lawyer,The receptionist greeted the client of the lawyer that MASKTOKEN chatting.,The receptionist greeted the client of the lawyer that,$SG,The receptionist greeted the client of the lawyer that MASKTOKEN chatting.,0.930259697309257,0.9232866977654169
17a,English,Fernandez,low,sg,0,0,the clients,of the lawyer,clients,lawyer,The receptionist greeted the clients of the lawyer that MASKTOKEN chatting.,The receptionist greeted the clients of the lawyer that,$SG,The receptionist greeted the clients of the lawyer that MASKTOKEN chatting.,0.05127956594897357,0.5505680080024712
17a,English,Fernandez,high,sg,0,0,the client,of the lawyers,client,lawyers,The receptionist greeted the client of the lawyers that MASKTOKEN chatting.,The receptionist greeted the client of the lawyers that,$SG,The receptionist greeted the client of the lawyers that MASKTOKEN chatting.,0.12066155251143224,0.4221834126744346
17a,English,Fernandez,ambi,pl,0,0,the clients,of the lawyers,clients,lawyers,The receptionist greeted the clients of the lawyers that MASKTOKEN chatting.,The receptionist greeted the clients of the lawyers that,$PL,The receptionist greeted the clients of the lawyers that MASKTOKEN chatting.,0.9710182071991917,0.9179951657689833
17a,English,Fernandez,low,pl,0,0,the client,of the lawyers,client,lawyers,The receptionist greeted the client of the lawyers that MASKTOKEN chatting.,The receptionist greeted the client of the lawyers that,$PL,The receptionist greeted the client of the lawyers that MASKTOKEN chatting.,0.8372694923167491,0.538825654283542
17a,English,Fernandez,high,pl,0,0,the clients,of the lawyer,clients,lawyer,The receptionist greeted the clients of the lawyer that MASKTOKEN chatting.,The receptionist greeted the clients of the lawyer that,$PL,The receptionist greeted the clients of the lawyer that MASKTOKEN chatting.,0.8885103238066011,0.3957023003923429
18a,English,Fernandez,ambi,sg,1,0,the guard,of the ambassador,guard,ambassador,Nobody noticed the guard of the ambassador that MASKTOKEN hiding.,Nobody noticed the guard of the ambassador that,$SG,Nobody noticed the guard of the ambassador that MASKTOKEN hiding.,0.9669665176356688,0.9242679229659624
18a,English,Fernandez,low,sg,1,0,the guards,of the ambassador,guards,ambassador,Nobody noticed the guards of the ambassador that MASKTOKEN hiding.,Nobody noticed the guards of the ambassador that,$SG,Nobody noticed the guards of the ambassador that MASKTOKEN hiding.,0.05875216539658792,0.5204630062263681
18a,English,Fernandez,high,sg,1,0,the guard,of the ambassadors,guard,ambassadors,Nobody noticed the guard of the ambassadors that MASKTOKEN hiding.,Nobody noticed the guard of the ambassadors that,$SG,Nobody noticed the guard of the ambassadors that MASKTOKEN hiding.,0.1658724470131228,0.5184777692876767
18a,English,Fernandez,ambi,pl,1,0,the guards,of the ambassadors,guards,ambassadors,Nobody noticed the guards of the ambassadors that MASKTOKEN hiding.,Nobody noticed the guards of the ambassadors that,$PL,Nobody noticed the guards of the ambassadors that MASKTOKEN hiding.,0.9734821879289152,0.8497327318716809
18a,English,Fernandez,low,pl,1,0,the guard,of the ambassadors,guard,ambassadors,Nobody noticed the guard of the ambassadors that MASKTOKEN hiding.,Nobody noticed the guard of the ambassadors that,$PL,Nobody noticed the guard of the ambassadors that MASKTOKEN hiding.,0.807725398586141,0.44640205449871384
18a,English,Fernandez,high,pl,1,0,the guards,of the ambassador,guards,ambassador,Nobody noticed the guards of the ambassador that MASKTOKEN hiding.,Nobody noticed the guards of the ambassador that,$PL,Nobody noticed the guards of the ambassador that MASKTOKEN hiding.,0.9144016476020794,0.4399019677690482
19a,English,Fernandez,ambi,sg,0,0,the son,of the delegate,son,delegate,Ivana met the son of the delegate that MASKTOKEN smoking.,Ivana met the son of the delegate that,$SG,Ivana met the son of the delegate that MASKTOKEN smoking.,0.6770116961057722,0.8009516846218627
19a,English,Fernandez,low,sg,0,0,the sons,of the delegate,sons,delegate,Ivana met the sons of the delegate that MASKTOKEN smoking.,Ivana met the sons of the delegate that,$SG,Ivana met the sons of the delegate that MASKTOKEN smoking.,0.14232484738466655,0.5306638976252869
19a,English,Fernandez,high,sg,0,0,the son,of the delegates,son,delegates,Ivana met the son of the delegates that MASKTOKEN smoking.,Ivana met the son of the delegates that,$SG,Ivana met the son of the delegates that MASKTOKEN smoking.,0.20902978207772233,0.39082322464262487
19a,English,Fernandez,ambi,pl,0,0,the sons,of the delegates,sons,delegates,Ivana met the sons of the delegates that MASKTOKEN smoking.,Ivana met the sons of the delegates that,$PL,Ivana met the sons of the delegates that MASKTOKEN smoking.,0.7711000190630796,0.6760702723966895
19a,English,Fernandez,low,pl,0,0,the son,of the delegates,son,delegates,Ivana met the son of the delegates that MASKTOKEN smoking.,Ivana met the son of the delegates that,$PL,Ivana met the son of the delegates that MASKTOKEN smoking.,0.5891329763238942,0.3055389969527105
19a,English,Fernandez,high,pl,0,0,the sons,of the delegate,sons,delegate,Ivana met the sons of the delegate that MASKTOKEN smoking.,Ivana met the sons of the delegate that,$PL,Ivana met the sons of the delegate that MASKTOKEN smoking.,0.5705149030793686,0.29490409943599594
20a,English,Fernandez,ambi,sg,1,0,the replacement,of the pen,replacement,pen,Lisa couldn’t find the replacement of the pen that MASKTOKEN on sale.,Lisa couldn’t find the replacement of the pen that,$SG,Lisa couldn’t find the replacement of the pen that MASKTOKEN on sale.,0.951218018155171,0.9264936431872027
20a,English,Fernandez,low,sg,1,0,the replacements,of the pen,replacements,pen,Lisa couldn’t find the replacements of the pen that MASKTOKEN on sale.,Lisa couldn’t find the replacements of the pen that,$SG,Lisa couldn’t find the replacements of the pen that MASKTOKEN on sale.,0.7802411930919089,0.07201275125908352
20a,English,Fernandez,high,sg,1,0,the replacement,of the pens,replacement,pens,Lisa couldn’t find the replacement of the pens that MASKTOKEN on sale.,Lisa couldn’t find the replacement of the pens that,$SG,Lisa couldn’t find the replacement of the pens that MASKTOKEN on sale.,0.002514801449708663,0.1954051383087714
20a,English,Fernandez,ambi,pl,1,0,the replacements,of the pens,replacements,pens,Lisa couldn’t find the replacements of the pens that MASKTOKEN on sale.,Lisa couldn’t find the replacements of the pens that,$PL,Lisa couldn’t find the replacements of the pens that MASKTOKEN on sale.,0.9654689451919951,0.9498724816409239
20a,English,Fernandez,low,pl,1,0,the replacement,of the pens,replacement,pens,Lisa couldn’t find the replacement of the pens that MASKTOKEN on sale.,Lisa couldn’t find the replacement of the pens that,$PL,Lisa couldn’t find the replacement of the pens that MASKTOKEN on sale.,0.9559972262668439,0.7624202823275411
20a,English,Fernandez,high,pl,1,0,the replacements,of the pen,replacements,pen,Lisa couldn’t find the replacements of the pen that MASKTOKEN on sale.,Lisa couldn’t find the replacements of the pen that,$PL,Lisa couldn’t find the replacements of the pen that MASKTOKEN on sale.,0.16160131761192822,0.8616725177336637
21a,English,Fernandez,ambi,sg,0,0,the revision,of the manuscript,revision,manuscript,The student read the revision of the manuscript that MASKTOKEN on the test.,The student read the revision of the manuscript that,$SG,The student read the revision of the manuscript that MASKTOKEN on the test.,0.6303057355919786,0.22787665743569233
21a,English,Fernandez,low,sg,0,0,the revisions,of the manuscript,revisions,manuscript,The student read the revisions of the manuscript that MASKTOKEN on the test.,The student read the revisions of the manuscript that,$SG,The student read the revisions of the manuscript that MASKTOKEN on the test.,0.11795884068672485,0.05189013414644638
21a,English,Fernandez,high,sg,0,0,the revision,of the manuscripts,revision,manuscripts,The student read the revision of the manuscripts that MASKTOKEN on the test.,The student read the revision of the manuscripts that,$SG,The student read the revision of the manuscripts that MASKTOKEN on the test.,0.017758048725325576,0.024805961419441074
21a,English,Fernandez,ambi,pl,0,0,the revisions,of the manuscripts,revisions,manuscripts,The student read the revisions of the manuscripts that MASKTOKEN on the test.,The student read the revisions of the manuscripts that,$PL,The student read the revisions of the manuscripts that MASKTOKEN on the test.,0.5570651327427558,0.19160793313313376
21a,English,Fernandez,low,pl,0,0,the revision,of the manuscripts,revision,manuscripts,The student read the revision of the manuscripts that MASKTOKEN on the test.,The student read the revision of the manuscripts that,$PL,The student read the revision of the manuscripts that MASKTOKEN on the test.,0.6321042085496069,0.22245074803082843
21a,English,Fernandez,high,pl,0,0,the revisions,of the manuscript,revisions,manuscript,The student read the revisions of the manuscript that MASKTOKEN on the test.,The student read the revisions of the manuscript that,$PL,The student read the revisions of the manuscript that MASKTOKEN on the test.,0.4065716682801219,0.10146224877117895
22a,English,Fernandez,ambi,sg,0,0,the panel,of the box,panel,box,The archaeologists finally found the panel of the box that MASKTOKEN broken.,The archaeologists finally found the panel of the box that,$SG,The archaeologists finally found the panel of the box that MASKTOKEN broken.,0.9049885491950829,0.6901370037607998
22a,English,Fernandez,low,sg,0,0,the panels,of the box,panels,box,The archaeologists finally found the panels of the box that MASKTOKEN broken.,The archaeologists finally found the panels of the box that,$SG,The archaeologists finally found the panels of the box that MASKTOKEN broken.,0.023593085528724897,0.017731839210251565
22a,English,Fernandez,high,sg,0,0,the panel,of the boxes,panel,boxes,The archaeologists finally found the panel of the boxes that MASKTOKEN broken.,The archaeologists finally found the panel of the boxes that,$SG,The archaeologists finally found the panel of the boxes that MASKTOKEN broken.,0.5119488288113743,0.7135994454859944
22a,English,Fernandez,ambi,pl,0,0,the panels,of the boxes,panels,boxes,The archaeologists finally found the panels of the boxes that MASKTOKEN broken.,The archaeologists finally found the panels of the boxes that,$PL,The archaeologists finally found the panels of the boxes that MASKTOKEN broken.,0.8977026398418346,0.7599459389514489
22a,English,Fernandez,low,pl,0,0,the panel,of the boxes,panel,boxes,The archaeologists finally found the panel of the boxes that MASKTOKEN broken.,The archaeologists finally found the panel of the boxes that,$PL,The archaeologists finally found the panel of the boxes that MASKTOKEN broken.,0.3678786381234305,0.04390387872710274
22a,English,Fernandez,high,pl,0,0,the panels,of the box,panels,box,The archaeologists finally found the panels of the box that MASKTOKEN broken.,The archaeologists finally found the panels of the box that,$PL,The archaeologists finally found the panels of the box that MASKTOKEN broken.,0.878646397215698,0.692580294852551
23a,English,Fernandez,ambi,sg,0,0,the printer,of the computer,printer,computer,Harry had inspected the printer of the computer that MASKTOKEN stolen.,Harry had inspected the printer of the computer that,$SG,Harry had inspected the printer of the computer that MASKTOKEN stolen.,0.96118709791215,0.9585242305980516
23a,English,Fernandez,low,sg,0,0,the printers,of the computer,printers,computer,Harry had inspected the printers of the computer that MASKTOKEN stolen.,Harry had inspected the printers of the computer that,$SG,Harry had inspected the printers of the computer that MASKTOKEN stolen.,0.9638367662455818,0.9287284602985584
23a,English,Fernandez,high,sg,0,0,the printer,of the computers,printer,computers,Harry had inspected the printer of the computers that MASKTOKEN stolen.,Harry had inspected the printer of the computers that,$SG,Harry had inspected the printer of the computers that MASKTOKEN stolen.,0.014344174738358074,0.12726423060067868
23a,English,Fernandez,ambi,pl,0,0,the printers,of the computers,printers,computers,Harry had inspected the printers of the computers that MASKTOKEN stolen.,Harry had inspected the printers of the computers that,$PL,Harry had inspected the printers of the computers that MASKTOKEN stolen.,0.9657349390845507,0.9589764925847728
23a,English,Fernandez,low,pl,0,0,the printer,of the computers,printer,computers,Harry had inspected the printer of the computers that MASKTOKEN stolen.,Harry had inspected the printer of the computers that,$PL,Harry had inspected the printer of the computers that MASKTOKEN stolen.,0.9462791934795188,0.8352180009121599
23a,English,Fernandez,high,pl,0,0,the printers,of the computer,printers,computer,Harry had inspected the printers of the computer that MASKTOKEN stolen.,Harry had inspected the printers of the computer that,$PL,Harry had inspected the printers of the computer that MASKTOKEN stolen.,0.0073319534883099224,0.03097438295527573
24a,English,Fernandez,ambi,sg,0,0,the hall,of the apartment,hall,apartment,Susan admired the hall of the apartment that MASKTOKEN painted.,Susan admired the hall of the apartment that,$SG,Susan admired the hall of the apartment that MASKTOKEN painted.,0.47288918012048,0.3901648664556442
24a,English,Fernandez,low,sg,0,0,the halls,of the apartment,halls,apartment,Susan admired the halls of the apartment that MASKTOKEN painted.,Susan admired the halls of the apartment that,$SG,Susan admired the halls of the apartment that MASKTOKEN painted.,0.19432056907802076,0.36104965693865365
24a,English,Fernandez,high,sg,0,0,the hall,of the apartments,hall,apartments,Susan admired the hall of the apartments that MASKTOKEN painted.,Susan admired the hall of the apartments that,$SG,Susan admired the hall of the apartments that MASKTOKEN painted.,0.08977971373276916,0.35821486382177614
24a,English,Fernandez,ambi,pl,0,0,the halls,of the apartments,halls,apartments,Susan admired the halls of the apartments that MASKTOKEN painted.,Susan admired the halls of the apartments that,$PL,Susan admired the halls of the apartments that MASKTOKEN painted.,0.5741155685438537,0.5639357224139707
24a,English,Fernandez,low,pl,0,0,the hall,of the apartments,hall,apartments,Susan admired the hall of the apartments that MASKTOKEN painted.,Susan admired the hall of the apartments that,$PL,Susan admired the hall of the apartments that MASKTOKEN painted.,0.45997973906533396,0.2570891641681037
24a,English,Fernandez,high,pl,0,0,the halls,of the apartment,halls,apartment,Susan admired the halls of the apartment that MASKTOKEN painted.,Susan admired the halls of the apartment that,$PL,Susan admired the halls of the apartment that MASKTOKEN painted.,0.20768953856269334,0.07588122328772023
1,English,Cuetos_Mitchell,ambi,sg,0,0,the book,of the girl,book,girl,Peter was looking at the book of the girl that MASKTOKEN in the living room.,Peter was looking at the book of the girl that,$SG,Peter was looking at the book of the girl that MASKTOKEN in the living room.,0.20216093523292678,0.7323251624854806
1,English,Cuetos_Mitchell,low,sg,0,0,the books,of the girl,books,girl,Peter was looking at the books of the girl that MASKTOKEN in the living room.,Peter was looking at the books of the girl that,$SG,Peter was looking at the books of the girl that MASKTOKEN in the living room.,0.20147150559903942,0.25407332807595345
1,English,Cuetos_Mitchell,high,sg,0,0,the book,of the girls,book,girls,Peter was looking at the book of the girls that MASKTOKEN in the living room.,Peter was looking at the book of the girls that,$SG,Peter was looking at the book of the girls that MASKTOKEN in the living room.,0.1286775339401951,0.8271248859398787
1,English,Cuetos_Mitchell,ambi,pl,0,0,the books,of the girls,books,girls,Peter was looking at the books of the girls that MASKTOKEN in the living room.,Peter was looking at the books of the girls that,$PL,Peter was looking at the books of the girls that MASKTOKEN in the living room.,0.531357569884492,0.8587749314940925
1,English,Cuetos_Mitchell,low,pl,0,0,the book,of the girls,book,girls,Peter was looking at the book of the girls that MASKTOKEN in the living room.,Peter was looking at the book of the girls that,$PL,Peter was looking at the book of the girls that MASKTOKEN in the living room.,0.3100935595121763,0.040902818386144645
1,English,Cuetos_Mitchell,high,pl,0,0,the books,of the girl,books,girl,Peter was looking at the books of the girl that MASKTOKEN in the living room.,Peter was looking at the books of the girl that,$PL,Peter was looking at the books of the girl that MASKTOKEN in the living room.,0.016123257079565856,0.015284607312476488
2,English,Cuetos_Mitchell,ambi,sg,0,0,the servant,of the actress,servant,actress,Someone shot the servant of the actress who MASKTOKEN on the balcony.,Someone shot the servant of the actress who,$SG,Someone shot the servant of the actress who MASKTOKEN on the balcony.,0.7031913675755405,0.847325392577941
2,English,Cuetos_Mitchell,low,sg,0,0,the servants,of the actress,servants,actress,Someone shot the servants of the actress who MASKTOKEN on the balcony.,Someone shot the servants of the actress who,$SG,Someone shot the servants of the actress who MASKTOKEN on the balcony.,0.6492576419751724,0.20321037695962646
2,English,Cuetos_Mitchell,high,sg,0,0,the servant,of the actresses,servant,actresses,Someone shot the servant of the actresses who MASKTOKEN on the balcony.,Someone shot the servant of the actresses who,$SG,Someone shot the servant of the actresses who MASKTOKEN on the balcony.,0.019783449529319597,0.5167785550951352
2,English,Cuetos_Mitchell,ambi,pl,0,0,the servants,of the actresses,servants,actresses,Someone shot the servants of the actresses who MASKTOKEN on the balcony.,Someone shot the servants of the actresses who,$PL,Someone shot the servants of the actresses who MASKTOKEN on the balcony.,0.6290983470820878,0.8085587397203341
2,English,Cuetos_Mitchell,low,pl,0,0,the servant,of the actresses,servant,actresses,Someone shot the servant of the actresses who MASKTOKEN on the balcony.,Someone shot the servant of the actresses who,$PL,Someone shot the servant of the actresses who MASKTOKEN on the balcony.,0.7005403287098491,0.30938198218945967
2,English,Cuetos_Mitchell,high,pl,0,0,the servants,of the actress,servants,actress,Someone shot the servants of the actress who MASKTOKEN on the balcony.,Someone shot the servants of the actress who,$PL,Someone shot the servants of the actress who MASKTOKEN on the balcony.,0.01806604673016636,0.6311985981680364
3,English,Cuetos_Mitchell,ambi,sg,0,0,the friend,of the teacher,friend,teacher,John met the friend of the teacher who MASKTOKEN in Germany.,John met the friend of the teacher who,$SG,John met the friend of the teacher who MASKTOKEN in Germany.,0.376590484467714,0.5077502057143142
3,English,Cuetos_Mitchell,low,sg,0,0,the friends,of the teacher,friends,teacher,John met the friends of the teacher who MASKTOKEN in Germany.,John met the friends of the teacher who,$SG,John met the friends of the teacher who MASKTOKEN in Germany.,0.1692024593111725,0.045410296713615
3,English,Cuetos_Mitchell,high,sg,0,0,the friend,of the teachers,friend,teachers,John met the friend of the teachers who MASKTOKEN in Germany.,John met the friend of the teachers who,$SG,John met the friend of the teachers who MASKTOKEN in Germany.,0.018970819344972994,0.4435954016997344
3,English,Cuetos_Mitchell,ambi,pl,0,0,the friends,of the teachers,friends,teachers,John met the friends of the teachers who MASKTOKEN in Germany.,John met the friends of the teachers who,$PL,John met the friends of the teachers who MASKTOKEN in Germany.,0.16548323710743518,0.31988238503030847
3,English,Cuetos_Mitchell,low,pl,0,0,the friend,of the teachers,friend,teachers,John met the friend of the teachers who MASKTOKEN in Germany.,John met the friend of the teachers who,$PL,John met the friend of the teachers who MASKTOKEN in Germany.,0.24674326277576047,0.02748515827698948
3,English,Cuetos_Mitchell,high,pl,0,0,the friends,of the teacher,friends,teacher,John met the friends of the teacher who MASKTOKEN in Germany.,John met the friends of the teacher who,$PL,John met the friends of the teacher who MASKTOKEN in Germany.,0.07062243352837991,0.42328157256140037
4,English,Cuetos_Mitchell,ambi,sg,0,0,the case,of the tourist,case,tourist,A thief was keeping an eye on the case of the tourist that MASKTOKEN by the mailbox.,A thief was keeping an eye on the case of the tourist that,$SG,A thief was keeping an eye on the case of the tourist that MASKTOKEN by the mailbox.,0.031501000709564075,0.19289823464847716
4,English,Cuetos_Mitchell,low,sg,0,0,the cases,of the tourist,cases,tourist,A thief was keeping an eye on the cases of the tourist that MASKTOKEN by the mailbox.,A thief was keeping an eye on the cases of the tourist that,$SG,A thief was keeping an eye on the cases of the tourist that MASKTOKEN by the mailbox.,0.015248116431016562,0.09557113722554156
4,English,Cuetos_Mitchell,high,sg,0,0,the case,of the tourists,case,tourists,A thief was keeping an eye on the case of the tourists that MASKTOKEN by the mailbox.,A thief was keeping an eye on the case of the tourists that,$SG,A thief was keeping an eye on the case of the tourists that MASKTOKEN by the mailbox.,0.003601215372579958,0.007177642241063475
4,English,Cuetos_Mitchell,ambi,pl,0,0,the cases,of the tourists,cases,tourists,A thief was keeping an eye on the cases of the tourists that MASKTOKEN by the mailbox.,A thief was keeping an eye on the cases of the tourists that,$PL,A thief was keeping an eye on the cases of the tourists that MASKTOKEN by the mailbox.,0.02885794413716225,0.2946292581324692
4,English,Cuetos_Mitchell,low,pl,0,0,the case,of the tourists,case,tourists,A thief was keeping an eye on the case of the tourists that MASKTOKEN by the mailbox.,A thief was keeping an eye on the case of the tourists that,$PL,A thief was keeping an eye on the case of the tourists that MASKTOKEN by the mailbox.,0.04647279201116372,0.3845040252695118
4,English,Cuetos_Mitchell,high,pl,0,0,the cases,of the tourist,cases,tourist,A thief was keeping an eye on the cases of the tourist that MASKTOKEN by the mailbox.,A thief was keeping an eye on the cases of the tourist that,$PL,A thief was keeping an eye on the cases of the tourist that MASKTOKEN by the mailbox.,0.01621843074504903,0.20688103013900194
5,English,Cuetos_Mitchell,ambi,sg,1,0,the animal,of the peasant,animal,peasant,The tourist photographed the animal of the peasant that MASKTOKEN by the puddle.,The tourist photographed the animal of the peasant that,$SG,The tourist photographed the animal of the peasant that MASKTOKEN by the puddle.,0.08876016240173712,0.239755594737588
5,English,Cuetos_Mitchell,low,sg,1,0,the animals,of the peasant,animals,peasant,The tourist photographed the animals of the peasant that MASKTOKEN by the puddle.,The tourist photographed the animals of the peasant that,$SG,The tourist photographed the animals of the peasant that MASKTOKEN by the puddle.,0.024693360861236524,0.06589173790741701
5,English,Cuetos_Mitchell,high,sg,1,0,the animal,of the peasants,animal,peasants,The tourist photographed the animal of the peasants that MASKTOKEN by the puddle.,The tourist photographed the animal of the peasants that,$SG,The tourist photographed the animal of the peasants that MASKTOKEN by the puddle.,0.012107636408370537,0.12579574468913382
5,English,Cuetos_Mitchell,ambi,pl,1,0,the animals,of the peasants,animals,peasants,The tourist photographed the animals of the peasants that MASKTOKEN by the puddle.,The tourist photographed the animals of the peasants that,$PL,The tourist photographed the animals of the peasants that MASKTOKEN by the puddle.,0.06336462280276428,0.2622525590094196
5,English,Cuetos_Mitchell,low,pl,1,0,the animal,of the peasants,animal,peasants,The tourist photographed the animal of the peasants that MASKTOKEN by the puddle.,The tourist photographed the animal of the peasants that,$PL,The tourist photographed the animal of the peasants that MASKTOKEN by the puddle.,0.0844450138681051,0.15235746227122826
5,English,Cuetos_Mitchell,high,pl,1,0,the animals,of the peasant,animals,peasant,The tourist photographed the animals of the peasant that MASKTOKEN by the puddle.,The tourist photographed the animals of the peasant that,$PL,The tourist photographed the animals of the peasant that MASKTOKEN by the puddle.,0.11194620776748243,0.2354598884020899
6,English,Cuetos_Mitchell,ambi,sg,0,1,the sister,of the driver,sister,driver,The police arrested the sister of the driver who MASKTOKEN in Melilla.,The police arrested the sister of the driver who,$SG,The police arrested the sister of the driver who MASKTOKEN in Melilla.,0.6603327612052927,0.5101860933969782
6,English,Cuetos_Mitchell,low,sg,0,1,the sisters,of the driver,sisters,driver,The police arrested the sisters of the driver who MASKTOKEN in Melilla.,The police arrested the sisters of the driver who,$SG,The police arrested the sisters of the driver who MASKTOKEN in Melilla.,0.7330290220413518,0.49396889045825476
6,English,Cuetos_Mitchell,high,sg,0,1,the sister,of the driver,sister,driver,The police arrested the sister of the driver who MASKTOKEN in Melilla.,The police arrested the sister of the driver who,$SG,The police arrested the sister of the driver who MASKTOKEN in Melilla.,0.6603327612052927,0.5101860635946558
6,English,Cuetos_Mitchell,ambi,pl,0,1,the sisters,of the driver,sisters,driver,The police arrested the sisters of the driver who MASKTOKEN in Melilla.,The police arrested the sisters of the driver who,$PL,The police arrested the sisters of the driver who MASKTOKEN in Melilla.,0.004058210269581242,0.07274619532229655
6,English,Cuetos_Mitchell,low,pl,0,1,the sister,of the driver,sister,driver,The police arrested the sister of the driver who MASKTOKEN in Melilla.,The police arrested the sister of the driver who,$PL,The police arrested the sister of the driver who MASKTOKEN in Melilla.,0.00205602430432629,0.006153596450765139
6,English,Cuetos_Mitchell,high,pl,0,1,the sisters,of the driver,sisters,driver,The police arrested the sisters of the driver who MASKTOKEN in Melilla.,The police arrested the sisters of the driver who,$PL,The police arrested the sisters of the driver who MASKTOKEN in Melilla.,0.004058210269581242,0.07274620652224621
7,English,Cuetos_Mitchell,ambi,sg,1,0,the medicine,of the patient,medicine,patient,The nurse took the medicine of the patient that MASKTOKEN by the window.,The nurse took the medicine of the patient that,$SG,The nurse took the medicine of the patient that MASKTOKEN by the window.,0.12245281726644419,0.6541640631994493
7,English,Cuetos_Mitchell,low,sg,1,0,the medicines,of the patient,medicines,patient,The nurse took the medicines of the patient that MASKTOKEN by the window.,The nurse took the medicines of the patient that,$SG,The nurse took the medicines of the patient that MASKTOKEN by the window.,0.12779369607982966,0.6462031995303019
7,English,Cuetos_Mitchell,high,sg,1,0,the medicine,of the patients,medicine,patients,The nurse took the medicine of the patients that MASKTOKEN by the window.,The nurse took the medicine of the patients that,$SG,The nurse took the medicine of the patients that MASKTOKEN by the window.,0.006554109745439657,0.020217217710255593
7,English,Cuetos_Mitchell,ambi,pl,1,0,the medicines,of the patients,medicines,patients,The nurse took the medicines of the patients that MASKTOKEN by the window.,The nurse took the medicines of the patients that,$PL,The nurse took the medicines of the patients that MASKTOKEN by the window.,0.3445562427204105,0.5137684990399262
7,English,Cuetos_Mitchell,low,pl,1,0,the medicine,of the patients,medicine,patients,The nurse took the medicine of the patients that MASKTOKEN by the window.,The nurse took the medicine of the patients that,$PL,The nurse took the medicine of the patients that MASKTOKEN by the window.,0.33986036103538686,0.5643756155021992
7,English,Cuetos_Mitchell,high,pl,1,0,the medicines,of the patient,medicines,patient,The nurse took the medicines of the patient that MASKTOKEN by the window.,The nurse took the medicines of the patient that,$PL,The nurse took the medicines of the patient that MASKTOKEN by the window.,0.28948032365493,0.0962316769410538
8,English,Cuetos_Mitchell,ambi,sg,1,1,the sibling,of the farmer,sibling,farmer,Andrew was speaking with the sibling of the farmer who MASKTOKEN in Brazil.,Andrew was speaking with the sibling of the farmer who,$SG,Andrew was speaking with the sibling of the farmer who MASKTOKEN in Brazil.,0.2054623926543524,0.5353697024441458
8,English,Cuetos_Mitchell,low,sg,1,1,the siblings,of the farmer,siblings,farmer,Andrew was speaking with the siblings of the farmer who MASKTOKEN in Brazil.,Andrew was speaking with the siblings of the farmer who,$SG,Andrew was speaking with the siblings of the farmer who MASKTOKEN in Brazil.,0.19462509319870314,0.1920002723058779
8,English,Cuetos_Mitchell,high,sg,1,1,the sibling,of the farmers,sibling,farmers,Andrew was speaking with the sibling of the farmers who MASKTOKEN in Brazil.,Andrew was speaking with the sibling of the farmers who,$SG,Andrew was speaking with the sibling of the farmers who MASKTOKEN in Brazil.,0.003192534293560166,0.04587334926393701
8,English,Cuetos_Mitchell,ambi,pl,1,1,the siblings,of the farmers,siblings,farmers,Andrew was speaking with the siblings of the farmers who MASKTOKEN in Brazil.,Andrew was speaking with the siblings of the farmers who,$PL,Andrew was speaking with the siblings of the farmers who MASKTOKEN in Brazil.,0.15142096835657642,0.1567604917941565
8,English,Cuetos_Mitchell,low,pl,1,1,the sibling,of the farmers,sibling,farmers,Andrew was speaking with the sibling of the farmers who MASKTOKEN in Brazil.,Andrew was speaking with the sibling of the farmers who,$PL,Andrew was speaking with the sibling of the farmers who MASKTOKEN in Brazil.,0.1837877271846026,0.27471950660556843
8,English,Cuetos_Mitchell,high,pl,1,1,the siblings,of the farmer,siblings,farmer,Andrew was speaking with the siblings of the farmer who MASKTOKEN in Brazil.,Andrew was speaking with the siblings of the farmer who,$PL,Andrew was speaking with the siblings of the farmer who MASKTOKEN in Brazil.,0.004623874459557059,0.009747698334910015
9,English,Cuetos_Mitchell,ambi,sg,0,0,the shoe,of the guest,shoe,guest,The servant contemplated the shoe of the guest that MASKTOKEN close to the fireplace.,The servant contemplated the shoe of the guest that,$SG,The servant contemplated the shoe of the guest that MASKTOKEN close to the fireplace.,0.055486057829958885,0.5494993405287047
9,English,Cuetos_Mitchell,low,sg,0,0,the shoes,of the guest,shoes,guest,The servant contemplated the shoes of the guest that MASKTOKEN close to the fireplace.,The servant contemplated the shoes of the guest that,$SG,The servant contemplated the shoes of the guest that MASKTOKEN close to the fireplace.,0.027596955557027965,0.06554378951342348
9,English,Cuetos_Mitchell,high,sg,0,0,the shoe,of the guests,shoe,guests,The servant contemplated the shoe of the guests that MASKTOKEN close to the fireplace.,The servant contemplated the shoe of the guests that,$SG,The servant contemplated the shoe of the guests that MASKTOKEN close to the fireplace.,0.00242487705477383,0.08784263430882312
9,English,Cuetos_Mitchell,ambi,pl,0,0,the shoes,of the guests,shoes,guests,The servant contemplated the shoes of the guests that MASKTOKEN close to the fireplace.,The servant contemplated the shoes of the guests that,$PL,The servant contemplated the shoes of the guests that MASKTOKEN close to the fireplace.,0.06518229347497392,0.5379190171108434
9,English,Cuetos_Mitchell,low,pl,0,0,the shoe,of the guests,shoe,guests,The servant contemplated the shoe of the guests that MASKTOKEN close to the fireplace.,The servant contemplated the shoe of the guests that,$PL,The servant contemplated the shoe of the guests that MASKTOKEN close to the fireplace.,0.05461593000265349,0.48911124868187056
9,English,Cuetos_Mitchell,high,pl,0,0,the shoes,of the guest,shoes,guest,The servant contemplated the shoes of the guest that MASKTOKEN close to the fireplace.,The servant contemplated the shoes of the guest that,$PL,The servant contemplated the shoes of the guest that MASKTOKEN close to the fireplace.,0.03474887868300521,0.6092852838341885
10,English,Cuetos_Mitchell,ambi,sg,0,1,the girlfriend,of the town leader,girlfriend,leader,Yesterday I met with the girlfriend of the town leader who MASKTOKEN in Australia.,Yesterday I met with the girlfriend of the town leader who,$SG,Yesterday I met with the girlfriend of the town leader who MASKTOKEN in Australia.,0.9359011426485847,0.95717912782088
10,English,Cuetos_Mitchell,low,sg,0,1,the girlfriends,of the town leader,girlfriends,leader,Yesterday I met with the girlfriends of the town leader who MASKTOKEN in Australia.,Yesterday I met with the girlfriends of the town leader who,$SG,Yesterday I met with the girlfriends of the town leader who MASKTOKEN in Australia.,0.8859369738583066,0.4946839781888786
10,English,Cuetos_Mitchell,high,sg,0,1,the girlfriend,of the town leaders,girlfriend,leaders,Yesterday I met with the girlfriend of the town leaders who MASKTOKEN in Australia.,Yesterday I met with the girlfriend of the town leaders who,$SG,Yesterday I met with the girlfriend of the town leaders who MASKTOKEN in Australia.,0.03634329013689355,0.8412486617175875
10,English,Cuetos_Mitchell,ambi,pl,0,1,the girlfriends,of the town leaders,girlfriends,leaders,Yesterday I met with the girlfriends of the town leaders who MASKTOKEN in Australia.,Yesterday I met with the girlfriends of the town leaders who,$PL,Yesterday I met with the girlfriends of the town leaders who MASKTOKEN in Australia.,0.5719590366788243,0.9401248055101465
10,English,Cuetos_Mitchell,low,pl,0,1,the girlfriend,of the town leaders,girlfriend,leaders,Yesterday I met with the girlfriend of the town leaders who MASKTOKEN in Australia.,Yesterday I met with the girlfriend of the town leaders who,$PL,Yesterday I met with the girlfriend of the town leaders who MASKTOKEN in Australia.,0.7164245885595646,0.11137122541121385
10,English,Cuetos_Mitchell,high,pl,0,1,the girlfriends,of the town leader,girlfriends,leader,Yesterday I met with the girlfriends of the town leader who MASKTOKEN in Australia.,Yesterday I met with the girlfriends of the town leader who,$PL,Yesterday I met with the girlfriends of the town leader who MASKTOKEN in Australia.,0.005574105438619373,0.4647188683634457
11,English,Cuetos_Mitchell,ambi,sg,0,1,the horse,of the traveler,horse,traveler,The bailiff locked up the horse of the traveler that MASKTOKEN by the bridge.,The bailiff locked up the horse of the traveler that,$SG,The bailiff locked up the horse of the traveler that MASKTOKEN by the bridge.,0.06642514178486503,0.03837729449469456
11,English,Cuetos_Mitchell,low,sg,0,1,the horses,of the traveler,horses,traveler,The bailiff locked up the horses of the traveler that MASKTOKEN by the bridge.,The bailiff locked up the horses of the traveler that,$SG,The bailiff locked up the horses of the traveler that MASKTOKEN by the bridge.,0.046798738557051855,0.04652596525730389
11,English,Cuetos_Mitchell,high,sg,0,1,the horse,of the travelers,horse,travelers,The bailiff locked up the horse of the travelers that MASKTOKEN by the bridge.,The bailiff locked up the horse of the travelers that,$SG,The bailiff locked up the horse of the travelers that MASKTOKEN by the bridge.,0.0031229631977913452,0.005377166724316872
11,English,Cuetos_Mitchell,ambi,pl,0,1,the horses,of the travelers,horses,travelers,The bailiff locked up the horses of the travelers that MASKTOKEN by the bridge.,The bailiff locked up the horses of the travelers that,$PL,The bailiff locked up the horses of the travelers that MASKTOKEN by the bridge.,0.04089501224042218,0.043274567404009506
11,English,Cuetos_Mitchell,low,pl,0,1,the horse,of the travelers,horse,travelers,The bailiff locked up the horse of the travelers that MASKTOKEN by the bridge.,The bailiff locked up the horse of the travelers that,$PL,The bailiff locked up the horse of the travelers that MASKTOKEN by the bridge.,0.05883943603561974,0.04861660324876221
11,English,Cuetos_Mitchell,high,pl,0,1,the horses,of the traveler,horses,traveler,The bailiff locked up the horses of the traveler that MASKTOKEN by the bridge.,The bailiff locked up the horses of the traveler that,$PL,The bailiff locked up the horses of the traveler that MASKTOKEN by the bridge.,0.023124290519406704,0.01685444211707864
12,English,Cuetos_Mitchell,ambi,sg,0,0,the toy,of the baby,toy,baby,The old lady was observing the toy of the baby that MASKTOKEN on the bed.,The old lady was observing the toy of the baby that,$SG,The old lady was observing the toy of the baby that MASKTOKEN on the bed.,0.07630391624249133,0.7537301455465939
12,English,Cuetos_Mitchell,low,sg,0,0,the toys,of the baby,toys,baby,The old lady was observing the toys of the baby that MASKTOKEN on the bed.,The old lady was observing the toys of the baby that,$SG,The old lady was observing the toys of the baby that MASKTOKEN on the bed.,0.06640259416069035,0.17752492402432996
12,English,Cuetos_Mitchell,high,sg,0,0,the toy,of the babies,toy,babies,The old lady was observing the toy of the babies that MASKTOKEN on the bed.,The old lady was observing the toy of the babies that,$SG,The old lady was observing the toy of the babies that MASKTOKEN on the bed.,0.007133408788079006,0.5567484776013608
12,English,Cuetos_Mitchell,ambi,pl,0,0,the toys,of the babies,toys,babies,The old lady was observing the toys of the babies that MASKTOKEN on the bed.,The old lady was observing the toys of the babies that,$PL,The old lady was observing the toys of the babies that MASKTOKEN on the bed.,0.7236736835896024,0.8721965692856065
12,English,Cuetos_Mitchell,low,pl,0,0,the toy,of the babies,toy,babies,The old lady was observing the toy of the babies that MASKTOKEN on the bed.,The old lady was observing the toy of the babies that,$PL,The old lady was observing the toy of the babies that MASKTOKEN on the bed.,0.7309882478245708,0.295908473628212
12,English,Cuetos_Mitchell,high,pl,0,0,the toys,of the baby,toys,baby,The old lady was observing the toys of the baby that MASKTOKEN on the bed.,The old lady was observing the toys of the baby that,$PL,The old lady was observing the toys of the baby that MASKTOKEN on the bed.,0.7557916453028272,0.7471623836763291
13,English,Cuetos_Mitchell,ambi,sg,0,1,the daughter,of the captain,daughter,captain,The journalist interviewed the daughter of the captain who MASKTOKEN near the accident.,The journalist interviewed the daughter of the captain who,$SG,The journalist interviewed the daughter of the captain who MASKTOKEN near the accident.,0.45890609409340233,0.48968815122353043
13,English,Cuetos_Mitchell,low,sg,0,1,the daughters,of the captain,daughters,captain,The journalist interviewed the daughters of the captain who MASKTOKEN near the accident.,The journalist interviewed the daughters of the captain who,$SG,The journalist interviewed the daughters of the captain who MASKTOKEN near the accident.,0.3698089531084047,0.09934325633030539
13,English,Cuetos_Mitchell,high,sg,0,1,the daughter,of the captains,daughter,captains,The journalist interviewed the daughter of the captains who MASKTOKEN near the accident.,The journalist interviewed the daughter of the captains who,$SG,The journalist interviewed the daughter of the captains who MASKTOKEN near the accident.,0.023015535010835392,0.4890910816982421
13,English,Cuetos_Mitchell,ambi,pl,0,1,the daughters,of the captains,daughters,captains,The journalist interviewed the daughters of the captains who MASKTOKEN near the accident.,The journalist interviewed the daughters of the captains who,$PL,The journalist interviewed the daughters of the captains who MASKTOKEN near the accident.,0.317422971817389,0.25748961991002645
13,English,Cuetos_Mitchell,low,pl,0,1,the daughter,of the captains,daughter,captains,The journalist interviewed the daughter of the captains who MASKTOKEN near the accident.,The journalist interviewed the daughter of the captains who,$PL,The journalist interviewed the daughter of the captains who MASKTOKEN near the accident.,0.45007823020291426,0.015145141560044387
13,English,Cuetos_Mitchell,high,pl,0,1,the daughters,of the captain,daughters,captain,The journalist interviewed the daughters of the captain who MASKTOKEN near the accident.,The journalist interviewed the daughters of the captain who,$PL,The journalist interviewed the daughters of the captain who MASKTOKEN near the accident.,0.00836006027623426,0.18862716510636254
14,English,Cuetos_Mitchell,ambi,sg,0,1,the bag,of the visitor,bag,visitor,The peasant was gazing at the bag of the visitor that MASKTOKEN under a tree.,The peasant was gazing at the bag of the visitor that,$SG,The peasant was gazing at the bag of the visitor that MASKTOKEN under a tree.,0.09250076658311668,0.7062081117388889
14,English,Cuetos_Mitchell,low,sg,0,1,the bags,of the visitor,bags,visitor,The peasant was gazing at the bags of the visitor that MASKTOKEN under a tree.,The peasant was gazing at the bags of the visitor that,$SG,The peasant was gazing at the bags of the visitor that MASKTOKEN under a tree.,0.06681662304993174,0.29503507394216366
14,English,Cuetos_Mitchell,high,sg,0,1,the bag,of the visitors,bag,visitors,The peasant was gazing at the bag of the visitors that MASKTOKEN under a tree.,The peasant was gazing at the bag of the visitors that,$SG,The peasant was gazing at the bag of the visitors that MASKTOKEN under a tree.,0.05302672344517689,0.6698184978317192
14,English,Cuetos_Mitchell,ambi,pl,0,1,the bags,of the visitors,bags,visitors,The peasant was gazing at the bags of the visitors that MASKTOKEN under a tree.,The peasant was gazing at the bags of the visitors that,$PL,The peasant was gazing at the bags of the visitors that MASKTOKEN under a tree.,0.1554154753862621,0.7077970648940344
14,English,Cuetos_Mitchell,low,pl,0,1,the bag,of the visitors,bag,visitors,The peasant was gazing at the bag of the visitors that MASKTOKEN under a tree.,The peasant was gazing at the bag of the visitors that,$PL,The peasant was gazing at the bag of the visitors that MASKTOKEN under a tree.,0.1944717730466023,0.09656993751560937
14,English,Cuetos_Mitchell,high,pl,0,1,the bags,of the visitor,bags,visitor,The peasant was gazing at the bags of the visitor that MASKTOKEN under a tree.,The peasant was gazing at the bags of the visitor that,$PL,The peasant was gazing at the bags of the visitor that MASKTOKEN under a tree.,0.10107736422354441,0.35281967342300447
15,English,Cuetos_Mitchell,ambi,sg,0,0,the box,of the soldier,box,soldier,The people watched the box of the soldier that MASKTOKEN on the platform.,The people watched the box of the soldier that,$SG,The people watched the box of the soldier that MASKTOKEN on the platform.,0.0913797154833414,0.6845039529684734
15,English,Cuetos_Mitchell,low,sg,0,0,the boxes,of the soldier,boxes,soldier,The people watched the boxes of the soldier that MASKTOKEN on the platform.,The people watched the boxes of the soldier that,$SG,The people watched the boxes of the soldier that MASKTOKEN on the platform.,0.08420754396940566,0.4299765598407599
15,English,Cuetos_Mitchell,high,sg,0,0,the box,of the soldiers,box,soldiers,The people watched the box of the soldiers that MASKTOKEN on the platform.,The people watched the box of the soldiers that,$SG,The people watched the box of the soldiers that MASKTOKEN on the platform.,0.004129420798207162,0.10802944147722689
15,English,Cuetos_Mitchell,ambi,pl,0,0,the boxes,of the soldiers,boxes,soldiers,The people watched the boxes of the soldiers that MASKTOKEN on the platform.,The people watched the boxes of the soldiers that,$PL,The people watched the boxes of the soldiers that MASKTOKEN on the platform.,0.1423633866917976,0.715226482433855
15,English,Cuetos_Mitchell,low,pl,0,0,the box,of the soldiers,box,soldiers,The people watched the box of the soldiers that MASKTOKEN on the platform.,The people watched the box of the soldiers that,$PL,The people watched the box of the soldiers that MASKTOKEN on the platform.,0.13180979499799717,0.6338929623725069
15,English,Cuetos_Mitchell,high,pl,0,0,the boxes,of the soldier,boxes,soldier,The people watched the boxes of the soldier that MASKTOKEN on the platform.,The people watched the boxes of the soldier that,$PL,The people watched the boxes of the soldier that MASKTOKEN on the platform.,0.11497359227522694,0.20212028291639694
16,English,Cuetos_Mitchell,ambi,sg,0,1,the dog,of the fruit dealer,dog,dealer,Lewis ran over the dog of the fruit dealer that MASKTOKEN to this district.,Lewis ran over the dog of the fruit dealer that,$SG,Lewis ran over the dog of the fruit dealer that MASKTOKEN to this district.,0.0615893728070136,0.3983616861352841
16,English,Cuetos_Mitchell,low,sg,0,1,the dogs,of the fruit dealer,dogs,dealer,Lewis ran over the dogs of the fruit dealer that MASKTOKEN to this district.,Lewis ran over the dogs of the fruit dealer that,$SG,Lewis ran over the dogs of the fruit dealer that MASKTOKEN to this district.,0.04689468428386881,0.2948072857574031
16,English,Cuetos_Mitchell,high,sg,0,1,the dog,of the fruit dealers,dog,dealers,Lewis ran over the dog of the fruit dealers that MASKTOKEN to this district.,Lewis ran over the dog of the fruit dealers that,$SG,Lewis ran over the dog of the fruit dealers that MASKTOKEN to this district.,0.0016050094015059684,0.036122322562663976
16,English,Cuetos_Mitchell,ambi,pl,0,1,the dogs,of the fruit dealers,dogs,dealers,Lewis ran over the dogs of the fruit dealers that MASKTOKEN to this district.,Lewis ran over the dogs of the fruit dealers that,$PL,Lewis ran over the dogs of the fruit dealers that MASKTOKEN to this district.,0.040691551782895186,0.1949843489378175
16,English,Cuetos_Mitchell,low,pl,0,1,the dog,of the fruit dealers,dog,dealers,Lewis ran over the dog of the fruit dealers that MASKTOKEN to this district.,Lewis ran over the dog of the fruit dealers that,$PL,Lewis ran over the dog of the fruit dealers that MASKTOKEN to this district.,0.056650431731168155,0.24729366712924322
16,English,Cuetos_Mitchell,high,pl,0,1,the dogs,of the fruit dealer,dogs,dealer,Lewis ran over the dogs of the fruit dealer that MASKTOKEN to this district.,Lewis ran over the dogs of the fruit dealer that,$PL,Lewis ran over the dogs of the fruit dealer that MASKTOKEN to this district.,0.005388178112379578,0.01815869590174763
17,English,Cuetos_Mitchell,ambi,sg,1,1,the relative,of the worker,relative,worker,Andrew had dinner with the relative of the worker who MASKTOKEN a member of the communist party.,Andrew had dinner with the relative of the worker who,$SG,Andrew had dinner with the relative of the worker who MASKTOKEN a member of the communist party.,0.9891533627549638,0.9495789842209374
17,English,Cuetos_Mitchell,low,sg,1,1,the relatives,of the worker,relatives,worker,Andrew had dinner with the relatives of the worker who MASKTOKEN a member of the communist party.,Andrew had dinner with the relatives of the worker who,$SG,Andrew had dinner with the relatives of the worker who MASKTOKEN a member of the communist party.,0.9479070477733281,0.8883904565185466
17,English,Cuetos_Mitchell,high,sg,1,1,the relative,of the workers,relative,workers,Andrew had dinner with the relative of the workers who MASKTOKEN a member of the communist party.,Andrew had dinner with the relative of the workers who,$SG,Andrew had dinner with the relative of the workers who MASKTOKEN a member of the communist party.,0.9033953184251217,0.9570190254643314
17,English,Cuetos_Mitchell,ambi,pl,1,1,the relatives,of the workers,relatives,workers,Andrew had dinner with the relatives of the workers who MASKTOKEN a member of the communist party.,Andrew had dinner with the relatives of the workers who,$PL,Andrew had dinner with the relatives of the workers who MASKTOKEN a member of the communist party.,0.8012901175121683,0.2129219672686134
17,English,Cuetos_Mitchell,low,pl,1,1,the relative,of the workers,relative,workers,Andrew had dinner with the relative of the workers who MASKTOKEN a member of the communist party.,Andrew had dinner with the relative of the workers who,$PL,Andrew had dinner with the relative of the workers who MASKTOKEN a member of the communist party.,0.08154691480359827,0.003483789248363612
17,English,Cuetos_Mitchell,high,pl,1,1,the relatives,of the worker,relatives,worker,Andrew had dinner with the relatives of the worker who MASKTOKEN a member of the communist party.,Andrew had dinner with the relatives of the worker who,$PL,Andrew had dinner with the relatives of the worker who MASKTOKEN a member of the communist party.,0.004584295662913587,0.00191193828018394
18,English,Cuetos_Mitchell,ambi,sg,0,0,the cat,of the french girl,cat,girl,George was stroking the cat of the french girl that MASKTOKEN at the fountain.,George was stroking the cat of the french girl that,$SG,George was stroking the cat of the french girl that MASKTOKEN at the fountain.,0.14578082281115512,0.7611820027910061
18,English,Cuetos_Mitchell,low,sg,0,0,the cats,of the french girl,cats,girl,George was stroking the cats of the french girl that MASKTOKEN at the fountain.,George was stroking the cats of the french girl that,$SG,George was stroking the cats of the french girl that MASKTOKEN at the fountain.,0.11761662576261278,0.7454311131336422
18,English,Cuetos_Mitchell,high,sg,0,0,the cat,of the french girls,cat,girls,George was stroking the cat of the french girls that MASKTOKEN at the fountain.,George was stroking the cat of the french girls that,$SG,George was stroking the cat of the french girls that MASKTOKEN at the fountain.,0.017920343229813784,0.11727141970209029
18,English,Cuetos_Mitchell,ambi,pl,0,0,the cats,of the french girls,cats,girls,George was stroking the cats of the french girls that MASKTOKEN at the fountain.,George was stroking the cats of the french girls that,$PL,George was stroking the cats of the french girls that MASKTOKEN at the fountain.,0.16825676220043428,0.7502981811265512
18,English,Cuetos_Mitchell,low,pl,0,0,the cat,of the french girls,cat,girls,George was stroking the cat of the french girls that MASKTOKEN at the fountain.,George was stroking the cat of the french girls that,$PL,George was stroking the cat of the french girls that MASKTOKEN at the fountain.,0.19000202660894755,0.651020567202249
18,English,Cuetos_Mitchell,high,pl,0,0,the cats,of the french girl,cats,girl,George was stroking the cats of the french girl that MASKTOKEN at the fountain.,George was stroking the cats of the french girl that,$PL,George was stroking the cats of the french girl that MASKTOKEN at the fountain.,0.03781987986483279,0.01606480813562277
19,English,Cuetos_Mitchell,ambi,sg,0,0,the brother,of the priest,brother,priest,Martha cheered the brother of the priest who MASKTOKEN in the school.,Martha cheered the brother of the priest who,$SG,Martha cheered the brother of the priest who MASKTOKEN in the school.,0.217394048163418,0.4330219803043419
19,English,Cuetos_Mitchell,low,sg,0,0,the brothers,of the priest,brothers,priest,Martha cheered the brothers of the priest who MASKTOKEN in the school.,Martha cheered the brothers of the priest who,$SG,Martha cheered the brothers of the priest who MASKTOKEN in the school.,0.028684381654761004,0.15912729136334586
19,English,Cuetos_Mitchell,high,sg,0,0,the brother,of the priests,brother,priests,Martha cheered the brother of the priests who MASKTOKEN in the school.,Martha cheered the brother of the priests who,$SG,Martha cheered the brother of the priests who MASKTOKEN in the school.,0.008096899877420655,0.027488150933350174
19,English,Cuetos_Mitchell,ambi,pl,0,0,the brothers,of the priests,brothers,priests,Martha cheered the brothers of the priests who MASKTOKEN in the school.,Martha cheered the brothers of the priests who,$PL,Martha cheered the brothers of the priests who MASKTOKEN in the school.,0.3036416115397091,0.21499811302155408
19,English,Cuetos_Mitchell,low,pl,0,0,the brother,of the priests,brother,priests,Martha cheered the brother of the priests who MASKTOKEN in the school.,Martha cheered the brother of the priests who,$PL,Martha cheered the brother of the priests who MASKTOKEN in the school.,0.18366948337220787,0.31654663262067373
19,English,Cuetos_Mitchell,high,pl,0,0,the brothers,of the priest,brothers,priest,Martha cheered the brothers of the priest who MASKTOKEN in the school.,Martha cheered the brothers of the priest who,$PL,Martha cheered the brothers of the priest who MASKTOKEN in the school.,0.28657940421724354,0.1669993173715707
20,English,Cuetos_Mitchell,ambi,sg,1,0,the container,of the student,container,student,The detective photographed the container of the student that MASKTOKEN on the terrace.,The detective photographed the container of the student that,$SG,The detective photographed the container of the student that MASKTOKEN on the terrace.,0.19220613789219215,0.7671085303168199
20,English,Cuetos_Mitchell,low,sg,1,0,the containers,of the student,containers,student,The detective photographed the containers of the student that MASKTOKEN on the terrace.,The detective photographed the containers of the student that,$SG,The detective photographed the containers of the student that MASKTOKEN on the terrace.,0.15053062181041132,0.12017223673583816
20,English,Cuetos_Mitchell,high,sg,1,0,the container,of the students,container,students,The detective photographed the container of the students that MASKTOKEN on the terrace.,The detective photographed the container of the students that,$SG,The detective photographed the container of the students that MASKTOKEN on the terrace.,0.004195016002548707,0.4293986245043093
20,English,Cuetos_Mitchell,ambi,pl,1,0,the containers,of the students,containers,students,The detective photographed the containers of the students that MASKTOKEN on the terrace.,The detective photographed the containers of the students that,$PL,The detective photographed the containers of the students that MASKTOKEN on the terrace.,0.2691802385051201,0.7402654404256077
20,English,Cuetos_Mitchell,low,pl,1,0,the container,of the students,container,students,The detective photographed the container of the students that MASKTOKEN on the terrace.,The detective photographed the container of the students that,$PL,The detective photographed the container of the students that MASKTOKEN on the terrace.,0.3402461510536632,0.31363857344589674
20,English,Cuetos_Mitchell,high,pl,1,0,the containers,of the student,containers,student,The detective photographed the containers of the student that MASKTOKEN on the terrace.,The detective photographed the containers of the student that,$PL,The detective photographed the containers of the student that MASKTOKEN on the terrace.,0.12596876300217924,0.619723827643208
21,English,Cuetos_Mitchell,ambi,sg,0,1,the cousin,of the man,cousin,man,Mary argued with the cousin of the man who MASKTOKEN in Argentina.,Mary argued with the cousin of the man who,$SG,Mary argued with the cousin of the man who MASKTOKEN in Argentina.,0.13891190366935668,0.2611513556468815
21,English,Cuetos_Mitchell,low,sg,0,1,the cousins,of the man,cousins,man,Mary argued with the cousins of the man who MASKTOKEN in Argentina.,Mary argued with the cousins of the man who,$SG,Mary argued with the cousins of the man who MASKTOKEN in Argentina.,0.13281039575419729,0.08874169646089655
21,English,Cuetos_Mitchell,high,sg,0,1,the cousin,of the men,cousin,men,Mary argued with the cousin of the men who MASKTOKEN in Argentina.,Mary argued with the cousin of the men who,$SG,Mary argued with the cousin of the men who MASKTOKEN in Argentina.,0.003583342157094077,0.025602099577141733
21,English,Cuetos_Mitchell,ambi,pl,0,1,the cousins,of the men,cousins,men,Mary argued with the cousins of the men who MASKTOKEN in Argentina.,Mary argued with the cousins of the men who,$PL,Mary argued with the cousins of the men who MASKTOKEN in Argentina.,0.18237825539389046,0.09251473651194266
21,English,Cuetos_Mitchell,low,pl,0,1,the cousin,of the men,cousin,men,Mary argued with the cousin of the men who MASKTOKEN in Argentina.,Mary argued with the cousin of the men who,$PL,Mary argued with the cousin of the men who MASKTOKEN in Argentina.,0.17260215376296068,0.14955280579667776
21,English,Cuetos_Mitchell,high,pl,0,1,the cousins,of the man,cousins,man,Mary argued with the cousins of the man who MASKTOKEN in Argentina.,Mary argued with the cousins of the man who,$PL,Mary argued with the cousins of the man who MASKTOKEN in Argentina.,0.002858911477252618,0.001288486445523531
22,English,Cuetos_Mitchell,ambi,sg,1,0,the child,of the teacher,child,teacher,The boys poked fun at the child of the teacher who MASKTOKEN in the park.,The boys poked fun at the child of the teacher who,$SG,The boys poked fun at the child of the teacher who MASKTOKEN in the park.,0.17301636382496066,0.7454340484532518
22,English,Cuetos_Mitchell,low,sg,1,0,the children,of the teacher,children,teacher,The boys poked fun at the children of the teacher who MASKTOKEN in the park.,The boys poked fun at the children of the teacher who,$SG,The boys poked fun at the children of the teacher who MASKTOKEN in the park.,0.09965382054319505,0.385328513593263
22,English,Cuetos_Mitchell,high,sg,1,0,the child,of the teachers,child,teachers,The boys poked fun at the child of the teachers who MASKTOKEN in the park.,The boys poked fun at the child of the teachers who,$SG,The boys poked fun at the child of the teachers who MASKTOKEN in the park.,0.005746867938886999,0.5949395834005299
22,English,Cuetos_Mitchell,ambi,pl,1,0,the children,of the teachers,children,teachers,The boys poked fun at the children of the teachers who MASKTOKEN in the park.,The boys poked fun at the children of the teachers who,$PL,The boys poked fun at the children of the teachers who MASKTOKEN in the park.,0.05486994040682901,0.6822609841286188
22,English,Cuetos_Mitchell,low,pl,1,0,the child,of the teachers,child,teachers,The boys poked fun at the child of the teachers who MASKTOKEN in the park.,The boys poked fun at the child of the teachers who,$PL,The boys poked fun at the child of the teachers who MASKTOKEN in the park.,0.07697476144735804,0.10778302517605774
22,English,Cuetos_Mitchell,high,pl,1,0,the children,of the teacher,children,teacher,The boys poked fun at the children of the teacher who MASKTOKEN in the park.,The boys poked fun at the children of the teacher who,$PL,The boys poked fun at the children of the teacher who MASKTOKEN in the park.,0.005334384533219147,0.3444654704312494
23,English,Cuetos_Mitchell,ambi,sg,1,1,the servant,of the lady,servant,lady,My mother argued with the servant of the lady who MASKTOKEN in the house.,My mother argued with the servant of the lady who,$SG,My mother argued with the servant of the lady who MASKTOKEN in the house.,0.09184649915909229,0.08623313111698062
23,English,Cuetos_Mitchell,low,sg,1,1,the servants,of the lady,servants,lady,My mother argued with the servants of the lady who MASKTOKEN in the house.,My mother argued with the servants of the lady who,$SG,My mother argued with the servants of the lady who MASKTOKEN in the house.,0.0410244661545382,0.03990688919829938
23,English,Cuetos_Mitchell,high,sg,1,1,the servant,of the ladies,servant,ladies,My mother argued with the servant of the ladies who MASKTOKEN in the house.,My mother argued with the servant of the ladies who,$SG,My mother argued with the servant of the ladies who MASKTOKEN in the house.,0.0026403330894897922,0.02952165505632382
23,English,Cuetos_Mitchell,ambi,pl,1,1,the servants,of the ladies,servants,ladies,My mother argued with the servants of the ladies who MASKTOKEN in the house.,My mother argued with the servants of the ladies who,$PL,My mother argued with the servants of the ladies who MASKTOKEN in the house.,0.14622765689931835,0.12827734311799488
23,English,Cuetos_Mitchell,low,pl,1,1,the servant,of the ladies,servant,ladies,My mother argued with the servant of the ladies who MASKTOKEN in the house.,My mother argued with the servant of the ladies who,$PL,My mother argued with the servant of the ladies who MASKTOKEN in the house.,0.44700297749788354,0.10237868823284119
23,English,Cuetos_Mitchell,high,pl,1,1,the servants,of the lady,servants,lady,My mother argued with the servants of the lady who MASKTOKEN in the house.,My mother argued with the servants of the lady who,$PL,My mother argued with the servants of the lady who MASKTOKEN in the house.,0.0024009704684970776,0.03196038569265083
24,English,Cuetos_Mitchell,ambi,sg,0,0,the son,of the doctor,son,doctor,This afternoon I saw the son of the doctor who MASKTOKEN at our home.,This afternoon I saw the son of the doctor who,$SG,This afternoon I saw the son of the doctor who MASKTOKEN at our home.,0.20773966179457232,0.5944035821826451
24,English,Cuetos_Mitchell,low,sg,0,0,the sons,of the doctor,sons,doctor,This afternoon I saw the sons of the doctor who MASKTOKEN at our home.,This afternoon I saw the sons of the doctor who,$SG,This afternoon I saw the sons of the doctor who MASKTOKEN at our home.,0.06827957235703538,0.6017189281284178
24,English,Cuetos_Mitchell,high,sg,0,0,the son,of the doctors,son,doctors,This afternoon I saw the son of the doctors who MASKTOKEN at our home.,This afternoon I saw the son of the doctors who,$SG,This afternoon I saw the son of the doctors who MASKTOKEN at our home.,0.009345455413450615,0.022890490313659285
24,English,Cuetos_Mitchell,ambi,pl,0,0,the sons,of the doctors,sons,doctors,This afternoon I saw the sons of the doctors who MASKTOKEN at our home.,This afternoon I saw the sons of the doctors who,$PL,This afternoon I saw the sons of the doctors who MASKTOKEN at our home.,0.12010667215959536,0.564639128874986
24,English,Cuetos_Mitchell,low,pl,0,0,the son,of the doctors,son,doctors,This afternoon I saw the son of the doctors who MASKTOKEN at our home.,This afternoon I saw the son of the doctors who,$PL,This afternoon I saw the son of the doctors who MASKTOKEN at our home.,0.12967442369582663,0.5454559629197141
24,English,Cuetos_Mitchell,high,pl,0,0,the sons,of the doctor,sons,doctor,This afternoon I saw the sons of the doctor who MASKTOKEN at our home.,This afternoon I saw the sons of the doctor who,$PL,This afternoon I saw the sons of the doctor who MASKTOKEN at our home.,0.03749462083078092,0.01940983167372437
