item,lang,exp,AttachType,verbNum,N1_changed,N2_changed,N1_full,N2_full,N1,N2,mask_sents,auto_sents,target,sent,/data/DeepESP/gpt2-spanish_prob,/data/mrm8488/spanish-gpt2_prob
1a,Spanish,Fernandez,ambi,sg,1,0,el relativo,del maestro,relativo,maestro,Andrés cenó ayer con el relativo del maestro que MASKTOKEN en el partido comunista..,Andrés cenó ayer con el relativo del maestro que,$ES_SG,Andrés cenó ayer con el relativo del maestro que,0.23782686348209836,0.35212865168750795
1a,Spanish,Fernandez,low,sg,1,0,los relativos,del maestro,relativos,maestro,Andrés cenó ayer con los relativos del maestro que MASKTOKEN en el partido comunista..,Andrés cenó ayer con los relativos del maestro que,$ES_SG,Andrés cenó ayer con los relativos del maestro que,0.2835960675402305,0.21065990752651942
1a,Spanish,Fernandez,high,sg,1,0,el relativo,de los maestros,relativo,maestros,Andrés cenó ayer con el relativo de los maestros que MASKTOKEN en el partido comunista..,Andrés cenó ayer con el relativo de los maestros que,$ES_SG,Andrés cenó ayer con el relativo de los maestros que,0.040417328241254324,0.08507722275015794
1a,Spanish,Fernandez,ambi,pl,1,0,los relativos,de los maestros,relativos,maestros,Andrés cenó ayer con los relativos de los maestros que MASKTOKEN en el partido comunista..,Andrés cenó ayer con los relativos de los maestros que,$ES_PL,Andrés cenó ayer con los relativos de los maestros que,0.31269227353260476,0.38585431918772883
1a,Spanish,Fernandez,low,pl,1,0,el relativo,de los maestros,relativo,maestros,Andrés cenó ayer con el relativo de los maestros que MASKTOKEN en el partido comunista..,Andrés cenó ayer con el relativo de los maestros que,$ES_PL,Andrés cenó ayer con el relativo de los maestros que,0.28862225460488844,0.32118903485252304
1a,Spanish,Fernandez,high,pl,1,0,los relativos,del maestro,relativos,maestro,Andrés cenó ayer con los relativos del maestro que MASKTOKEN en el partido comunista..,Andrés cenó ayer con los relativos del maestro que,$ES_PL,Andrés cenó ayer con los relativos del maestro que,0.010200796890792674,0.16283700583937843
2a,Spanish,Fernandez,ambi,sg,0,1,al entrenador,del atleta,entrenador,atleta,El periodista entrevistó al entrenador del atleta que MASKTOKEN en la competición.,El periodista entrevistó al entrenador del atleta que,$ES_SG,El periodista entrevistó al entrenador del atleta que,0.20864849649896655,0.26676497544667654
2a,Spanish,Fernandez,low,sg,0,1,a los entrenadores,del atleta,entrenadores,atleta,El periodista entrevistó a los entrenadores del atleta que MASKTOKEN en la competición.,El periodista entrevistó a los entrenadores del atleta que,$ES_SG,El periodista entrevistó a los entrenadores del atleta que,0.144283726040058,0.2446918774218716
2a,Spanish,Fernandez,high,sg,0,1,al entrenador,de los atletas,entrenador,atletas,El periodista entrevistó al entrenador de los atletas que MASKTOKEN en la competición.,El periodista entrevistó al entrenador de los atletas que,$ES_SG,El periodista entrevistó al entrenador de los atletas que,0.05418650068701325,0.053869062811045865
2a,Spanish,Fernandez,ambi,pl,0,1,a los entrenadores,de los atletas,entrenadores,atletas,El periodista entrevistó a los entrenadores de los atletas que MASKTOKEN en la competición.,El periodista entrevistó a los entrenadores de los atletas que,$ES_PL,El periodista entrevistó a los entrenadores de los atletas que,0.23112068171300848,0.33576198509071276
2a,Spanish,Fernandez,low,pl,0,1,al entrenador,de los atletas,entrenador,atletas,El periodista entrevistó al entrenador de los atletas que MASKTOKEN en la competición.,El periodista entrevistó al entrenador de los atletas que,$ES_PL,El periodista entrevistó al entrenador de los atletas que,0.19704402210156502,0.31155096286136086
2a,Spanish,Fernandez,high,pl,0,1,a los entrenadores,del atleta,entrenadores,atleta,El periodista entrevistó a los entrenadores del atleta que MASKTOKEN en la competición.,El periodista entrevistó a los entrenadores del atleta que,$ES_PL,El periodista entrevistó a los entrenadores del atleta que,0.0650735809745413,0.019619635794626333
3a,Spanish,Fernandez,ambi,sg,1,1,al asistente,del trabajador,asistente,trabajador,El gerente observaba al asistente del trabajador que MASKTOKEN en la oficina.,El gerente observaba al asistente del trabajador que,$ES_SG,El gerente observaba al asistente del trabajador que,0.17382886999899583,0.2555634878221156
3a,Spanish,Fernandez,low,sg,1,1,a los asistentes,del trabajador,asistentes,trabajador,El gerente observaba a los asistentes del trabajador que MASKTOKEN en la oficina.,El gerente observaba a los asistentes del trabajador que,$ES_SG,El gerente observaba a los asistentes del trabajador que,0.12576987655971195,0.04782536149226502
3a,Spanish,Fernandez,high,sg,1,1,al asistente,de los trabajadores,asistente,trabajadores,El gerente observaba al asistente de los trabajadores que MASKTOKEN en la oficina.,El gerente observaba al asistente de los trabajadores que,$ES_SG,El gerente observaba al asistente de los trabajadores que,0.06618101751814542,0.13517717754287162
3a,Spanish,Fernandez,ambi,pl,1,1,a los asistentes,de los trabajadores,asistentes,trabajadores,El gerente observaba a los asistentes de los trabajadores que MASKTOKEN en la oficina.,El gerente observaba a los asistentes de los trabajadores que,$ES_PL,El gerente observaba a los asistentes de los trabajadores que,0.2337972854572552,0.2787563651706506
3a,Spanish,Fernandez,low,pl,1,1,al asistente,de los trabajadores,asistente,trabajadores,El gerente observaba al asistente de los trabajadores que MASKTOKEN en la oficina.,El gerente observaba al asistente de los trabajadores que,$ES_PL,El gerente observaba al asistente de los trabajadores que,0.1844304823959284,0.14146177328500187
3a,Spanish,Fernandez,high,pl,1,1,a los asistentes,del trabajador,asistentes,trabajador,El gerente observaba a los asistentes del trabajador que MASKTOKEN en la oficina.,El gerente observaba a los asistentes del trabajador que,$ES_PL,El gerente observaba a los asistentes del trabajador que,0.07289893432825956,0.2301471603411045
4a,Spanish,Fernandez,ambi,sg,1,0,al asistente,del abogado,asistente,abogado,Julia había hablado con al asistente del abogado que MASKTOKEN de vacación.,Julia había hablado con al asistente del abogado que,$ES_SG,Julia había hablado con al asistente del abogado que,0.13636354881988844,0.33670047245139756
4a,Spanish,Fernandez,low,sg,1,0,a los asistentes,del abogado,asistentes,abogado,Julia había hablado con a los asistentes del abogado que MASKTOKEN de vacación.,Julia había hablado con a los asistentes del abogado que,$ES_SG,Julia había hablado con a los asistentes del abogado que,0.0957666290976853,0.15016983075524593
4a,Spanish,Fernandez,high,sg,1,0,al asistente,de los abogados,asistente,abogados,Julia había hablado con al asistente de los abogados que MASKTOKEN de vacación.,Julia había hablado con al asistente de los abogados que,$ES_SG,Julia había hablado con al asistente de los abogados que,0.054638060655776144,0.10241314949425373
4a,Spanish,Fernandez,ambi,pl,1,0,a los asistentes,de los abogados,asistentes,abogados,Julia había hablado con a los asistentes de los abogados que MASKTOKEN de vacación.,Julia había hablado con a los asistentes de los abogados que,$ES_PL,Julia había hablado con a los asistentes de los abogados que,0.20729019885954614,0.24395770187067
4a,Spanish,Fernandez,low,pl,1,0,al asistente,de los abogados,asistente,abogados,Julia había hablado con al asistente de los abogados que MASKTOKEN de vacación.,Julia había hablado con al asistente de los abogados que,$ES_PL,Julia había hablado con al asistente de los abogados que,0.11748698569546256,0.20298060289077569
4a,Spanish,Fernandez,high,pl,1,0,a los asistentes,del abogado,asistentes,abogado,Julia había hablado con a los asistentes del abogado que MASKTOKEN de vacación.,Julia había hablado con a los asistentes del abogado que,$ES_PL,Julia había hablado con a los asistentes del abogado que,0.05835029559307969,0.11510723282154345
5a,Spanish,Fernandez,ambi,sg,0,0,al ayudante,del detective,ayudante,detective,Mi amigo conoció al ayudante del detective que MASKTOKEN en la oficina.,Mi amigo conoció al ayudante del detective que,$ES_SG,Mi amigo conoció al ayudante del detective que,0.21346933909777022,0.31283591662996457
5a,Spanish,Fernandez,low,sg,0,0,a los ayudantes,del detective,ayudantes,detective,Mi amigo conoció a los ayudantes del detective que MASKTOKEN en la oficina.,Mi amigo conoció a los ayudantes del detective que,$ES_SG,Mi amigo conoció a los ayudantes del detective que,0.12962259676810106,0.1731433757231855
5a,Spanish,Fernandez,high,sg,0,0,al ayudante,de los detectives,ayudante,detectives,Mi amigo conoció al ayudante de los detectives que MASKTOKEN en la oficina.,Mi amigo conoció al ayudante de los detectives que,$ES_SG,Mi amigo conoció al ayudante de los detectives que,0.18432922453211376,0.08797651489832958
5a,Spanish,Fernandez,ambi,pl,0,0,a los ayudantes,de los detectives,ayudantes,detectives,Mi amigo conoció a los ayudantes de los detectives que MASKTOKEN en la oficina.,Mi amigo conoció a los ayudantes de los detectives que,$ES_PL,Mi amigo conoció a los ayudantes de los detectives que,0.2685381084774292,0.3002401314839176
5a,Spanish,Fernandez,low,pl,0,0,al ayudante,de los detectives,ayudante,detectives,Mi amigo conoció al ayudante de los detectives que MASKTOKEN en la oficina.,Mi amigo conoció al ayudante de los detectives que,$ES_PL,Mi amigo conoció al ayudante de los detectives que,0.02666113521677005,0.179314977309474
5a,Spanish,Fernandez,high,pl,0,0,a los ayudantes,del detective,ayudantes,detective,Mi amigo conoció a los ayudantes del detective que MASKTOKEN en la oficina.,Mi amigo conoció a los ayudantes del detective que,$ES_PL,Mi amigo conoció a los ayudantes del detective que,0.09317215499989118,0.1225389278114335
6a,Spanish,Fernandez,ambi,sg,1,0,al analista,del embajador,analista,embajador,Carlos conoció al analista del embajador que MASKTOKEN en la compañia.,Carlos conoció al analista del embajador que,$ES_SG,Carlos conoció al analista del embajador que,0.17245539842589608,0.2604316336475563
6a,Spanish,Fernandez,low,sg,1,0,a los analistas,del embajador,analistas,embajador,Carlos conoció a los analistas del embajador que MASKTOKEN en la compañia.,Carlos conoció a los analistas del embajador que,$ES_SG,Carlos conoció a los analistas del embajador que,0.05494790507307812,0.05098956872518556
6a,Spanish,Fernandez,high,sg,1,0,al analista,de los embajadores,analista,embajadores,Carlos conoció al analista de los embajadores que MASKTOKEN en la compañia.,Carlos conoció al analista de los embajadores que,$ES_SG,Carlos conoció al analista de los embajadores que,0.06707321087289131,0.09405508768406179
6a,Spanish,Fernandez,ambi,pl,1,0,a los analistas,de los embajadores,analistas,embajadores,Carlos conoció a los analistas de los embajadores que MASKTOKEN en la compañia.,Carlos conoció a los analistas de los embajadores que,$ES_PL,Carlos conoció a los analistas de los embajadores que,0.19796099214727292,0.26844799796199936
6a,Spanish,Fernandez,low,pl,1,0,al analista,de los embajadores,analista,embajadores,Carlos conoció al analista de los embajadores que MASKTOKEN en la compañia.,Carlos conoció al analista de los embajadores que,$ES_PL,Carlos conoció al analista de los embajadores que,0.09821766075504712,0.17433048366535786
6a,Spanish,Fernandez,high,pl,1,0,a los analistas,del embajador,analistas,embajador,Carlos conoció a los analistas del embajador que MASKTOKEN en la compañia.,Carlos conoció a los analistas del embajador que,$ES_PL,Carlos conoció a los analistas del embajador que,0.13910159060873184,0.20932184945712606
7a,Spanish,Fernandez,ambi,sg,1,1,el verso,de la poema,verso,poema,Rosa leyó el verso de la poema que MASKTOKEN en las últimas páginas de la revista.,Rosa leyó el verso de la poema que,$ES_SG,Rosa leyó el verso de la poema que,0.1636600455313726,0.28535046070032877
7a,Spanish,Fernandez,low,sg,1,1,los versos,de la poema,versos,poema,Rosa leyó los versos de la poema que MASKTOKEN en las últimas páginas de la revista.,Rosa leyó los versos de la poema que,$ES_SG,Rosa leyó los versos de la poema que,0.1315579958682349,0.1945457122614016
7a,Spanish,Fernandez,high,sg,1,1,el verso,de las poemas,verso,poemas,Rosa leyó el verso de las poemas que MASKTOKEN en las últimas páginas de la revista.,Rosa leyó el verso de las poemas que,$ES_SG,Rosa leyó el verso de las poemas que,0.07786044934535852,0.09578886253729024
7a,Spanish,Fernandez,ambi,pl,1,1,los versos,de las poemas,versos,poemas,Rosa leyó los versos de las poemas que MASKTOKEN en las últimas páginas de la revista.,Rosa leyó los versos de las poemas que,$ES_PL,Rosa leyó los versos de las poemas que,0.04481835133404388,0.13688855863928495
7a,Spanish,Fernandez,low,pl,1,1,el verso,de las poemas,verso,poemas,Rosa leyó el verso de las poemas que MASKTOKEN en las últimas páginas de la revista.,Rosa leyó el verso de las poemas que,$ES_PL,Rosa leyó el verso de las poemas que,0.04394280746404178,0.12669467967401715
7a,Spanish,Fernandez,high,pl,1,1,los versos,de la poema,versos,poema,Rosa leyó los versos de la poema que MASKTOKEN en las últimas páginas de la revista.,Rosa leyó los versos de la poema que,$ES_PL,Rosa leyó los versos de la poema que,0.010193635236191767,0.011606957132174855
8a,Spanish,Fernandez,ambi,sg,0,1,el tubo,de la cocina,tubo,cocina,El plomero ajustó el tubo de la cocina que MASKTOKEN en la casa.,El plomero ajustó el tubo de la cocina que,$ES_SG,El plomero ajustó el tubo de la cocina que,0.1676968866556443,0.289992799303171
8a,Spanish,Fernandez,low,sg,0,1,los tubos,de la cocina,tubos,cocina,El plomero ajustó los tubos de la cocina que MASKTOKEN en la casa.,El plomero ajustó los tubos de la cocina que,$ES_SG,El plomero ajustó los tubos de la cocina que,0.060869901773981994,0.0633811836126057
8a,Spanish,Fernandez,high,sg,0,1,el tubo,de las cocinas,tubo,cocinas,El plomero ajustó el tubo de las cocinas que MASKTOKEN en la casa.,El plomero ajustó el tubo de las cocinas que,$ES_SG,El plomero ajustó el tubo de las cocinas que,0.11700416291372662,0.211452530100388
8a,Spanish,Fernandez,ambi,pl,0,1,los tubos,de las cocinas,tubos,cocinas,El plomero ajustó los tubos de las cocinas que MASKTOKEN en la casa.,El plomero ajustó los tubos de las cocinas que,$ES_PL,El plomero ajustó los tubos de las cocinas que,0.16355685997199743,0.26830929821480254
8a,Spanish,Fernandez,low,pl,0,1,el tubo,de las cocinas,tubo,cocinas,El plomero ajustó el tubo de las cocinas que MASKTOKEN en la casa.,El plomero ajustó el tubo de las cocinas que,$ES_PL,El plomero ajustó el tubo de las cocinas que,0.0380852268362073,0.0712290982985806
8a,Spanish,Fernandez,high,pl,0,1,los tubos,de la cocina,tubos,cocina,El plomero ajustó los tubos de la cocina que MASKTOKEN en la casa.,El plomero ajustó los tubos de la cocina que,$ES_PL,El plomero ajustó los tubos de la cocina que,0.09851159472890991,0.21810255775445597
9a,Spanish,Fernandez,ambi,sg,0,1,el cable,del radio,cable,radio,María remplazó el cable del radio que MASKTOKEN en el coche.,María remplazó el cable del radio que,$ES_SG,María remplazó el cable del radio que,0.15656445245904038,0.2815261341014832
9a,Spanish,Fernandez,low,sg,0,1,los cables,del radio,cables,radio,María remplazó los cables del radio que MASKTOKEN en el coche.,María remplazó los cables del radio que,$ES_SG,María remplazó los cables del radio que,0.06930706288658062,0.032199163721941204
9a,Spanish,Fernandez,high,sg,0,1,el cable,de los radios,cable,radios,María remplazó el cable de los radios que MASKTOKEN en el coche.,María remplazó el cable de los radios que,$ES_SG,María remplazó el cable de los radios que,0.10807383814141502,0.1366279757217228
9a,Spanish,Fernandez,ambi,pl,0,1,los cables,de los radios,cables,radios,María remplazó los cables de los radios que MASKTOKEN en el coche.,María remplazó los cables de los radios que,$ES_PL,María remplazó los cables de los radios que,0.10748075720524852,0.30213151978716724
9a,Spanish,Fernandez,low,pl,0,1,el cable,de los radios,cable,radios,María remplazó el cable de los radios que MASKTOKEN en el coche.,María remplazó el cable de los radios que,$ES_PL,María remplazó el cable de los radios que,0.034341683075162166,0.16894584325700635
9a,Spanish,Fernandez,high,pl,0,1,los cables,del radio,cables,radio,María remplazó los cables del radio que MASKTOKEN en el coche.,María remplazó los cables del radio que,$ES_PL,María remplazó los cables del radio que,0.08676815591325493,0.2967209434807643
10a,Spanish,Fernandez,ambi,sg,1,1,el ritmo,del canto,ritmo,canto,A mi hermano le gustaba escuchar el ritmo del canto que MASKTOKEN en la primera cara del álbum.,A mi hermano le gustaba escuchar el ritmo del canto que,$ES_SG,A mi hermano le gustaba escuchar el ritmo del canto que,0.0871253449195244,0.10921648463841649
10a,Spanish,Fernandez,low,sg,1,1,los ritmos,del canto,ritmos,canto,A mi hermano le gustaba escuchar los ritmos del canto que MASKTOKEN en la primera cara del álbum.,A mi hermano le gustaba escuchar los ritmos del canto que,$ES_SG,A mi hermano le gustaba escuchar los ritmos del canto que,0.05749801870300786,0.09641972455287373
10a,Spanish,Fernandez,high,sg,1,1,el ritmo,de los cantos,ritmo,cantos,A mi hermano le gustaba escuchar el ritmo de los cantos que MASKTOKEN en la primera cara del álbum.,A mi hermano le gustaba escuchar el ritmo de los cantos que,$ES_SG,A mi hermano le gustaba escuchar el ritmo de los cantos que,0.0514474638160447,0.052966149032815935
10a,Spanish,Fernandez,ambi,pl,1,1,los ritmos,de los cantos,ritmos,cantos,A mi hermano le gustaba escuchar los ritmos de los cantos que MASKTOKEN en la primera cara del álbum.,A mi hermano le gustaba escuchar los ritmos de los cantos que,$ES_PL,A mi hermano le gustaba escuchar los ritmos de los cantos que,0.045822463487130705,0.04874966172291906
10a,Spanish,Fernandez,low,pl,1,1,el ritmo,de los cantos,ritmo,cantos,A mi hermano le gustaba escuchar el ritmo de los cantos que MASKTOKEN en la primera cara del álbum.,A mi hermano le gustaba escuchar el ritmo de los cantos que,$ES_PL,A mi hermano le gustaba escuchar el ritmo de los cantos que,0.040592549435530145,0.04139679703185983
10a,Spanish,Fernandez,high,pl,1,1,los ritmos,del canto,ritmos,canto,A mi hermano le gustaba escuchar los ritmos del canto que MASKTOKEN en la primera cara del álbum.,A mi hermano le gustaba escuchar los ritmos del canto que,$ES_PL,A mi hermano le gustaba escuchar los ritmos del canto que,0.021805347541004494,0.026575670640880844
11a,Spanish,Fernandez,ambi,sg,1,1,el color,del plato,color,plato,El cocinero no pudo encontrar el color del plato que MASKTOKEN en el aparador.,El cocinero no pudo encontrar el color del plato que,$ES_SG,El cocinero no pudo encontrar el color del plato que,0.16625887236097014,0.19499406101088823
11a,Spanish,Fernandez,low,sg,1,1,los colores,del plato,colores,plato,El cocinero no pudo encontrar los colores del plato que MASKTOKEN en el aparador.,El cocinero no pudo encontrar los colores del plato que,$ES_SG,El cocinero no pudo encontrar los colores del plato que,0.15301572607737413,0.1395507235708493
11a,Spanish,Fernandez,high,sg,1,1,el color,de los platos,color,platos,El cocinero no pudo encontrar el color de los platos que MASKTOKEN en el aparador.,El cocinero no pudo encontrar el color de los platos que,$ES_SG,El cocinero no pudo encontrar el color de los platos que,0.0950081567443668,0.08584431087453481
11a,Spanish,Fernandez,ambi,pl,1,1,los colores,de los platos,colores,platos,El cocinero no pudo encontrar los colores de los platos que MASKTOKEN en el aparador.,El cocinero no pudo encontrar los colores de los platos que,$ES_PL,El cocinero no pudo encontrar los colores de los platos que,0.11241373642763364,0.15595737893158912
11a,Spanish,Fernandez,low,pl,1,1,el color,de los platos,color,platos,El cocinero no pudo encontrar el color de los platos que MASKTOKEN en el aparador.,El cocinero no pudo encontrar el color de los platos que,$ES_PL,El cocinero no pudo encontrar el color de los platos que,0.083888820256945,0.13184753323213272
11a,Spanish,Fernandez,high,pl,1,1,los colores,del plato,colores,plato,El cocinero no pudo encontrar los colores del plato que MASKTOKEN en el aparador.,El cocinero no pudo encontrar los colores del plato que,$ES_PL,El cocinero no pudo encontrar los colores del plato que,0.0312378820353576,0.07256963965553709
12a,Spanish,Fernandez,ambi,sg,0,1,la llave,de la caja,llave,caja,El ladrón se llevó la llave de la caja que MASKTOKEN en al armario del pasillo.,El ladrón se llevó la llave de la caja que,$ES_SG,El ladrón se llevó la llave de la caja que,0.20191094824675915,0.29411583063145486
12a,Spanish,Fernandez,low,sg,0,1,las llaves,de la caja,llaves,caja,El ladrón se llevó las llaves de la caja que MASKTOKEN en al armario del pasillo.,El ladrón se llevó las llaves de la caja que,$ES_SG,El ladrón se llevó las llaves de la caja que,0.21610659907437046,0.2807588918847017
12a,Spanish,Fernandez,high,sg,0,1,la llave,de las cajas,llave,cajas,El ladrón se llevó la llave de las cajas que MASKTOKEN en al armario del pasillo.,El ladrón se llevó la llave de las cajas que,$ES_SG,El ladrón se llevó la llave de las cajas que,0.10374391057106624,0.08132418403039665
12a,Spanish,Fernandez,ambi,pl,0,1,las llaves,de las cajas,llaves,cajas,El ladrón se llevó las llaves de las cajas que MASKTOKEN en al armario del pasillo.,El ladrón se llevó las llaves de las cajas que,$ES_PL,El ladrón se llevó las llaves de las cajas que,0.10792813633650411,0.168083591063926
12a,Spanish,Fernandez,low,pl,0,1,la llave,de las cajas,llave,cajas,El ladrón se llevó la llave de las cajas que MASKTOKEN en al armario del pasillo.,El ladrón se llevó la llave de las cajas que,$ES_PL,El ladrón se llevó la llave de las cajas que,0.05733687158567591,0.1549565162870703
12a,Spanish,Fernandez,high,pl,0,1,las llaves,de la caja,llaves,caja,El ladrón se llevó las llaves de la caja que MASKTOKEN en al armario del pasillo.,El ladrón se llevó las llaves de la caja que,$ES_PL,El ladrón se llevó las llaves de la caja que,0.009197122694073023,0.013665073547213247
13a,Spanish,Fernandez,ambi,sg,0,1,a la hija,del prisionero,hija,prisionero,El periodista no pudo entrevistar a la hija del prisionero que MASKTOKEN en el avión.,El periodista no pudo entrevistar a la hija del prisionero que,$ES_SG,El periodista no pudo entrevistar a la hija del prisionero que,0.2234990844881537,0.5495646085589243
13a,Spanish,Fernandez,low,sg,0,1,a las hijas,del prisionero,hijas,prisionero,El periodista no pudo entrevistar a las hijas del prisionero que MASKTOKEN en el avión.,El periodista no pudo entrevistar a las hijas del prisionero que,$ES_SG,El periodista no pudo entrevistar a las hijas del prisionero que,0.11677201460034325,0.4515581782475806
13a,Spanish,Fernandez,high,sg,0,1,a la hija,de los prisioneros,hija,prisioneros,El periodista no pudo entrevistar a la hija de los prisioneros que MASKTOKEN en el avión.,El periodista no pudo entrevistar a la hija de los prisioneros que,$ES_SG,El periodista no pudo entrevistar a la hija de los prisioneros que,0.08774215218056725,0.19750686046656085
13a,Spanish,Fernandez,ambi,pl,0,1,a las hijas,de los prisioneros,hijas,prisioneros,El periodista no pudo entrevistar a las hijas de los prisioneros que MASKTOKEN en el avión.,El periodista no pudo entrevistar a las hijas de los prisioneros que,$ES_PL,El periodista no pudo entrevistar a las hijas de los prisioneros que,0.249973285415642,0.5902590528107936
13a,Spanish,Fernandez,low,pl,0,1,a la hija,de los prisioneros,hija,prisioneros,El periodista no pudo entrevistar a la hija de los prisioneros que MASKTOKEN en el avión.,El periodista no pudo entrevistar a la hija de los prisioneros que,$ES_PL,El periodista no pudo entrevistar a la hija de los prisioneros que,0.15703445436780328,0.4165610341372883
13a,Spanish,Fernandez,high,pl,0,1,a las hijas,del prisionero,hijas,prisionero,El periodista no pudo entrevistar a las hijas del prisionero que MASKTOKEN en el avión.,El periodista no pudo entrevistar a las hijas del prisionero que,$ES_PL,El periodista no pudo entrevistar a las hijas del prisionero que,0.1100422162685959,0.08477944683643202
14a,Spanish,Fernandez,ambi,sg,0,0,al profesor,del estudiante,profesor,estudiante,Patricia vio al profesor del estudiante que MASKTOKEN en clase.,Patricia vio al profesor del estudiante que,$ES_SG,Patricia vio al profesor del estudiante que,0.14764723901513221,0.2245416721048059
14a,Spanish,Fernandez,low,sg,0,0,a los profesores,del estudiante,profesores,estudiante,Patricia vio a los profesores del estudiante que MASKTOKEN en clase.,Patricia vio a los profesores del estudiante que,$ES_SG,Patricia vio a los profesores del estudiante que,0.014252386951138618,0.1039055483511504
14a,Spanish,Fernandez,high,sg,0,0,al profesor,de los estudiantes,profesor,estudiantes,Patricia vio al profesor de los estudiantes que MASKTOKEN en clase.,Patricia vio al profesor de los estudiantes que,$ES_SG,Patricia vio al profesor de los estudiantes que,0.09999368258277741,0.13766756460114493
14a,Spanish,Fernandez,ambi,pl,0,0,a los profesores,de los estudiantes,profesores,estudiantes,Patricia vio a los profesores de los estudiantes que MASKTOKEN en clase.,Patricia vio a los profesores de los estudiantes que,$ES_PL,Patricia vio a los profesores de los estudiantes que,0.19932902627213522,0.2231881577290551
14a,Spanish,Fernandez,low,pl,0,0,al profesor,de los estudiantes,profesor,estudiantes,Patricia vio al profesor de los estudiantes que MASKTOKEN en clase.,Patricia vio al profesor de los estudiantes que,$ES_PL,Patricia vio al profesor de los estudiantes que,0.05929430901485233,0.126257389557054
14a,Spanish,Fernandez,high,pl,0,0,a los profesores,del estudiante,profesores,estudiante,Patricia vio a los profesores del estudiante que MASKTOKEN en clase.,Patricia vio a los profesores del estudiante que,$ES_PL,Patricia vio a los profesores del estudiante que,0.18498197152791818,0.12634592608220885
15a,Spanish,Fernandez,ambi,sg,1,0,al director,del asistente,director,asistente,Linda escribió al director del asistente que MASKTOKEN en la universidad.,Linda escribió al director del asistente que,$ES_SG,Linda escribió al director del asistente que,0.12553247092930064,0.11432424130994434
15a,Spanish,Fernandez,low,sg,1,0,a los directores,del asistente,directores,asistente,Linda escribió a los directores del asistente que MASKTOKEN en la universidad.,Linda escribió a los directores del asistente que,$ES_SG,Linda escribió a los directores del asistente que,0.075228546381787,0.07541648128878364
15a,Spanish,Fernandez,high,sg,1,0,al director,de los asistentes,director,asistentes,Linda escribió al director de los asistentes que MASKTOKEN en la universidad.,Linda escribió al director de los asistentes que,$ES_SG,Linda escribió al director de los asistentes que,0.07342518580242086,0.0822688778242906
15a,Spanish,Fernandez,ambi,pl,1,0,a los directores,de los asistentes,directores,asistentes,Linda escribió a los directores de los asistentes que MASKTOKEN en la universidad.,Linda escribió a los directores de los asistentes que,$ES_PL,Linda escribió a los directores de los asistentes que,0.09392076775073122,0.06108241484147925
15a,Spanish,Fernandez,low,pl,1,0,al director,de los asistentes,director,asistentes,Linda escribió al director de los asistentes que MASKTOKEN en la universidad.,Linda escribió al director de los asistentes que,$ES_PL,Linda escribió al director de los asistentes que,0.048397054678453344,0.04485192442054853
15a,Spanish,Fernandez,high,pl,1,0,a los directores,del asistente,directores,asistente,Linda escribió a los directores del asistente que MASKTOKEN en la universidad.,Linda escribió a los directores del asistente que,$ES_PL,Linda escribió a los directores del asistente que,0.06959997484293723,0.0430551925476621
16a,Spanish,Fernandez,ambi,sg,1,0,al conductor,del turista,conductor,turista,El director del hotel no quiso ver al conductor del turista que MASKTOKEN en recepción..,El director del hotel no quiso ver al conductor del turista que,$ES_SG,El director del hotel no quiso ver al conductor del turista que,0.16946524110339212,0.34680507872339206
16a,Spanish,Fernandez,low,sg,1,0,a los conductores,del turista,conductores,turista,El director del hotel no quiso ver a los conductores del turista que MASKTOKEN en recepción..,El director del hotel no quiso ver a los conductores del turista que,$ES_SG,El director del hotel no quiso ver a los conductores del turista que,0.013836224050367107,0.2004641054853522
16a,Spanish,Fernandez,high,sg,1,0,al conductor,de los turistas,conductor,turistas,El director del hotel no quiso ver al conductor de los turistas que MASKTOKEN en recepción..,El director del hotel no quiso ver al conductor de los turistas que,$ES_SG,El director del hotel no quiso ver al conductor de los turistas que,0.1371074251139257,0.05911225628410577
16a,Spanish,Fernandez,ambi,pl,1,0,a los conductores,de los turistas,conductores,turistas,El director del hotel no quiso ver a los conductores de los turistas que MASKTOKEN en recepción..,El director del hotel no quiso ver a los conductores de los turistas que,$ES_PL,El director del hotel no quiso ver a los conductores de los turistas que,0.30757943586090875,0.4351981107923564
16a,Spanish,Fernandez,low,pl,1,0,al conductor,de los turistas,conductor,turistas,El director del hotel no quiso ver al conductor de los turistas que MASKTOKEN en recepción..,El director del hotel no quiso ver al conductor de los turistas que,$ES_PL,El director del hotel no quiso ver al conductor de los turistas que,0.11223482633050352,0.3474634866176842
16a,Spanish,Fernandez,high,pl,1,0,a los conductores,del turista,conductores,turista,El director del hotel no quiso ver a los conductores del turista que MASKTOKEN en recepción..,El director del hotel no quiso ver a los conductores del turista que,$ES_PL,El director del hotel no quiso ver a los conductores del turista que,0.25899597587564926,0.209159474230745
17a,Spanish,Fernandez,ambi,sg,0,0,al cliente,del abogado,cliente,abogado,La recepcionista saludó al cliente del abogado que MASKTOKEN en la sala de conferencias.,La recepcionista saludó al cliente del abogado que,$ES_SG,La recepcionista saludó al cliente del abogado que,0.19084318695540858,0.29899354169361914
17a,Spanish,Fernandez,low,sg,0,0,a los clientes,del abogado,clientes,abogado,La recepcionista saludó a los clientes del abogado que MASKTOKEN en la sala de conferencias.,La recepcionista saludó a los clientes del abogado que,$ES_SG,La recepcionista saludó a los clientes del abogado que,0.12974808638666424,0.1877801917664783
17a,Spanish,Fernandez,high,sg,0,0,al cliente,de los abogados,cliente,abogados,La recepcionista saludó al cliente de los abogados que MASKTOKEN en la sala de conferencias.,La recepcionista saludó al cliente de los abogados que,$ES_SG,La recepcionista saludó al cliente de los abogados que,0.10490742587004664,0.0556028128599273
17a,Spanish,Fernandez,ambi,pl,0,0,a los clientes,de los abogados,clientes,abogados,La recepcionista saludó a los clientes de los abogados que MASKTOKEN en la sala de conferencias.,La recepcionista saludó a los clientes de los abogados que,$ES_PL,La recepcionista saludó a los clientes de los abogados que,0.30617892963808657,0.3409925829827216
17a,Spanish,Fernandez,low,pl,0,0,al cliente,de los abogados,cliente,abogados,La recepcionista saludó al cliente de los abogados que MASKTOKEN en la sala de conferencias.,La recepcionista saludó al cliente de los abogados que,$ES_PL,La recepcionista saludó al cliente de los abogados que,0.10538315348602367,0.23665873533849435
17a,Spanish,Fernandez,high,pl,0,0,a los clientes,del abogado,clientes,abogado,La recepcionista saludó a los clientes del abogado que MASKTOKEN en la sala de conferencias.,La recepcionista saludó a los clientes del abogado que,$ES_PL,La recepcionista saludó a los clientes del abogado que,0.10379819679454982,0.13429449328975807
18a,Spanish,Fernandez,ambi,sg,1,0,al guarda,del embajador,guarda,embajador,Nadie vio al guarda del embajador que MASKTOKEN en la fiesta.,Nadie vio al guarda del embajador que,$ES_SG,Nadie vio al guarda del embajador que,0.13351563446030124,0.279642830020812
18a,Spanish,Fernandez,low,sg,1,0,a los guardas,del embajador,guardas,embajador,Nadie vio a los guardas del embajador que MASKTOKEN en la fiesta.,Nadie vio a los guardas del embajador que,$ES_SG,Nadie vio a los guardas del embajador que,0.013684748171184813,0.05066047220689285
18a,Spanish,Fernandez,high,sg,1,0,al guarda,de los embajadores,guarda,embajadores,Nadie vio al guarda de los embajadores que MASKTOKEN en la fiesta.,Nadie vio al guarda de los embajadores que,$ES_SG,Nadie vio al guarda de los embajadores que,0.062140528712368415,0.16458931259934673
18a,Spanish,Fernandez,ambi,pl,1,0,a los guardas,de los embajadores,guardas,embajadores,Nadie vio a los guardas de los embajadores que MASKTOKEN en la fiesta.,Nadie vio a los guardas de los embajadores que,$ES_PL,Nadie vio a los guardas de los embajadores que,0.15727497960250325,0.261307272818712
18a,Spanish,Fernandez,low,pl,1,0,al guarda,de los embajadores,guarda,embajadores,Nadie vio al guarda de los embajadores que MASKTOKEN en la fiesta.,Nadie vio al guarda de los embajadores que,$ES_PL,Nadie vio al guarda de los embajadores que,0.07977508553736712,0.13633821825604286
18a,Spanish,Fernandez,high,pl,1,0,a los guardas,del embajador,guardas,embajador,Nadie vio a los guardas del embajador que MASKTOKEN en la fiesta.,Nadie vio a los guardas del embajador que,$ES_PL,Nadie vio a los guardas del embajador que,0.1510661098135362,0.25951381157402054
19a,Spanish,Fernandez,ambi,sg,0,0,al hijo,del delegado,hijo,delegado,Ivana conoció al hijo del delegado que MASKTOKEN en el salón.,Ivana conoció al hijo del delegado que,$ES_SG,Ivana conoció al hijo del delegado que,0.20203735298747816,0.3598159653716948
19a,Spanish,Fernandez,low,sg,0,0,a los hijos,del delegado,hijos,delegado,Ivana conoció a los hijos del delegado que MASKTOKEN en el salón.,Ivana conoció a los hijos del delegado que,$ES_SG,Ivana conoció a los hijos del delegado que,0.19993617335241254,0.29024045361984463
19a,Spanish,Fernandez,high,sg,0,0,al hijo,de los delegados,hijo,delegados,Ivana conoció al hijo de los delegados que MASKTOKEN en el salón.,Ivana conoció al hijo de los delegados que,$ES_SG,Ivana conoció al hijo de los delegados que,0.05467833958293511,0.1002154496683545
19a,Spanish,Fernandez,ambi,pl,0,0,a los hijos,de los delegados,hijos,delegados,Ivana conoció a los hijos de los delegados que MASKTOKEN en el salón.,Ivana conoció a los hijos de los delegados que,$ES_PL,Ivana conoció a los hijos de los delegados que,0.2234909109069605,0.3170304650610376
19a,Spanish,Fernandez,low,pl,0,0,al hijo,de los delegados,hijo,delegados,Ivana conoció al hijo de los delegados que MASKTOKEN en el salón.,Ivana conoció al hijo de los delegados que,$ES_PL,Ivana conoció al hijo de los delegados que,0.1573164576200412,0.20291989702963065
19a,Spanish,Fernandez,high,pl,0,0,a los hijos,del delegado,hijos,delegado,Ivana conoció a los hijos del delegado que MASKTOKEN en el salón.,Ivana conoció a los hijos del delegado que,$ES_PL,Ivana conoció a los hijos del delegado que,0.013372980830006043,0.05848990386402875
20a,Spanish,Fernandez,ambi,sg,1,1,el componente,de la pluma,componente,pluma,Lisa no pudo encontrar el componente de la pluma que MASKTOKEN de oferta.,Lisa no pudo encontrar el componente de la pluma que,$ES_SG,Lisa no pudo encontrar el componente de la pluma que,0.15554968924618606,0.1849270056645338
20a,Spanish,Fernandez,low,sg,1,1,los componentes,de la pluma,componentes,pluma,Lisa no pudo encontrar los componentes de la pluma que MASKTOKEN de oferta.,Lisa no pudo encontrar los componentes de la pluma que,$ES_SG,Lisa no pudo encontrar los componentes de la pluma que,0.09425713221756382,0.11637975939422063
20a,Spanish,Fernandez,high,sg,1,1,el componente,de las plumas,componente,plumas,Lisa no pudo encontrar el componente de las plumas que MASKTOKEN de oferta.,Lisa no pudo encontrar el componente de las plumas que,$ES_SG,Lisa no pudo encontrar el componente de las plumas que,0.07944386436699347,0.1597650623503455
20a,Spanish,Fernandez,ambi,pl,1,1,los componentes,de las plumas,componentes,plumas,Lisa no pudo encontrar los componentes de las plumas que MASKTOKEN de oferta.,Lisa no pudo encontrar los componentes de las plumas que,$ES_PL,Lisa no pudo encontrar los componentes de las plumas que,0.1024381786475459,0.20110719740678462
20a,Spanish,Fernandez,low,pl,1,1,el componente,de las plumas,componente,plumas,Lisa no pudo encontrar el componente de las plumas que MASKTOKEN de oferta.,Lisa no pudo encontrar el componente de las plumas que,$ES_PL,Lisa no pudo encontrar el componente de las plumas que,0.0784395708078165,0.07842572607005138
20a,Spanish,Fernandez,high,pl,1,1,los componentes,de la pluma,componentes,pluma,Lisa no pudo encontrar los componentes de la pluma que MASKTOKEN de oferta.,Lisa no pudo encontrar los componentes de la pluma que,$ES_PL,Lisa no pudo encontrar los componentes de la pluma que,0.08696860113666105,0.0750653308731195
21a,Spanish,Fernandez,ambi,sg,1,0,el relato,del manuscrito,relato,manuscrito,El estudiante leyó el relato del manuscrito que MASKTOKEN en el examen.,El estudiante leyó el relato del manuscrito que,$ES_SG,El estudiante leyó el relato del manuscrito que,0.1279627030254673,0.1840658079808435
21a,Spanish,Fernandez,low,sg,1,0,los relatos,del manuscrito,relatos,manuscrito,El estudiante leyó los relatos del manuscrito que MASKTOKEN en el examen.,El estudiante leyó los relatos del manuscrito que,$ES_SG,El estudiante leyó los relatos del manuscrito que,0.1148064352709639,0.13185049971519902
21a,Spanish,Fernandez,high,sg,1,0,el relato,de los manuscritos,relato,manuscritos,El estudiante leyó el relato de los manuscritos que MASKTOKEN en el examen.,El estudiante leyó el relato de los manuscritos que,$ES_SG,El estudiante leyó el relato de los manuscritos que,0.0642788428706993,0.06104332583689143
21a,Spanish,Fernandez,ambi,pl,1,0,los relatos,de los manuscritos,relatos,manuscritos,El estudiante leyó los relatos de los manuscritos que MASKTOKEN en el examen.,El estudiante leyó los relatos de los manuscritos que,$ES_PL,El estudiante leyó los relatos de los manuscritos que,0.06730229491205719,0.15804955707298518
21a,Spanish,Fernandez,low,pl,1,0,el relato,de los manuscritos,relato,manuscritos,El estudiante leyó el relato de los manuscritos que MASKTOKEN en el examen.,El estudiante leyó el relato de los manuscritos que,$ES_PL,El estudiante leyó el relato de los manuscritos que,0.034461122164383795,0.10925342614611822
21a,Spanish,Fernandez,high,pl,1,0,los relatos,del manuscrito,relatos,manuscrito,El estudiante leyó los relatos del manuscrito que MASKTOKEN en el examen.,El estudiante leyó los relatos del manuscrito que,$ES_PL,El estudiante leyó los relatos del manuscrito que,0.012585712592933618,0.041696129506844315
22a,Spanish,Fernandez,ambi,sg,0,1,el panel,de la caja,panel,caja,Los arqueólogos finalmente encontraron el panel de la caja que MASKTOKEN en el poema.,Los arqueólogos finalmente encontraron el panel de la caja que,$ES_SG,Los arqueólogos finalmente encontraron el panel de la caja que,0.09331479532371745,0.31987624814627225
22a,Spanish,Fernandez,low,sg,0,1,los paneles,de la caja,paneles,caja,Los arqueólogos finalmente encontraron los paneles de la caja que MASKTOKEN en el poema.,Los arqueólogos finalmente encontraron los paneles de la caja que,$ES_SG,Los arqueólogos finalmente encontraron los paneles de la caja que,0.03903157270031965,0.16111752829153758
22a,Spanish,Fernandez,high,sg,0,1,el panel,de las cajas,panel,cajas,Los arqueólogos finalmente encontraron el panel de las cajas que MASKTOKEN en el poema.,Los arqueólogos finalmente encontraron el panel de las cajas que,$ES_SG,Los arqueólogos finalmente encontraron el panel de las cajas que,0.047631812488365455,0.2010517595332857
22a,Spanish,Fernandez,ambi,pl,0,1,los paneles,de las cajas,paneles,cajas,Los arqueólogos finalmente encontraron los paneles de las cajas que MASKTOKEN en el poema.,Los arqueólogos finalmente encontraron los paneles de las cajas que,$ES_PL,Los arqueólogos finalmente encontraron los paneles de las cajas que,0.14165997633621963,0.3115435356427678
22a,Spanish,Fernandez,low,pl,0,1,el panel,de las cajas,panel,cajas,Los arqueólogos finalmente encontraron el panel de las cajas que MASKTOKEN en el poema.,Los arqueólogos finalmente encontraron el panel de las cajas que,$ES_PL,Los arqueólogos finalmente encontraron el panel de las cajas que,0.07506729369580079,0.1325609125603524
22a,Spanish,Fernandez,high,pl,0,1,los paneles,de la caja,paneles,caja,Los arqueólogos finalmente encontraron los paneles de la caja que MASKTOKEN en el poema.,Los arqueólogos finalmente encontraron los paneles de la caja que,$ES_PL,Los arqueólogos finalmente encontraron los paneles de la caja que,0.10949912939963014,0.15084548138050735
23a,Spanish,Fernandez,ambi,sg,1,0,la pieza,del computadora,pieza,computadora,Enrique había inspeccionado la pieza del computadora que MASKTOKEN encima del escritorio..,Enrique había inspeccionado la pieza del computadora que,$ES_SG,Enrique había inspeccionado la pieza del computadora que,0.17623044180012215,0.1875471025880131
23a,Spanish,Fernandez,low,sg,1,0,las piezas,del computadora,piezas,computadora,Enrique había inspeccionado las piezas del computadora que MASKTOKEN encima del escritorio..,Enrique había inspeccionado las piezas del computadora que,$ES_SG,Enrique había inspeccionado las piezas del computadora que,0.06463738347963499,0.03131399155753911
23a,Spanish,Fernandez,high,sg,1,0,la pieza,de las computadoras,pieza,computadoras,Enrique había inspeccionado la pieza de las computadoras que MASKTOKEN encima del escritorio..,Enrique había inspeccionado la pieza de las computadoras que,$ES_SG,Enrique había inspeccionado la pieza de las computadoras que,0.10417192195026104,0.13188319507803214
23a,Spanish,Fernandez,ambi,pl,1,0,las piezas,de las computadoras,piezas,computadoras,Enrique había inspeccionado las piezas de las computadoras que MASKTOKEN encima del escritorio..,Enrique había inspeccionado las piezas de las computadoras que,$ES_PL,Enrique había inspeccionado las piezas de las computadoras que,0.1396056370771923,0.20113001154657795
23a,Spanish,Fernandez,low,pl,1,0,la pieza,de las computadoras,pieza,computadoras,Enrique había inspeccionado la pieza de las computadoras que MASKTOKEN encima del escritorio..,Enrique había inspeccionado la pieza de las computadoras que,$ES_PL,Enrique había inspeccionado la pieza de las computadoras que,0.049734463246005944,0.0771409736787092
23a,Spanish,Fernandez,high,pl,1,0,las piezas,del computadora,piezas,computadora,Enrique había inspeccionado las piezas del computadora que MASKTOKEN encima del escritorio..,Enrique había inspeccionado las piezas del computadora que,$ES_PL,Enrique había inspeccionado las piezas del computadora que,0.08725100128488084,0.18416005097140697
24a,Spanish,Fernandez,ambi,sg,0,0,el pasillo,del apartamento,pasillo,apartamento,Susana admiró el pasillo del apartamento que MASKTOKEN cerca del parque.,Susana admiró el pasillo del apartamento que,$ES_SG,Susana admiró el pasillo del apartamento que,0.16330128101241392,0.28347810155888453
24a,Spanish,Fernandez,low,sg,0,0,los pasillos,del apartamento,pasillos,apartamento,Susana admiró los pasillos del apartamento que MASKTOKEN cerca del parque.,Susana admiró los pasillos del apartamento que,$ES_SG,Susana admiró los pasillos del apartamento que,0.0834841042998935,0.1481463120454336
24a,Spanish,Fernandez,high,sg,0,0,el pasillo,de los apartamentos,pasillo,apartamentos,Susana admiró el pasillo de los apartamentos que MASKTOKEN cerca del parque.,Susana admiró el pasillo de los apartamentos que,$ES_SG,Susana admiró el pasillo de los apartamentos que,0.05220572262983936,0.19765816209552156
24a,Spanish,Fernandez,ambi,pl,0,0,los pasillos,de los apartamentos,pasillos,apartamentos,Susana admiró los pasillos de los apartamentos que MASKTOKEN cerca del parque.,Susana admiró los pasillos de los apartamentos que,$ES_PL,Susana admiró los pasillos de los apartamentos que,0.12102968725774588,0.14968490397668077
24a,Spanish,Fernandez,low,pl,0,0,el pasillo,de los apartamentos,pasillo,apartamentos,Susana admiró el pasillo de los apartamentos que MASKTOKEN cerca del parque.,Susana admiró el pasillo de los apartamentos que,$ES_PL,Susana admiró el pasillo de los apartamentos que,0.08753033558441992,0.10344866811938225
24a,Spanish,Fernandez,high,pl,0,0,los pasillos,del apartamento,pasillos,apartamento,Susana admiró los pasillos del apartamento que MASKTOKEN cerca del parque.,Susana admiró los pasillos del apartamento que,$ES_PL,Susana admiró los pasillos del apartamento que,0.043703488191606965,0.0821030095223172
1,Spanish,Cuetos_Mitchell,ambi,sg,0,0,el libro,de la chica,libro,chica,Pedro miraba el libro de la chica que MASKTOKEN en el salón.,Pedro miraba el libro de la chica que,$ES_SG,Pedro miraba el libro de la chica que,0.20846094416597083,0.2768112350126444
1,Spanish,Cuetos_Mitchell,low,sg,0,0,los libros,de la chica,libros,chica,Pedro miraba los libros de la chica que MASKTOKEN en el salón.,Pedro miraba los libros de la chica que,$ES_SG,Pedro miraba los libros de la chica que,0.1898753168122358,0.28205220865037006
1,Spanish,Cuetos_Mitchell,high,sg,0,0,el libro,de las chicas,libro,chicas,Pedro miraba el libro de las chicas que MASKTOKEN en el salón.,Pedro miraba el libro de las chicas que,$ES_SG,Pedro miraba el libro de las chicas que,0.07253900959575788,0.12408337695933369
1,Spanish,Cuetos_Mitchell,ambi,pl,0,0,los libros,de las chicas,libros,chicas,Pedro miraba los libros de las chicas que MASKTOKEN en el salón.,Pedro miraba los libros de las chicas que,$ES_PL,Pedro miraba los libros de las chicas que,0.1857551905491066,0.2742591991027723
1,Spanish,Cuetos_Mitchell,low,pl,0,0,el libro,de las chicas,libro,chicas,Pedro miraba el libro de las chicas que MASKTOKEN en el salón.,Pedro miraba el libro de las chicas que,$ES_PL,Pedro miraba el libro de las chicas que,0.10410932344562518,0.2244239161543078
1,Spanish,Cuetos_Mitchell,high,pl,0,0,los libros,de la chica,libros,chica,Pedro miraba los libros de la chica que MASKTOKEN en el salón.,Pedro miraba los libros de la chica que,$ES_PL,Pedro miraba los libros de la chica que,0.011029607868230151,0.01710581655474286
2,Spanish,Cuetos_Mitchell,ambi,sg,0,0,el criado,de la actriz,criado,actriz,Alguien disparó contra el criado de la actriz que MASKTOKEN en el balcón.,Alguien disparó contra el criado de la actriz que,$ES_SG,Alguien disparó contra el criado de la actriz que,0.23292715833948918,0.3208706586144672
2,Spanish,Cuetos_Mitchell,low,sg,0,0,los criados,de la actriz,criados,actriz,Alguien disparó contra los criados de la actriz que MASKTOKEN en el balcón.,Alguien disparó contra los criados de la actriz que,$ES_SG,Alguien disparó contra los criados de la actriz que,0.2069262022781686,0.27550865731407725
2,Spanish,Cuetos_Mitchell,high,sg,0,0,el criado,de las actrices,criado,actrices,Alguien disparó contra el criado de las actrices que MASKTOKEN en el balcón.,Alguien disparó contra el criado de las actrices que,$ES_SG,Alguien disparó contra el criado de las actrices que,0.07184553678179029,0.08459907368336772
2,Spanish,Cuetos_Mitchell,ambi,pl,0,0,los criados,de las actrices,criados,actrices,Alguien disparó contra los criados de las actrices que MASKTOKEN en el balcón.,Alguien disparó contra los criados de las actrices que,$ES_PL,Alguien disparó contra los criados de las actrices que,0.21540945017931534,0.3405977805256555
2,Spanish,Cuetos_Mitchell,low,pl,0,0,el criado,de las actrices,criado,actrices,Alguien disparó contra el criado de las actrices que MASKTOKEN en el balcón.,Alguien disparó contra el criado de las actrices que,$ES_PL,Alguien disparó contra el criado de las actrices que,0.12887008690662327,0.2644143792620923
2,Spanish,Cuetos_Mitchell,high,pl,0,0,los criados,de la actriz,criados,actriz,Alguien disparó contra los criados de la actriz que MASKTOKEN en el balcón.,Alguien disparó contra los criados de la actriz que,$ES_PL,Alguien disparó contra los criados de la actriz que,0.012297207350684403,0.04015625998432171
3,Spanish,Cuetos_Mitchell,ambi,sg,0,0,al amigo,de la maestra,amigo,maestra,Juan conoció al amigo de la maestra que MASKTOKEN en Alemania.,Juan conoció al amigo de la maestra que,$ES_SG,Juan conoció al amigo de la maestra que,0.1997907146509803,0.4345306556664781
3,Spanish,Cuetos_Mitchell,low,sg,0,0,a los amigos,de la maestra,amigos,maestra,Juan conoció a los amigos de la maestra que MASKTOKEN en Alemania.,Juan conoció a los amigos de la maestra que,$ES_SG,Juan conoció a los amigos de la maestra que,0.06209144228849439,0.124365706160944
3,Spanish,Cuetos_Mitchell,high,sg,0,0,al amigo,de las maestras,amigo,maestras,Juan conoció al amigo de las maestras que MASKTOKEN en Alemania.,Juan conoció al amigo de las maestras que,$ES_SG,Juan conoció al amigo de las maestras que,0.19100169529568944,0.3511204310016467
3,Spanish,Cuetos_Mitchell,ambi,pl,0,0,a los amigos,de las maestras,amigos,maestras,Juan conoció a los amigos de las maestras que MASKTOKEN en Alemania.,Juan conoció a los amigos de las maestras que,$ES_PL,Juan conoció a los amigos de las maestras que,0.20483896556254422,0.3630341839047446
3,Spanish,Cuetos_Mitchell,low,pl,0,0,al amigo,de las maestras,amigo,maestras,Juan conoció al amigo de las maestras que MASKTOKEN en Alemania.,Juan conoció al amigo de las maestras que,$ES_PL,Juan conoció al amigo de las maestras que,0.009525253106515308,0.06885540003933599
3,Spanish,Cuetos_Mitchell,high,pl,0,0,a los amigos,de la maestra,amigos,maestra,Juan conoció a los amigos de la maestra que MASKTOKEN en Alemania.,Juan conoció a los amigos de la maestra que,$ES_PL,Juan conoció a los amigos de la maestra que,0.17984814277845373,0.25661593226736557
4,Spanish,Cuetos_Mitchell,ambi,sg,0,0,la maleta,del turista,maleta,turista,Un ladrón espiaba la maleta del turista que MASKTOKEN junto al buzón.,Un ladrón espiaba la maleta del turista que,$ES_SG,Un ladrón espiaba la maleta del turista que,0.21376469138832732,0.3856657507919401
4,Spanish,Cuetos_Mitchell,low,sg,0,0,las maletas,del turista,maletas,turista,Un ladrón espiaba las maletas del turista que MASKTOKEN junto al buzón.,Un ladrón espiaba las maletas del turista que,$ES_SG,Un ladrón espiaba las maletas del turista que,0.20057594079705154,0.338286323066729
4,Spanish,Cuetos_Mitchell,high,sg,0,0,la maleta,de los turistas,maleta,turistas,Un ladrón espiaba la maleta de los turistas que MASKTOKEN junto al buzón.,Un ladrón espiaba la maleta de los turistas que,$ES_SG,Un ladrón espiaba la maleta de los turistas que,0.054625441448992174,0.06622032392917143
4,Spanish,Cuetos_Mitchell,ambi,pl,0,0,las maletas,de los turistas,maletas,turistas,Un ladrón espiaba las maletas de los turistas que MASKTOKEN junto al buzón.,Un ladrón espiaba las maletas de los turistas que,$ES_PL,Un ladrón espiaba las maletas de los turistas que,0.3369639442509538,0.5999820500332209
4,Spanish,Cuetos_Mitchell,low,pl,0,0,la maleta,de los turistas,maleta,turistas,Un ladrón espiaba la maleta de los turistas que MASKTOKEN junto al buzón.,Un ladrón espiaba la maleta de los turistas que,$ES_PL,Un ladrón espiaba la maleta de los turistas que,0.2591887599457401,0.5134538669158744
4,Spanish,Cuetos_Mitchell,high,pl,0,0,las maletas,del turista,maletas,turista,Un ladrón espiaba las maletas del turista que MASKTOKEN junto al buzón.,Un ladrón espiaba las maletas del turista que,$ES_PL,Un ladrón espiaba las maletas del turista que,0.03339125408117738,0.02180603581237195
5,Spanish,Cuetos_Mitchell,ambi,sg,1,0,el caballo,del campesino,caballo,campesino,El turista fotografió el caballo del campesino que MASKTOKEN junto a la charca.,El turista fotografió el caballo del campesino que,$ES_SG,El turista fotografió el caballo del campesino que,0.24520804410681762,0.29867369695864454
5,Spanish,Cuetos_Mitchell,low,sg,1,0,los caballos,del campesino,caballos,campesino,El turista fotografió los caballos del campesino que MASKTOKEN junto a la charca.,El turista fotografió los caballos del campesino que,$ES_SG,El turista fotografió los caballos del campesino que,0.09140519333414687,0.14995775565265035
5,Spanish,Cuetos_Mitchell,high,sg,1,0,el caballo,de los campesinos,caballo,campesinos,El turista fotografió el caballo de los campesinos que MASKTOKEN junto a la charca.,El turista fotografió el caballo de los campesinos que,$ES_SG,El turista fotografió el caballo de los campesinos que,0.1344168621020856,0.15856086022202476
5,Spanish,Cuetos_Mitchell,ambi,pl,1,0,los caballos,de los campesinos,caballos,campesinos,El turista fotografió los caballos de los campesinos que MASKTOKEN junto a la charca.,El turista fotografió los caballos de los campesinos que,$ES_PL,El turista fotografió los caballos de los campesinos que,0.26804887643555375,0.3366359999724864
5,Spanish,Cuetos_Mitchell,low,pl,1,0,el caballo,de los campesinos,caballo,campesinos,El turista fotografió el caballo de los campesinos que MASKTOKEN junto a la charca.,El turista fotografió el caballo de los campesinos que,$ES_PL,El turista fotografió el caballo de los campesinos que,0.11751171965559593,0.1644373854958019
5,Spanish,Cuetos_Mitchell,high,pl,1,0,los caballos,del campesino,caballos,campesino,El turista fotografió los caballos del campesino que MASKTOKEN junto a la charca.,El turista fotografió los caballos del campesino que,$ES_PL,El turista fotografió los caballos del campesino que,0.17723266559116269,0.14547417899414938
6,Spanish,Cuetos_Mitchell,ambi,sg,0,1,a la hermana,del trabajador,hermana,trabajador,La policía detuvo a la hermana del trabajador que MASKTOKEN en Melilla.,La policía detuvo a la hermana del trabajador que,$ES_SG,La policía detuvo a la hermana del trabajador que,0.2386797228298434,0.5209857962581737
6,Spanish,Cuetos_Mitchell,low,sg,0,1,a las hermanas,del trabajador,hermanas,trabajador,La policía detuvo a las hermanas del trabajador que MASKTOKEN en Melilla.,La policía detuvo a las hermanas del trabajador que,$ES_SG,La policía detuvo a las hermanas del trabajador que,0.16706893463311978,0.37454223505241657
6,Spanish,Cuetos_Mitchell,high,sg,0,1,a la hermana,de los trabajadores,hermana,trabajadores,La policía detuvo a la hermana de los trabajadores que MASKTOKEN en Melilla.,La policía detuvo a la hermana de los trabajadores que,$ES_SG,La policía detuvo a la hermana de los trabajadores que,0.10783277205540287,0.1800372153994374
6,Spanish,Cuetos_Mitchell,ambi,pl,0,1,a las hermanas,de los trabajadores,hermanas,trabajadores,La policía detuvo a las hermanas de los trabajadores que MASKTOKEN en Melilla.,La policía detuvo a las hermanas de los trabajadores que,$ES_PL,La policía detuvo a las hermanas de los trabajadores que,0.2993580565214842,0.46356833576916756
6,Spanish,Cuetos_Mitchell,low,pl,0,1,a la hermana,de los trabajadores,hermana,trabajadores,La policía detuvo a la hermana de los trabajadores que MASKTOKEN en Melilla.,La policía detuvo a la hermana de los trabajadores que,$ES_PL,La policía detuvo a la hermana de los trabajadores que,0.1550820086717266,0.3058313020601702
6,Spanish,Cuetos_Mitchell,high,pl,0,1,a las hermanas,del trabajador,hermanas,trabajador,La policía detuvo a las hermanas del trabajador que MASKTOKEN en Melilla.,La policía detuvo a las hermanas del trabajador que,$ES_PL,La policía detuvo a las hermanas del trabajador que,0.07420853434988928,0.11814636035349224
7,Spanish,Cuetos_Mitchell,ambi,sg,1,0,la medicina,del paciente,medicina,paciente,La enfermera apartó la medicina del paciente que MASKTOKEN junto a la ventana.,La enfermera apartó la medicina del paciente que,$ES_SG,La enfermera apartó la medicina del paciente que,0.19772700044543967,0.3700700605748093
7,Spanish,Cuetos_Mitchell,low,sg,1,0,las medicinas,del paciente,medicinas,paciente,La enfermera apartó las medicinas del paciente que MASKTOKEN junto a la ventana.,La enfermera apartó las medicinas del paciente que,$ES_SG,La enfermera apartó las medicinas del paciente que,0.18590866633450887,0.3360716638462682
7,Spanish,Cuetos_Mitchell,high,sg,1,0,la medicina,de los pacientes,medicina,pacientes,La enfermera apartó la medicina de los pacientes que MASKTOKEN junto a la ventana.,La enfermera apartó la medicina de los pacientes que,$ES_SG,La enfermera apartó la medicina de los pacientes que,0.0317848827602738,0.03340226831949544
7,Spanish,Cuetos_Mitchell,ambi,pl,1,0,las medicinas,de los pacientes,medicinas,pacientes,La enfermera apartó las medicinas de los pacientes que MASKTOKEN junto a la ventana.,La enfermera apartó las medicinas de los pacientes que,$ES_PL,La enfermera apartó las medicinas de los pacientes que,0.22238614375181598,0.31266124859037703
7,Spanish,Cuetos_Mitchell,low,pl,1,0,la medicina,de los pacientes,medicina,pacientes,La enfermera apartó la medicina de los pacientes que MASKTOKEN junto a la ventana.,La enfermera apartó la medicina de los pacientes que,$ES_PL,La enfermera apartó la medicina de los pacientes que,0.1981705204908515,0.2770469436238905
7,Spanish,Cuetos_Mitchell,high,pl,1,0,las medicinas,del paciente,medicinas,paciente,La enfermera apartó las medicinas del paciente que MASKTOKEN junto a la ventana.,La enfermera apartó las medicinas del paciente que,$ES_PL,La enfermera apartó las medicinas del paciente que,0.005958886178780709,0.01672449097252038
8,Spanish,Cuetos_Mitchell,ambi,sg,1,1,la relativa,del granjero,relativa,granjero,Andrés estuvo hablando con la relativa del granjero que MASKTOKEN en Brasil.,Andrés estuvo hablando con la relativa del granjero que,$ES_SG,Andrés estuvo hablando con la relativa del granjero que,0.20144679408900856,0.32284915653781354
8,Spanish,Cuetos_Mitchell,low,sg,1,1,las relativas,del granjero,relativas,granjero,Andrés estuvo hablando con las relativas del granjero que MASKTOKEN en Brasil.,Andrés estuvo hablando con las relativas del granjero que,$ES_SG,Andrés estuvo hablando con las relativas del granjero que,0.20793025603370552,0.26117785856956743
8,Spanish,Cuetos_Mitchell,high,sg,1,1,la relativa,de los granjeros,relativa,granjeros,Andrés estuvo hablando con la relativa de los granjeros que MASKTOKEN en Brasil.,Andrés estuvo hablando con la relativa de los granjeros que,$ES_SG,Andrés estuvo hablando con la relativa de los granjeros que,0.025887100465553203,0.0264568020168241
8,Spanish,Cuetos_Mitchell,ambi,pl,1,1,las relativas,de los granjeros,relativas,granjeros,Andrés estuvo hablando con las relativas de los granjeros que MASKTOKEN en Brasil.,Andrés estuvo hablando con las relativas de los granjeros que,$ES_PL,Andrés estuvo hablando con las relativas de los granjeros que,0.22993936910778245,0.3906780336108113
8,Spanish,Cuetos_Mitchell,low,pl,1,1,la relativa,de los granjeros,relativa,granjeros,Andrés estuvo hablando con la relativa de los granjeros que MASKTOKEN en Brasil.,Andrés estuvo hablando con la relativa de los granjeros que,$ES_PL,Andrés estuvo hablando con la relativa de los granjeros que,0.20468848785348825,0.34607442106971575
8,Spanish,Cuetos_Mitchell,high,pl,1,1,las relativas,del granjero,relativas,granjero,Andrés estuvo hablando con las relativas del granjero que MASKTOKEN en Brasil.,Andrés estuvo hablando con las relativas del granjero que,$ES_PL,Andrés estuvo hablando con las relativas del granjero que,0.008756048273863115,0.07564365533517048
9,Spanish,Cuetos_Mitchell,ambi,sg,0,1,el zapato,del invitado,zapato,invitado,La sirvienta contemplaba el zapato del invitado que MASKTOKEN junto a la chimenea.,La sirvienta contemplaba el zapato del invitado que,$ES_SG,La sirvienta contemplaba el zapato del invitado que,0.15474980553898376,0.18672783993827835
9,Spanish,Cuetos_Mitchell,low,sg,0,1,los zapatos,del invitado,zapatos,invitado,La sirvienta contemplaba los zapatos del invitado que MASKTOKEN junto a la chimenea.,La sirvienta contemplaba los zapatos del invitado que,$ES_SG,La sirvienta contemplaba los zapatos del invitado que,0.15857555176795302,0.1557390363375326
9,Spanish,Cuetos_Mitchell,high,sg,0,1,el zapato,de los invitados,zapato,invitados,La sirvienta contemplaba el zapato de los invitados que MASKTOKEN junto a la chimenea.,La sirvienta contemplaba el zapato de los invitados que,$ES_SG,La sirvienta contemplaba el zapato de los invitados que,0.05601011537080103,0.10193136479106091
9,Spanish,Cuetos_Mitchell,ambi,pl,0,1,los zapatos,de los invitados,zapatos,invitados,La sirvienta contemplaba los zapatos de los invitados que MASKTOKEN junto a la chimenea.,La sirvienta contemplaba los zapatos de los invitados que,$ES_PL,La sirvienta contemplaba los zapatos de los invitados que,0.19810687849686204,0.28094734361286644
9,Spanish,Cuetos_Mitchell,low,pl,0,1,el zapato,de los invitados,zapato,invitados,La sirvienta contemplaba el zapato de los invitados que MASKTOKEN junto a la chimenea.,La sirvienta contemplaba el zapato de los invitados que,$ES_PL,La sirvienta contemplaba el zapato de los invitados que,0.12679435066486278,0.16176031447325467
9,Spanish,Cuetos_Mitchell,high,pl,0,1,los zapatos,del invitado,zapatos,invitado,La sirvienta contemplaba los zapatos del invitado que MASKTOKEN junto a la chimenea.,La sirvienta contemplaba los zapatos del invitado que,$ES_PL,La sirvienta contemplaba los zapatos del invitado que,0.021561713242512326,0.06681354386977567
10,Spanish,Cuetos_Mitchell,ambi,sg,0,0,la amiga,del concejal,amiga,concejal,Ayer me encontré con la amiga del concejal que MASKTOKEN en Australia.,Ayer me encontré con la amiga del concejal que,$ES_SG,Ayer me encontré con la amiga del concejal que,0.3443669524254318,0.38182829082617786
10,Spanish,Cuetos_Mitchell,low,sg,0,0,las amigas,del concejal,amigas,concejal,Ayer me encontré con las amigas del concejal que MASKTOKEN en Australia.,Ayer me encontré con las amigas del concejal que,$ES_SG,Ayer me encontré con las amigas del concejal que,0.1545638449098803,0.09138081322393532
10,Spanish,Cuetos_Mitchell,high,sg,0,0,la amiga,de los concejales,amiga,concejales,Ayer me encontré con la amiga de los concejales que MASKTOKEN en Australia.,Ayer me encontré con la amiga de los concejales que,$ES_SG,Ayer me encontré con la amiga de los concejales que,0.24638584314500633,0.23944606341271424
10,Spanish,Cuetos_Mitchell,ambi,pl,0,0,las amigas,de los concejales,amigas,concejales,Ayer me encontré con las amigas de los concejales que MASKTOKEN en Australia.,Ayer me encontré con las amigas de los concejales que,$ES_PL,Ayer me encontré con las amigas de los concejales que,0.3546116345419392,0.32621114555121267
10,Spanish,Cuetos_Mitchell,low,pl,0,0,la amiga,de los concejales,amiga,concejales,Ayer me encontré con la amiga de los concejales que MASKTOKEN en Australia.,Ayer me encontré con la amiga de los concejales que,$ES_PL,Ayer me encontré con la amiga de los concejales que,0.06500570334243605,0.07889508816018065
10,Spanish,Cuetos_Mitchell,high,pl,0,0,las amigas,del concejal,amigas,concejal,Ayer me encontré con las amigas del concejal que MASKTOKEN en Australia.,Ayer me encontré con las amigas del concejal que,$ES_PL,Ayer me encontré con las amigas del concejal que,0.20145086821258928,0.2696756367433295
11,Spanish,Cuetos_Mitchell,ambi,sg,0,1,al caballo,del viajero,caballo,viajero,El alguacil encerró al caballo del viajero que MASKTOKEN junto al puente.,El alguacil encerró al caballo del viajero que,$ES_SG,El alguacil encerró al caballo del viajero que,0.2368388200144107,0.34920886988704325
11,Spanish,Cuetos_Mitchell,low,sg,0,1,a los caballos,del viajero,caballos,viajero,El alguacil encerró a los caballos del viajero que MASKTOKEN junto al puente.,El alguacil encerró a los caballos del viajero que,$ES_SG,El alguacil encerró a los caballos del viajero que,0.18110781659523933,0.3007523029911443
11,Spanish,Cuetos_Mitchell,high,sg,0,1,al caballo,de los viajeros,caballo,viajeros,El alguacil encerró al caballo de los viajeros que MASKTOKEN junto al puente.,El alguacil encerró al caballo de los viajeros que,$ES_SG,El alguacil encerró al caballo de los viajeros que,0.05444395162661253,0.21946120527823254
11,Spanish,Cuetos_Mitchell,ambi,pl,0,1,a los caballos,de los viajeros,caballos,viajeros,El alguacil encerró a los caballos de los viajeros que MASKTOKEN junto al puente.,El alguacil encerró a los caballos de los viajeros que,$ES_PL,El alguacil encerró a los caballos de los viajeros que,0.3181619873964565,0.6251196493767264
11,Spanish,Cuetos_Mitchell,low,pl,0,1,al caballo,de los viajeros,caballo,viajeros,El alguacil encerró al caballo de los viajeros que MASKTOKEN junto al puente.,El alguacil encerró al caballo de los viajeros que,$ES_PL,El alguacil encerró al caballo de los viajeros que,0.290586707624926,0.21478264850452788
11,Spanish,Cuetos_Mitchell,high,pl,0,1,a los caballos,del viajero,caballos,viajero,El alguacil encerró a los caballos del viajero que MASKTOKEN junto al puente.,El alguacil encerró a los caballos del viajero que,$ES_PL,El alguacil encerró a los caballos del viajero que,0.0880211558990398,0.19013981217000975
12,Spanish,Cuetos_Mitchell,ambi,sg,0,1,el juguete,del chico,juguete,chico,La anciana observaba el juguete del chico que MASKTOKEN encima de la cama.,La anciana observaba el juguete del chico que,$ES_SG,La anciana observaba el juguete del chico que,0.19287375426675624,0.18218371280303813
12,Spanish,Cuetos_Mitchell,low,sg,0,1,los juguetes,del chico,juguetes,chico,La anciana observaba los juguetes del chico que MASKTOKEN encima de la cama.,La anciana observaba los juguetes del chico que,$ES_SG,La anciana observaba los juguetes del chico que,0.2040715147669534,0.1515849427133844
12,Spanish,Cuetos_Mitchell,high,sg,0,1,el juguete,de los chicos,juguete,chicos,La anciana observaba el juguete de los chicos que MASKTOKEN encima de la cama.,La anciana observaba el juguete de los chicos que,$ES_SG,La anciana observaba el juguete de los chicos que,0.04800643751387579,0.09361756665611765
12,Spanish,Cuetos_Mitchell,ambi,pl,0,1,los juguetes,de los chicos,juguetes,chicos,La anciana observaba los juguetes de los chicos que MASKTOKEN encima de la cama.,La anciana observaba los juguetes de los chicos que,$ES_PL,La anciana observaba los juguetes de los chicos que,0.2226234019810882,0.19694546233701615
12,Spanish,Cuetos_Mitchell,low,pl,0,1,el juguete,de los chicos,juguete,chicos,La anciana observaba el juguete de los chicos que MASKTOKEN encima de la cama.,La anciana observaba el juguete de los chicos que,$ES_PL,La anciana observaba el juguete de los chicos que,0.1654186065611709,0.12562401292138503
12,Spanish,Cuetos_Mitchell,high,pl,0,1,los juguetes,del chico,juguetes,chico,La anciana observaba los juguetes del chico que MASKTOKEN encima de la cama.,La anciana observaba los juguetes del chico que,$ES_PL,La anciana observaba los juguetes del chico que,0.00831835074762477,0.024676431965705348
13,Spanish,Cuetos_Mitchell,ambi,sg,0,1,a la hija,del comandante,hija,comandante,El periodista entrevistó a la hija del comandante que MASKTOKEN el accidente.,El periodista entrevistó a la hija del comandante que,$ES_SG,El periodista entrevistó a la hija del comandante que,0.21055950822658787,0.4196685129156208
13,Spanish,Cuetos_Mitchell,low,sg,0,1,a las hijas,del comandante,hijas,comandante,El periodista entrevistó a las hijas del comandante que MASKTOKEN el accidente.,El periodista entrevistó a las hijas del comandante que,$ES_SG,El periodista entrevistó a las hijas del comandante que,0.07997886721156533,0.28635985637669137
13,Spanish,Cuetos_Mitchell,high,sg,0,1,a la hija,de los comandantes,hija,comandantes,El periodista entrevistó a la hija de los comandantes que MASKTOKEN el accidente.,El periodista entrevistó a la hija de los comandantes que,$ES_SG,El periodista entrevistó a la hija de los comandantes que,0.07919200324026576,0.0626818209685922
13,Spanish,Cuetos_Mitchell,ambi,pl,0,1,a las hijas,de los comandantes,hijas,comandantes,El periodista entrevistó a las hijas de los comandantes que MASKTOKEN el accidente.,El periodista entrevistó a las hijas de los comandantes que,$ES_PL,El periodista entrevistó a las hijas de los comandantes que,0.24972320949510163,0.3420738809113004
13,Spanish,Cuetos_Mitchell,low,pl,0,1,a la hija,de los comandantes,hija,comandantes,El periodista entrevistó a la hija de los comandantes que MASKTOKEN el accidente.,El periodista entrevistó a la hija de los comandantes que,$ES_PL,El periodista entrevistó a la hija de los comandantes que,0.13958367719736486,0.27232646490722345
13,Spanish,Cuetos_Mitchell,high,pl,0,1,a las hijas,del comandante,hijas,comandante,El periodista entrevistó a las hijas del comandante que MASKTOKEN el accidente.,El periodista entrevistó a las hijas del comandante que,$ES_PL,El periodista entrevistó a las hijas del comandante que,0.14258978416583545,0.133058278948738
14,Spanish,Cuetos_Mitchell,ambi,sg,1,1,la maleta,del viajero,maleta,viajero,El campesino contemplaba la maleta del viajero que MASKTOKEN bajo un árbol.,El campesino contemplaba la maleta del viajero que,$ES_SG,El campesino contemplaba la maleta del viajero que,0.20562970053280694,0.2598172102081122
14,Spanish,Cuetos_Mitchell,low,sg,1,1,las maletas,del viajero,maletas,viajero,El campesino contemplaba las maletas del viajero que MASKTOKEN bajo un árbol.,El campesino contemplaba las maletas del viajero que,$ES_SG,El campesino contemplaba las maletas del viajero que,0.17986648398655358,0.19267468446518876
14,Spanish,Cuetos_Mitchell,high,sg,1,1,la maleta,de los viajeros,maleta,viajeros,El campesino contemplaba la maleta de los viajeros que MASKTOKEN bajo un árbol.,El campesino contemplaba la maleta de los viajeros que,$ES_SG,El campesino contemplaba la maleta de los viajeros que,0.04691379895052106,0.09337341787214193
14,Spanish,Cuetos_Mitchell,ambi,pl,1,1,las maletas,de los viajeros,maletas,viajeros,El campesino contemplaba las maletas de los viajeros que MASKTOKEN bajo un árbol.,El campesino contemplaba las maletas de los viajeros que,$ES_PL,El campesino contemplaba las maletas de los viajeros que,0.3225132372345545,0.3053781688519148
14,Spanish,Cuetos_Mitchell,low,pl,1,1,la maleta,de los viajeros,maleta,viajeros,El campesino contemplaba la maleta de los viajeros que MASKTOKEN bajo un árbol.,El campesino contemplaba la maleta de los viajeros que,$ES_PL,El campesino contemplaba la maleta de los viajeros que,0.25009552810218727,0.2609086654081345
14,Spanish,Cuetos_Mitchell,high,pl,1,1,las maletas,del viajero,maletas,viajero,El campesino contemplaba las maletas del viajero que MASKTOKEN bajo un árbol.,El campesino contemplaba las maletas del viajero que,$ES_PL,El campesino contemplaba las maletas del viajero que,0.056877849962536864,0.06532616791725587
15,Spanish,Cuetos_Mitchell,ambi,sg,0,0,la caja,del soldado,caja,soldado,La gente observaba la caja del soldado que MASKTOKEN en el andén.,La gente observaba la caja del soldado que,$ES_SG,La gente observaba la caja del soldado que,0.2480012214749312,0.2209320044257197
15,Spanish,Cuetos_Mitchell,low,sg,0,0,las cajas,del soldado,cajas,soldado,La gente observaba las cajas del soldado que MASKTOKEN en el andén.,La gente observaba las cajas del soldado que,$ES_SG,La gente observaba las cajas del soldado que,0.13720246842784078,0.14661867550169916
15,Spanish,Cuetos_Mitchell,high,sg,0,0,la caja,de los soldados,caja,soldados,La gente observaba la caja de los soldados que MASKTOKEN en el andén.,La gente observaba la caja de los soldados que,$ES_SG,La gente observaba la caja de los soldados que,0.04376275543650543,0.0740388430453578
15,Spanish,Cuetos_Mitchell,ambi,pl,0,0,las cajas,de los soldados,cajas,soldados,La gente observaba las cajas de los soldados que MASKTOKEN en el andén.,La gente observaba las cajas de los soldados que,$ES_PL,La gente observaba las cajas de los soldados que,0.2407315763330029,0.305631049518162
15,Spanish,Cuetos_Mitchell,low,pl,0,0,la caja,de los soldados,caja,soldados,La gente observaba la caja de los soldados que MASKTOKEN en el andén.,La gente observaba la caja de los soldados que,$ES_PL,La gente observaba la caja de los soldados que,0.1966108911372597,0.2129220209923659
15,Spanish,Cuetos_Mitchell,high,pl,0,0,las cajas,del soldado,cajas,soldado,La gente observaba las cajas del soldado que MASKTOKEN en el andén.,La gente observaba las cajas del soldado que,$ES_PL,La gente observaba las cajas del soldado que,0.10302031029000958,0.12428400577074683
16,Spanish,Cuetos_Mitchell,ambi,sg,0,1,al perro,del vendedor,perro,vendedor,Luis atropelló al perro del vendedor que viene a MASKTOKEN barrio.,Luis atropelló al perro del vendedor que viene a,$ES_SG,Luis atropelló al perro del vendedor que viene a,0.0032362391055673623,0.0010839161148331854
16,Spanish,Cuetos_Mitchell,low,sg,0,1,a los perros,del vendedor,perros,vendedor,Luis atropelló a los perros del vendedor que viene a MASKTOKEN barrio.,Luis atropelló a los perros del vendedor que viene a,$ES_SG,Luis atropelló a los perros del vendedor que viene a,0.003011645145473474,0.0012839694717960738
16,Spanish,Cuetos_Mitchell,high,sg,0,1,al perro,de los vendedores,perro,vendedores,Luis atropelló al perro de los vendedores que viene a MASKTOKEN barrio.,Luis atropelló al perro de los vendedores que viene a,$ES_SG,Luis atropelló al perro de los vendedores que viene a,0.003131998623452925,0.001557627302601533
16,Spanish,Cuetos_Mitchell,ambi,pl,0,1,a los perros,de los vendedores,perros,vendedores,Luis atropelló a los perros de los vendedores que viene a MASKTOKEN barrio.,Luis atropelló a los perros de los vendedores que viene a,$ES_PL,Luis atropelló a los perros de los vendedores que viene a,0.00098476720993812,0.0015145013603353463
16,Spanish,Cuetos_Mitchell,low,pl,0,1,al perro,de los vendedores,perro,vendedores,Luis atropelló al perro de los vendedores que viene a MASKTOKEN barrio.,Luis atropelló al perro de los vendedores que viene a,$ES_PL,Luis atropelló al perro de los vendedores que viene a,0.0007284084195586793,0.0015463422577680318
16,Spanish,Cuetos_Mitchell,high,pl,0,1,a los perros,del vendedor,perros,vendedor,Luis atropelló a los perros del vendedor que viene a MASKTOKEN barrio.,Luis atropelló a los perros del vendedor que viene a,$ES_PL,Luis atropelló a los perros del vendedor que viene a,0.0009133614404852608,0.00185234025494712
17,Spanish,Cuetos_Mitchell,ambi,sg,1,1,la prima,del obrero,prima,obrero,Andrés cenó ayer con la prima del obrero que MASKTOKEN en partido comunista.,Andrés cenó ayer con la prima del obrero que,$ES_SG,Andrés cenó ayer con la prima del obrero que,0.3039615535080884,0.36975698213200303
17,Spanish,Cuetos_Mitchell,low,sg,1,1,las primas,del obrero,primas,obrero,Andrés cenó ayer con las primas del obrero que MASKTOKEN en partido comunista.,Andrés cenó ayer con las primas del obrero que,$ES_SG,Andrés cenó ayer con las primas del obrero que,0.30135585790756636,0.18555899795990172
17,Spanish,Cuetos_Mitchell,high,sg,1,1,la prima,de los obreros,prima,obreros,Andrés cenó ayer con la prima de los obreros que MASKTOKEN en partido comunista.,Andrés cenó ayer con la prima de los obreros que,$ES_SG,Andrés cenó ayer con la prima de los obreros que,0.14123256124725003,0.10603409842431688
17,Spanish,Cuetos_Mitchell,ambi,pl,1,1,las primas,de los obreros,primas,obreros,Andrés cenó ayer con las primas de los obreros que MASKTOKEN en partido comunista.,Andrés cenó ayer con las primas de los obreros que,$ES_PL,Andrés cenó ayer con las primas de los obreros que,0.3517830114377887,0.40303384036195666
17,Spanish,Cuetos_Mitchell,low,pl,1,1,la prima,de los obreros,prima,obreros,Andrés cenó ayer con la prima de los obreros que MASKTOKEN en partido comunista.,Andrés cenó ayer con la prima de los obreros que,$ES_PL,Andrés cenó ayer con la prima de los obreros que,0.19709649521855965,0.3429706023179051
17,Spanish,Cuetos_Mitchell,high,pl,1,1,las primas,del obrero,primas,obrero,Andrés cenó ayer con las primas del obrero que MASKTOKEN en partido comunista.,Andrés cenó ayer con las primas del obrero que,$ES_PL,Andrés cenó ayer con las primas del obrero que,0.024795005346376797,0.15761550500587873
18,Spanish,Cuetos_Mitchell,ambi,sg,0,0,al gato,de la francesa,gato,francesa,Jorge acariciaba al gato de la francesa que MASKTOKEN en la fuente.,Jorge acariciaba al gato de la francesa que,$ES_SG,Jorge acariciaba al gato de la francesa que,0.12685776784834957,0.156185993760932
18,Spanish,Cuetos_Mitchell,low,sg,0,0,a los gatos,de la francesa,gatos,francesa,Jorge acariciaba a los gatos de la francesa que MASKTOKEN en la fuente.,Jorge acariciaba a los gatos de la francesa que,$ES_SG,Jorge acariciaba a los gatos de la francesa que,0.02121880696502565,0.09744075378819694
18,Spanish,Cuetos_Mitchell,high,sg,0,0,al gato,de las francesas,gato,francesas,Jorge acariciaba al gato de las francesas que MASKTOKEN en la fuente.,Jorge acariciaba al gato de las francesas que,$ES_SG,Jorge acariciaba al gato de las francesas que,0.10341187805903473,0.07216072041025967
18,Spanish,Cuetos_Mitchell,ambi,pl,0,0,a los gatos,de las francesas,gatos,francesas,Jorge acariciaba a los gatos de las francesas que MASKTOKEN en la fuente.,Jorge acariciaba a los gatos de las francesas que,$ES_PL,Jorge acariciaba a los gatos de las francesas que,0.12037174678641449,0.18886022175334816
18,Spanish,Cuetos_Mitchell,low,pl,0,0,al gato,de las francesas,gato,francesas,Jorge acariciaba al gato de las francesas que MASKTOKEN en la fuente.,Jorge acariciaba al gato de las francesas que,$ES_PL,Jorge acariciaba al gato de las francesas que,0.019442282134306765,0.11299496178472879
18,Spanish,Cuetos_Mitchell,high,pl,0,0,a los gatos,de la francesa,gatos,francesa,Jorge acariciaba a los gatos de la francesa que MASKTOKEN en la fuente.,Jorge acariciaba a los gatos de la francesa que,$ES_PL,Jorge acariciaba a los gatos de la francesa que,0.10841696693996994,0.08084757222949257
19,Spanish,Cuetos_Mitchell,ambi,sg,0,0,al hermano,del cura,hermano,cura,Marta saludó al hermano del cura que MASKTOKEN en el colegio.,Marta saludó al hermano del cura que,$ES_SG,Marta saludó al hermano del cura que,0.16265209440181927,0.2519200891833151
19,Spanish,Cuetos_Mitchell,low,sg,0,0,a los hermanos,del cura,hermanos,cura,Marta saludó a los hermanos del cura que MASKTOKEN en el colegio.,Marta saludó a los hermanos del cura que,$ES_SG,Marta saludó a los hermanos del cura que,0.020968613228234956,0.07729156794709624
19,Spanish,Cuetos_Mitchell,high,sg,0,0,al hermano,de los curas,hermano,curas,Marta saludó al hermano de los curas que MASKTOKEN en el colegio.,Marta saludó al hermano de los curas que,$ES_SG,Marta saludó al hermano de los curas que,0.1195844582982506,0.03182318204328638
19,Spanish,Cuetos_Mitchell,ambi,pl,0,0,a los hermanos,de los curas,hermanos,curas,Marta saludó a los hermanos de los curas que MASKTOKEN en el colegio.,Marta saludó a los hermanos de los curas que,$ES_PL,Marta saludó a los hermanos de los curas que,0.24654029044677017,0.265277463625182
19,Spanish,Cuetos_Mitchell,low,pl,0,0,al hermano,de los curas,hermano,curas,Marta saludó al hermano de los curas que MASKTOKEN en el colegio.,Marta saludó al hermano de los curas que,$ES_PL,Marta saludó al hermano de los curas que,0.04876393214929742,0.2272451541682301
19,Spanish,Cuetos_Mitchell,high,pl,0,0,a los hermanos,del cura,hermanos,cura,Marta saludó a los hermanos del cura que MASKTOKEN en el colegio.,Marta saludó a los hermanos del cura que,$ES_PL,Marta saludó a los hermanos del cura que,0.21169218396259382,0.17726561997121593
20,Spanish,Cuetos_Mitchell,ambi,sg,0,0,la maleta,del estudiante,maleta,estudiante,El detective fotografió la maleta del estudiante que MASKTOKEN en la terraza.,El detective fotografió la maleta del estudiante que,$ES_SG,El detective fotografió la maleta del estudiante que,0.2463619985767238,0.37802724354135364
20,Spanish,Cuetos_Mitchell,low,sg,0,0,las maletas,del estudiante,maletas,estudiante,El detective fotografió las maletas del estudiante que MASKTOKEN en la terraza.,El detective fotografió las maletas del estudiante que,$ES_SG,El detective fotografió las maletas del estudiante que,0.22794583662722445,0.32772376563232797
20,Spanish,Cuetos_Mitchell,high,sg,0,0,la maleta,de los estudiantes,maleta,estudiantes,El detective fotografió la maleta de los estudiantes que MASKTOKEN en la terraza.,El detective fotografió la maleta de los estudiantes que,$ES_SG,El detective fotografió la maleta de los estudiantes que,0.06882400500125652,0.0642773083448418
20,Spanish,Cuetos_Mitchell,ambi,pl,0,0,las maletas,de los estudiantes,maletas,estudiantes,El detective fotografió las maletas de los estudiantes que MASKTOKEN en la terraza.,El detective fotografió las maletas de los estudiantes que,$ES_PL,El detective fotografió las maletas de los estudiantes que,0.39290627165913516,0.4802395788218945
20,Spanish,Cuetos_Mitchell,low,pl,0,0,la maleta,de los estudiantes,maleta,estudiantes,El detective fotografió la maleta de los estudiantes que MASKTOKEN en la terraza.,El detective fotografió la maleta de los estudiantes que,$ES_PL,El detective fotografió la maleta de los estudiantes que,0.23215396102327368,0.37073259458925634
20,Spanish,Cuetos_Mitchell,high,pl,0,0,las maletas,del estudiante,maletas,estudiante,El detective fotografió las maletas del estudiante que MASKTOKEN en la terraza.,El detective fotografió las maletas del estudiante que,$ES_PL,El detective fotografió las maletas del estudiante que,0.0370677211988939,0.02979233063336295
21,Spanish,Cuetos_Mitchell,ambi,sg,0,0,la prima,del vaquero,prima,vaquero,María discutió con la prima del vaquero que MASKTOKEN en Argentina.,María discutió con la prima del vaquero que,$ES_SG,María discutió con la prima del vaquero que,0.16323940126656566,0.2731156048419052
21,Spanish,Cuetos_Mitchell,low,sg,0,0,las primas,del vaquero,primas,vaquero,María discutió con las primas del vaquero que MASKTOKEN en Argentina.,María discutió con las primas del vaquero que,$ES_SG,María discutió con las primas del vaquero que,0.08408808259162015,0.2363609354356413
21,Spanish,Cuetos_Mitchell,high,sg,0,0,la prima,de los vaqueros,prima,vaqueros,María discutió con la prima de los vaqueros que MASKTOKEN en Argentina.,María discutió con la prima de los vaqueros que,$ES_SG,María discutió con la prima de los vaqueros que,0.13563800823020244,0.15542659662406777
21,Spanish,Cuetos_Mitchell,ambi,pl,0,0,las primas,de los vaqueros,primas,vaqueros,María discutió con las primas de los vaqueros que MASKTOKEN en Argentina.,María discutió con las primas de los vaqueros que,$ES_PL,María discutió con las primas de los vaqueros que,0.20269830892488727,0.2805086300176072
21,Spanish,Cuetos_Mitchell,low,pl,0,0,la prima,de los vaqueros,prima,vaqueros,María discutió con la prima de los vaqueros que MASKTOKEN en Argentina.,María discutió con la prima de los vaqueros que,$ES_PL,María discutió con la prima de los vaqueros que,0.053788448687377866,0.1468950687530537
21,Spanish,Cuetos_Mitchell,high,pl,0,0,las primas,del vaquero,primas,vaquero,María discutió con las primas del vaquero que MASKTOKEN en Argentina.,María discutió con las primas del vaquero que,$ES_PL,María discutió con las primas del vaquero que,0.10620551745727624,0.025290513674548265
22,Spanish,Cuetos_Mitchell,ambi,sg,1,0,de la chica,del maestro,chica,maestro,Los chicos se burlaron de la chica del maestro que MASKTOKEN en el parque.,Los chicos se burlaron de la chica del maestro que,$ES_SG,Los chicos se burlaron de la chica del maestro que,0.17619820473812808,0.32980690238009913
22,Spanish,Cuetos_Mitchell,low,sg,1,0,de las chicas,del maestro,chicas,maestro,Los chicos se burlaron de las chicas del maestro que MASKTOKEN en el parque.,Los chicos se burlaron de las chicas del maestro que,$ES_SG,Los chicos se burlaron de las chicas del maestro que,0.038454035963901845,0.11414986652167158
22,Spanish,Cuetos_Mitchell,high,sg,1,0,de la chica,de los maestros,chica,maestros,Los chicos se burlaron de la chica de los maestros que MASKTOKEN en el parque.,Los chicos se burlaron de la chica de los maestros que,$ES_SG,Los chicos se burlaron de la chica de los maestros que,0.16958078688494993,0.3192360431436043
22,Spanish,Cuetos_Mitchell,ambi,pl,1,0,de las chicas,de los maestros,chicas,maestros,Los chicos se burlaron de las chicas de los maestros que MASKTOKEN en el parque.,Los chicos se burlaron de las chicas de los maestros que,$ES_PL,Los chicos se burlaron de las chicas de los maestros que,0.21966119342070556,0.3393991803940253
22,Spanish,Cuetos_Mitchell,low,pl,1,0,de la chica,de los maestros,chica,maestros,Los chicos se burlaron de la chica de los maestros que MASKTOKEN en el parque.,Los chicos se burlaron de la chica de los maestros que,$ES_PL,Los chicos se burlaron de la chica de los maestros que,0.02118605415733299,0.02270627150280724
22,Spanish,Cuetos_Mitchell,high,pl,1,0,de las chicas,del maestro,chicas,maestro,Los chicos se burlaron de las chicas del maestro que MASKTOKEN en el parque.,Los chicos se burlaron de las chicas del maestro que,$ES_PL,Los chicos se burlaron de las chicas del maestro que,0.15503159309369607,0.2365645225310402
23,Spanish,Cuetos_Mitchell,ambi,sg,1,1,el esclavo,del rey,esclavo,rey,Mi madre discutió con el esclavo del rey que MASKTOKEN de casa.,Mi madre discutió con el esclavo del rey que,$ES_SG,Mi madre discutió con el esclavo del rey que,0.10489858834744581,0.23844028726990985
23,Spanish,Cuetos_Mitchell,low,sg,1,1,los esclavos,del rey,esclavos,rey,Mi madre discutió con los esclavos del rey que MASKTOKEN de casa.,Mi madre discutió con los esclavos del rey que,$ES_SG,Mi madre discutió con los esclavos del rey que,0.03696065679934435,0.06425245589930739
23,Spanish,Cuetos_Mitchell,high,sg,1,1,el esclavo,de los reyes,esclavo,reyes,Mi madre discutió con el esclavo de los reyes que MASKTOKEN de casa.,Mi madre discutió con el esclavo de los reyes que,$ES_SG,Mi madre discutió con el esclavo de los reyes que,0.05365840837259128,0.22186710205032512
23,Spanish,Cuetos_Mitchell,ambi,pl,1,1,los esclavos,de los reyes,esclavos,reyes,Mi madre discutió con los esclavos de los reyes que MASKTOKEN de casa.,Mi madre discutió con los esclavos de los reyes que,$ES_PL,Mi madre discutió con los esclavos de los reyes que,0.13089988308658462,0.2291513056798209
23,Spanish,Cuetos_Mitchell,low,pl,1,1,el esclavo,de los reyes,esclavo,reyes,Mi madre discutió con el esclavo de los reyes que MASKTOKEN de casa.,Mi madre discutió con el esclavo de los reyes que,$ES_PL,Mi madre discutió con el esclavo de los reyes que,0.08198636410077143,0.03584323942778056
23,Spanish,Cuetos_Mitchell,high,pl,1,1,los esclavos,del rey,esclavos,rey,Mi madre discutió con los esclavos del rey que MASKTOKEN de casa.,Mi madre discutió con los esclavos del rey que,$ES_PL,Mi madre discutió con los esclavos del rey que,0.07026695281695083,0.18148384525686367
24,Spanish,Cuetos_Mitchell,ambi,sg,0,0,al hijo,del doctor,hijo,doctor,Esta tarde he visto al hijo del doctor que MASKTOKEN en nuestra casa.,Esta tarde he visto al hijo del doctor que,$ES_SG,Esta tarde he visto al hijo del doctor que,0.3526672742525534,0.3874002288862357
24,Spanish,Cuetos_Mitchell,low,sg,0,0,a los hijos,del doctor,hijos,doctor,Esta tarde he visto a los hijos del doctor que MASKTOKEN en nuestra casa.,Esta tarde he visto a los hijos del doctor que,$ES_SG,Esta tarde he visto a los hijos del doctor que,0.03333946750851524,0.05457246666474447
24,Spanish,Cuetos_Mitchell,high,sg,0,0,al hijo,de los doctores,hijo,doctores,Esta tarde he visto al hijo de los doctores que MASKTOKEN en nuestra casa.,Esta tarde he visto al hijo de los doctores que,$ES_SG,Esta tarde he visto al hijo de los doctores que,0.12471971127098413,0.27651240145769407
24,Spanish,Cuetos_Mitchell,ambi,pl,0,0,a los hijos,de los doctores,hijos,doctores,Esta tarde he visto a los hijos de los doctores que MASKTOKEN en nuestra casa.,Esta tarde he visto a los hijos de los doctores que,$ES_PL,Esta tarde he visto a los hijos de los doctores que,0.5363362226045751,0.5179690650210205
24,Spanish,Cuetos_Mitchell,low,pl,0,0,al hijo,de los doctores,hijo,doctores,Esta tarde he visto al hijo de los doctores que MASKTOKEN en nuestra casa.,Esta tarde he visto al hijo de los doctores que,$ES_PL,Esta tarde he visto al hijo de los doctores que,0.2475627348850935,0.14626793873588895
24,Spanish,Cuetos_Mitchell,high,pl,0,0,a los hijos,del doctor,hijos,doctor,Esta tarde he visto a los hijos del doctor que MASKTOKEN en nuestra casa.,Esta tarde he visto a los hijos del doctor que,$ES_PL,Esta tarde he visto a los hijos del doctor que,0.5270814128038239,0.4051992524586012
