item,lang,exp,AttachType,verbNum,N1_changed,N2_changed,N1_full,N2_full,N1,N2,mask_sents,auto_sents,target,sent,/data/gpt2-xl_prob
1a,English,Fernandez,ambi,sg,1,0,the relative,of the teacher,relative,teacher,Andrew had dinner yesterday with the relative of the teacher that MASKTOKEN divorced.,Andrew had dinner yesterday with the relative of the teacher that,$SG,Andrew had dinner yesterday with the relative of the teacher that,0.19876958598861982
1a,English,Fernandez,low,sg,1,0,the relatives,of the teacher,relatives,teacher,Andrew had dinner yesterday with the relatives of the teacher that MASKTOKEN divorced.,Andrew had dinner yesterday with the relatives of the teacher that,$SG,Andrew had dinner yesterday with the relatives of the teacher that,0.3216518032515343
1a,English,Fernandez,high,sg,1,0,the relative,of the teachers,relative,teachers,Andrew had dinner yesterday with the relative of the teachers that MASKTOKEN divorced.,Andrew had dinner yesterday with the relative of the teachers that,$SG,Andrew had dinner yesterday with the relative of the teachers that,0.07218113414989791
1a,English,Fernandez,ambi,pl,1,0,the relatives,of the teachers,relatives,teachers,Andrew had dinner yesterday with the relatives of the teachers that MASKTOKEN divorced.,Andrew had dinner yesterday with the relatives of the teachers that,$PL,Andrew had dinner yesterday with the relatives of the teachers that,0.44285827963213076
1a,English,Fernandez,low,pl,1,0,the relative,of the teachers,relative,teachers,Andrew had dinner yesterday with the relative of the teachers that MASKTOKEN divorced.,Andrew had dinner yesterday with the relative of the teachers that,$PL,Andrew had dinner yesterday with the relative of the teachers that,0.2225999615263783
1a,English,Fernandez,high,pl,1,0,the relatives,of the teacher,relatives,teacher,Andrew had dinner yesterday with the relatives of the teacher that MASKTOKEN divorced.,Andrew had dinner yesterday with the relatives of the teacher that,$PL,Andrew had dinner yesterday with the relatives of the teacher that,0.008759108352051959
2a,English,Fernandez,ambi,sg,0,1,the coach,of the athlete,coach,athlete,The journalist interviewed the coach of the athlete that MASKTOKEN sick.,The journalist interviewed the coach of the athlete that,$SG,The journalist interviewed the coach of the athlete that,0.18210570655327807
2a,English,Fernandez,low,sg,0,1,the coaches,of the athlete,coaches,athlete,The journalist interviewed the coaches of the athlete that MASKTOKEN sick.,The journalist interviewed the coaches of the athlete that,$SG,The journalist interviewed the coaches of the athlete that,0.17670581186076717
2a,English,Fernandez,high,sg,0,1,the coach,of the athletes,coach,athletes,The journalist interviewed the coach of the athletes that MASKTOKEN sick.,The journalist interviewed the coach of the athletes that,$SG,The journalist interviewed the coach of the athletes that,0.025890038942115723
2a,English,Fernandez,ambi,pl,0,1,the coaches,of the athletes,coaches,athletes,The journalist interviewed the coaches of the athletes that MASKTOKEN sick.,The journalist interviewed the coaches of the athletes that,$PL,The journalist interviewed the coaches of the athletes that,0.24308303374625417
2a,English,Fernandez,low,pl,0,1,the coach,of the athletes,coach,athletes,The journalist interviewed the coach of the athletes that MASKTOKEN sick.,The journalist interviewed the coach of the athletes that,$PL,The journalist interviewed the coach of the athletes that,0.22366363974272474
2a,English,Fernandez,high,pl,0,1,the coaches,of the athlete,coaches,athlete,The journalist interviewed the coaches of the athlete that MASKTOKEN sick.,The journalist interviewed the coaches of the athlete that,$PL,The journalist interviewed the coaches of the athlete that,0.039347060129831135
3a,English,Fernandez,ambi,sg,0,1,the secretary,of the clerk,secretary,clerk,The personnel manager was observing the secretary of the clerk that MASKTOKEN studying.,The personnel manager was observing the secretary of the clerk that,$SG,The personnel manager was observing the secretary of the clerk that,0.06626883644491244
3a,English,Fernandez,low,sg,0,1,the secretaries,of the clerk,secretaries,clerk,The personnel manager was observing the secretaries of the clerk that MASKTOKEN studying.,The personnel manager was observing the secretaries of the clerk that,$SG,The personnel manager was observing the secretaries of the clerk that,0.0502409824270007
3a,English,Fernandez,high,sg,0,1,the secretary,of the clerks,secretary,clerks,The personnel manager was observing the secretary of the clerks that MASKTOKEN studying.,The personnel manager was observing the secretary of the clerks that,$SG,The personnel manager was observing the secretary of the clerks that,0.03621098433546166
3a,English,Fernandez,ambi,pl,0,1,the secretaries,of the clerks,secretaries,clerks,The personnel manager was observing the secretaries of the clerks that MASKTOKEN studying.,The personnel manager was observing the secretaries of the clerks that,$PL,The personnel manager was observing the secretaries of the clerks that,0.32286312159224195
3a,English,Fernandez,low,pl,0,1,the secretary,of the clerks,secretary,clerks,The personnel manager was observing the secretary of the clerks that MASKTOKEN studying.,The personnel manager was observing the secretary of the clerks that,$PL,The personnel manager was observing the secretary of the clerks that,0.13277568252738625
3a,English,Fernandez,high,pl,0,1,the secretaries,of the clerk,secretaries,clerk,The personnel manager was observing the secretaries of the clerk that MASKTOKEN studying.,The personnel manager was observing the secretaries of the clerk that,$PL,The personnel manager was observing the secretaries of the clerk that,0.1566809633328905
4a,English,Fernandez,ambi,sg,0,0,the secretary,of the lawyer,secretary,lawyer,Julia had spoken to the secretary of the lawyer that MASKTOKEN on vacation.,Julia had spoken to the secretary of the lawyer that,$SG,Julia had spoken to the secretary of the lawyer that,0.12077347703884911
4a,English,Fernandez,low,sg,0,0,the secretaries,of the lawyer,secretaries,lawyer,Julia had spoken to the secretaries of the lawyer that MASKTOKEN on vacation.,Julia had spoken to the secretaries of the lawyer that,$SG,Julia had spoken to the secretaries of the lawyer that,0.09792082634074273
4a,English,Fernandez,high,sg,0,0,the secretary,of the lawyers,secretary,lawyers,Julia had spoken to the secretary of the lawyers that MASKTOKEN on vacation.,Julia had spoken to the secretary of the lawyers that,$SG,Julia had spoken to the secretary of the lawyers that,0.03075023111566466
4a,English,Fernandez,ambi,pl,0,0,the secretaries,of the lawyers,secretaries,lawyers,Julia had spoken to the secretaries of the lawyers that MASKTOKEN on vacation.,Julia had spoken to the secretaries of the lawyers that,$PL,Julia had spoken to the secretaries of the lawyers that,0.13622647250316788
4a,English,Fernandez,low,pl,0,0,the secretary,of the lawyers,secretary,lawyers,Julia had spoken to the secretary of the lawyers that MASKTOKEN on vacation.,Julia had spoken to the secretary of the lawyers that,$PL,Julia had spoken to the secretary of the lawyers that,0.07886056461624591
4a,English,Fernandez,high,pl,0,0,the secretaries,of the lawyer,secretaries,lawyer,Julia had spoken to the secretaries of the lawyer that MASKTOKEN on vacation.,Julia had spoken to the secretaries of the lawyer that,$PL,Julia had spoken to the secretaries of the lawyer that,0.02597929218478079
5a,English,Fernandez,ambi,sg,1,0,the assistant,of the detective,assistant,detective,My friend met the assistant of the detective that MASKTOKEN fired.,My friend met the assistant of the detective that,$SG,My friend met the assistant of the detective that,0.2196010287030914
5a,English,Fernandez,low,sg,1,0,the assistants,of the detective,assistants,detective,My friend met the assistants of the detective that MASKTOKEN fired.,My friend met the assistants of the detective that,$SG,My friend met the assistants of the detective that,0.19383635981331615
5a,English,Fernandez,high,sg,1,0,the assistant,of the detectives,assistant,detectives,My friend met the assistant of the detectives that MASKTOKEN fired.,My friend met the assistant of the detectives that,$SG,My friend met the assistant of the detectives that,0.07933190765388476
5a,English,Fernandez,ambi,pl,1,0,the assistants,of the detectives,assistants,detectives,My friend met the assistants of the detectives that MASKTOKEN fired.,My friend met the assistants of the detectives that,$PL,My friend met the assistants of the detectives that,0.2815244350554451
5a,English,Fernandez,low,pl,1,0,the assistant,of the detectives,assistant,detectives,My friend met the assistant of the detectives that MASKTOKEN fired.,My friend met the assistant of the detectives that,$PL,My friend met the assistant of the detectives that,0.17776483495087536
5a,English,Fernandez,high,pl,1,0,the assistants,of the detective,assistants,detective,My friend met the assistants of the detective that MASKTOKEN fired.,My friend met the assistants of the detective that,$PL,My friend met the assistants of the detective that,0.02912291569065628
6a,English,Fernandez,ambi,sg,1,0,the employee,of the ambassador,employee,ambassador,Charlie met the employee of the ambassador that MASKTOKEN eating.,Charlie met the employee of the ambassador that,$SG,Charlie met the employee of the ambassador that,0.19758313727438015
6a,English,Fernandez,low,sg,1,0,the employees,of the ambassador,employees,ambassador,Charlie met the employees of the ambassador that MASKTOKEN eating.,Charlie met the employees of the ambassador that,$SG,Charlie met the employees of the ambassador that,0.06381763955620556
6a,English,Fernandez,high,sg,1,0,the employee,of the ambassadors,employee,ambassadors,Charlie met the employee of the ambassadors that MASKTOKEN eating.,Charlie met the employee of the ambassadors that,$SG,Charlie met the employee of the ambassadors that,0.1562790223447763
6a,English,Fernandez,ambi,pl,1,0,the employees,of the ambassadors,employees,ambassadors,Charlie met the employees of the ambassadors that MASKTOKEN eating.,Charlie met the employees of the ambassadors that,$PL,Charlie met the employees of the ambassadors that,0.2541868475659257
6a,English,Fernandez,low,pl,1,0,the employee,of the ambassadors,employee,ambassadors,Charlie met the employee of the ambassadors that MASKTOKEN eating.,Charlie met the employee of the ambassadors that,$PL,Charlie met the employee of the ambassadors that,0.11304907010565302
6a,English,Fernandez,high,pl,1,0,the employees,of the ambassador,employees,ambassador,Charlie met the employees of the ambassador that MASKTOKEN eating.,Charlie met the employees of the ambassador that,$PL,Charlie met the employees of the ambassador that,0.10617478725332319
7a,English,Fernandez,ambi,sg,0,0,the review,of the poem,review,poem,Roxanne read the review of the poem that MASKTOKEN unfinished.,Roxanne read the review of the poem that,$SG,Roxanne read the review of the poem that,0.12013383440640757
7a,English,Fernandez,low,sg,0,0,the reviews,of the poem,reviews,poem,Roxanne read the reviews of the poem that MASKTOKEN unfinished.,Roxanne read the reviews of the poem that,$SG,Roxanne read the reviews of the poem that,0.05386616185381943
7a,English,Fernandez,high,sg,0,0,the review,of the poems,review,poems,Roxanne read the review of the poems that MASKTOKEN unfinished.,Roxanne read the review of the poems that,$SG,Roxanne read the review of the poems that,0.05679953929202464
7a,English,Fernandez,ambi,pl,0,0,the reviews,of the poems,reviews,poems,Roxanne read the reviews of the poems that MASKTOKEN unfinished.,Roxanne read the reviews of the poems that,$PL,Roxanne read the reviews of the poems that,0.2292754485570967
7a,English,Fernandez,low,pl,0,0,the review,of the poems,review,poems,Roxanne read the review of the poems that MASKTOKEN unfinished.,Roxanne read the review of the poems that,$PL,Roxanne read the review of the poems that,0.09956694361815366
7a,English,Fernandez,high,pl,0,0,the reviews,of the poem,reviews,poem,Roxanne read the reviews of the poem that MASKTOKEN unfinished.,Roxanne read the reviews of the poem that,$PL,Roxanne read the reviews of the poem that,0.10567907050352154
8a,English,Fernandez,ambi,sg,0,0,the pipe,of the sink,pipe,sink,The plumber adjusted the pipe of the sink that MASKTOKEN cracked.,The plumber adjusted the pipe of the sink that,$SG,The plumber adjusted the pipe of the sink that,0.3295008842631417
8a,English,Fernandez,low,sg,0,0,the pipes,of the sink,pipes,sink,The plumber adjusted the pipes of the sink that MASKTOKEN cracked.,The plumber adjusted the pipes of the sink that,$SG,The plumber adjusted the pipes of the sink that,0.2853605250060207
8a,English,Fernandez,high,sg,0,0,the pipe,of the sinks,pipe,sinks,The plumber adjusted the pipe of the sinks that MASKTOKEN cracked.,The plumber adjusted the pipe of the sinks that,$SG,The plumber adjusted the pipe of the sinks that,0.12765986454754463
8a,English,Fernandez,ambi,pl,0,0,the pipes,of the sinks,pipes,sinks,The plumber adjusted the pipes of the sinks that MASKTOKEN cracked.,The plumber adjusted the pipes of the sinks that,$PL,The plumber adjusted the pipes of the sinks that,0.2944214573874486
8a,English,Fernandez,low,pl,0,0,the pipe,of the sinks,pipe,sinks,The plumber adjusted the pipe of the sinks that MASKTOKEN cracked.,The plumber adjusted the pipe of the sinks that,$PL,The plumber adjusted the pipe of the sinks that,0.28168198794973875
8a,English,Fernandez,high,pl,0,0,the pipes,of the sink,pipes,sink,The plumber adjusted the pipes of the sink that MASKTOKEN cracked.,The plumber adjusted the pipes of the sink that,$PL,The plumber adjusted the pipes of the sink that,0.037911302337382935
9a,English,Fernandez,ambi,sg,0,1,the wire,of the speaker,wire,speaker,Mary replaced the wire of the speaker that MASKTOKEN damaged.,Mary replaced the wire of the speaker that,$SG,Mary replaced the wire of the speaker that,0.4162251485057882
9a,English,Fernandez,low,sg,0,1,the wires,of the speaker,wires,speaker,Mary replaced the wires of the speaker that MASKTOKEN damaged.,Mary replaced the wires of the speaker that,$SG,Mary replaced the wires of the speaker that,0.25842150320776813
9a,English,Fernandez,high,sg,0,1,the wire,of the speakers,wire,speakers,Mary replaced the wire of the speakers that MASKTOKEN damaged.,Mary replaced the wire of the speakers that,$SG,Mary replaced the wire of the speakers that,0.1531372326024676
9a,English,Fernandez,ambi,pl,0,1,the wires,of the speakers,wires,speakers,Mary replaced the wires of the speakers that MASKTOKEN damaged.,Mary replaced the wires of the speakers that,$PL,Mary replaced the wires of the speakers that,0.3598146185059612
9a,English,Fernandez,low,pl,0,1,the wire,of the speakers,wire,speakers,Mary replaced the wire of the speakers that MASKTOKEN damaged.,Mary replaced the wire of the speakers that,$PL,Mary replaced the wire of the speakers that,0.2665544523022012
9a,English,Fernandez,high,pl,0,1,the wires,of the speaker,wires,speaker,Mary replaced the wires of the speaker that MASKTOKEN damaged.,Mary replaced the wires of the speaker that,$PL,Mary replaced the wires of the speaker that,0.12306844017354202
10a,English,Fernandez,ambi,sg,0,0,the recording,of the song,recording,song,My brother liked listening to the recording of the song that MASKTOKEN banned.,My brother liked listening to the recording of the song that,$SG,My brother liked listening to the recording of the song that,0.16942826556779078
10a,English,Fernandez,low,sg,0,0,the recordings,of the song,recordings,song,My brother liked listening to the recordings of the song that MASKTOKEN banned.,My brother liked listening to the recordings of the song that,$SG,My brother liked listening to the recordings of the song that,0.15000790307418077
10a,English,Fernandez,high,sg,0,0,the recording,of the songs,recording,songs,My brother liked listening to the recording of the songs that MASKTOKEN banned.,My brother liked listening to the recording of the songs that,$SG,My brother liked listening to the recording of the songs that,0.011515593737099206
10a,English,Fernandez,ambi,pl,0,0,the recordings,of the songs,recordings,songs,My brother liked listening to the recordings of the songs that MASKTOKEN banned.,My brother liked listening to the recordings of the songs that,$PL,My brother liked listening to the recordings of the songs that,0.18148556750222333
10a,English,Fernandez,low,pl,0,0,the recording,of the songs,recording,songs,My brother liked listening to the recording of the songs that MASKTOKEN banned.,My brother liked listening to the recording of the songs that,$PL,My brother liked listening to the recording of the songs that,0.17747186799439696
10a,English,Fernandez,high,pl,0,0,the recordings,of the song,recordings,song,My brother liked listening to the recordings of the song that MASKTOKEN banned.,My brother liked listening to the recordings of the song that,$PL,My brother liked listening to the recordings of the song that,0.02271691762824446
11a,English,Fernandez,ambi,sg,1,1,the cover,of the pot,cover,pot,The chef couldn’t find the cover of the pot that MASKTOKEN clean.,The chef couldn’t find the cover of the pot that,$SG,The chef couldn’t find the cover of the pot that,0.19423293781583073
11a,English,Fernandez,low,sg,1,1,the covers,of the pot,covers,pot,The chef couldn’t find the covers of the pot that MASKTOKEN clean.,The chef couldn’t find the covers of the pot that,$SG,The chef couldn’t find the covers of the pot that,0.12255543357161014
11a,English,Fernandez,high,sg,1,1,the cover,of the pots,cover,pots,The chef couldn’t find the cover of the pots that MASKTOKEN clean.,The chef couldn’t find the cover of the pots that,$SG,The chef couldn’t find the cover of the pots that,0.06376316867612686
11a,English,Fernandez,ambi,pl,1,1,the covers,of the pots,covers,pots,The chef couldn’t find the covers of the pots that MASKTOKEN clean.,The chef couldn’t find the covers of the pots that,$PL,The chef couldn’t find the covers of the pots that,0.2511539630189201
11a,English,Fernandez,low,pl,1,1,the cover,of the pots,cover,pots,The chef couldn’t find the cover of the pots that MASKTOKEN clean.,The chef couldn’t find the cover of the pots that,$PL,The chef couldn’t find the cover of the pots that,0.1764111948567093
11a,English,Fernandez,high,pl,1,1,the covers,of the pot,covers,pot,The chef couldn’t find the covers of the pot that MASKTOKEN clean.,The chef couldn’t find the covers of the pot that,$PL,The chef couldn’t find the covers of the pot that,0.1027909639058806
12a,English,Fernandez,ambi,sg,0,1,the key,of the car,key,car,The thief took the key of the car that MASKTOKEN outside.,The thief took the key of the car that,$SG,The thief took the key of the car that,0.23834904572164306
12a,English,Fernandez,low,sg,0,1,the keys,of the car,keys,car,The thief took the keys of the car that MASKTOKEN outside.,The thief took the keys of the car that,$SG,The thief took the keys of the car that,0.20737460827512244
12a,English,Fernandez,high,sg,0,1,the key,of the cars,key,cars,The thief took the key of the cars that MASKTOKEN outside.,The thief took the key of the cars that,$SG,The thief took the key of the cars that,0.06403990046309982
12a,English,Fernandez,ambi,pl,0,1,the keys,of the cars,keys,cars,The thief took the keys of the cars that MASKTOKEN outside.,The thief took the keys of the cars that,$PL,The thief took the keys of the cars that,0.312376151456931
12a,English,Fernandez,low,pl,0,1,the key,of the cars,key,cars,The thief took the key of the cars that MASKTOKEN outside.,The thief took the key of the cars that,$PL,The thief took the key of the cars that,0.3184878330407468
12a,English,Fernandez,high,pl,0,1,the keys,of the car,keys,car,The thief took the keys of the car that MASKTOKEN outside.,The thief took the keys of the car that,$PL,The thief took the keys of the car that,0.011373231841140807
13a,English,Fernandez,ambi,sg,0,0,the daughter,of the hostage,daughter,hostage,The journalist was unable to interview the daughter of the hostage that MASKTOKEN waiting.,The journalist was unable to interview the daughter of the hostage that,$SG,The journalist was unable to interview the daughter of the hostage that,0.22424227831147747
13a,English,Fernandez,low,sg,0,0,the daughters,of the hostage,daughters,hostage,The journalist was unable to interview the daughters of the hostage that MASKTOKEN waiting.,The journalist was unable to interview the daughters of the hostage that,$SG,The journalist was unable to interview the daughters of the hostage that,0.1422056643931715
13a,English,Fernandez,high,sg,0,0,the daughter,of the hostages,daughter,hostages,The journalist was unable to interview the daughter of the hostages that MASKTOKEN waiting.,The journalist was unable to interview the daughter of the hostages that,$SG,The journalist was unable to interview the daughter of the hostages that,0.04471257419275887
13a,English,Fernandez,ambi,pl,0,0,the daughters,of the hostages,daughters,hostages,The journalist was unable to interview the daughters of the hostages that MASKTOKEN waiting.,The journalist was unable to interview the daughters of the hostages that,$PL,The journalist was unable to interview the daughters of the hostages that,0.3250689286085344
13a,English,Fernandez,low,pl,0,0,the daughter,of the hostages,daughter,hostages,The journalist was unable to interview the daughter of the hostages that MASKTOKEN waiting.,The journalist was unable to interview the daughter of the hostages that,$PL,The journalist was unable to interview the daughter of the hostages that,0.3052133833778421
13a,English,Fernandez,high,pl,0,0,the daughters,of the hostage,daughters,hostage,The journalist was unable to interview the daughters of the hostage that MASKTOKEN waiting.,The journalist was unable to interview the daughters of the hostage that,$PL,The journalist was unable to interview the daughters of the hostage that,0.049053593141278995
14a,English,Fernandez,ambi,sg,0,0,the teacher,of the student,teacher,student,Patricia saw the teacher of the student that MASKTOKEN in class.,Patricia saw the teacher of the student that,$SG,Patricia saw the teacher of the student that,0.19833444339536666
14a,English,Fernandez,low,sg,0,0,the teachers,of the student,teachers,student,Patricia saw the teachers of the student that MASKTOKEN in class.,Patricia saw the teachers of the student that,$SG,Patricia saw the teachers of the student that,0.18816618318734513
14a,English,Fernandez,high,sg,0,0,the teacher,of the students,teacher,students,Patricia saw the teacher of the students that MASKTOKEN in class.,Patricia saw the teacher of the students that,$SG,Patricia saw the teacher of the students that,0.08624996194653445
14a,English,Fernandez,ambi,pl,0,0,the teachers,of the students,teachers,students,Patricia saw the teachers of the students that MASKTOKEN in class.,Patricia saw the teachers of the students that,$PL,Patricia saw the teachers of the students that,0.30953614098090654
14a,English,Fernandez,low,pl,0,0,the teacher,of the students,teacher,students,Patricia saw the teacher of the students that MASKTOKEN in class.,Patricia saw the teacher of the students that,$PL,Patricia saw the teacher of the students that,0.20059728359597173
14a,English,Fernandez,high,pl,0,0,the teachers,of the student,teachers,student,Patricia saw the teachers of the student that MASKTOKEN in class.,Patricia saw the teachers of the student that,$PL,Patricia saw the teachers of the student that,0.026969382743512682
15a,English,Fernandez,ambi,sg,0,0,the manager,of the assistant,manager,assistant,Linda wrote to the manager of the assistant that MASKTOKEN late.,Linda wrote to the manager of the assistant that,$SG,Linda wrote to the manager of the assistant that,0.038090666309624766
15a,English,Fernandez,low,sg,0,0,the managers,of the assistant,managers,assistant,Linda wrote to the managers of the assistant that MASKTOKEN late.,Linda wrote to the managers of the assistant that,$SG,Linda wrote to the managers of the assistant that,0.035189293561115775
15a,English,Fernandez,high,sg,0,0,the manager,of the assistants,manager,assistants,Linda wrote to the manager of the assistants that MASKTOKEN late.,Linda wrote to the manager of the assistants that,$SG,Linda wrote to the manager of the assistants that,0.011269405019939782
15a,English,Fernandez,ambi,pl,0,0,the managers,of the assistants,managers,assistants,Linda wrote to the managers of the assistants that MASKTOKEN late.,Linda wrote to the managers of the assistants that,$PL,Linda wrote to the managers of the assistants that,0.04318914509754279
15a,English,Fernandez,low,pl,0,0,the manager,of the assistants,manager,assistants,Linda wrote to the manager of the assistants that MASKTOKEN late.,Linda wrote to the manager of the assistants that,$PL,Linda wrote to the manager of the assistants that,0.015196844558126088
15a,English,Fernandez,high,pl,0,0,the managers,of the assistant,managers,assistant,Linda wrote to the managers of the assistant that MASKTOKEN late.,Linda wrote to the managers of the assistant that,$PL,Linda wrote to the managers of the assistant that,0.018219132886367007
16a,English,Fernandez,ambi,sg,0,0,the guide,of the tourist,guide,tourist,The hotel director didn’t want to see the guide of the tourist that MASKTOKEN angry.,The hotel director didn’t want to see the guide of the tourist that,$SG,The hotel director didn’t want to see the guide of the tourist that,0.23927372295991134
16a,English,Fernandez,low,sg,0,0,the guides,of the tourist,guides,tourist,The hotel director didn’t want to see the guides of the tourist that MASKTOKEN angry.,The hotel director didn’t want to see the guides of the tourist that,$SG,The hotel director didn’t want to see the guides of the tourist that,0.11047855980642218
16a,English,Fernandez,high,sg,0,0,the guide,of the tourists,guide,tourists,The hotel director didn’t want to see the guide of the tourists that MASKTOKEN angry.,The hotel director didn’t want to see the guide of the tourists that,$SG,The hotel director didn’t want to see the guide of the tourists that,0.1229812200800331
16a,English,Fernandez,ambi,pl,0,0,the guides,of the tourists,guides,tourists,The hotel director didn’t want to see the guides of the tourists that MASKTOKEN angry.,The hotel director didn’t want to see the guides of the tourists that,$PL,The hotel director didn’t want to see the guides of the tourists that,0.45046332810589274
16a,English,Fernandez,low,pl,0,0,the guide,of the tourists,guide,tourists,The hotel director didn’t want to see the guide of the tourists that MASKTOKEN angry.,The hotel director didn’t want to see the guide of the tourists that,$PL,The hotel director didn’t want to see the guide of the tourists that,0.3215606697386679
16a,English,Fernandez,high,pl,0,0,the guides,of the tourist,guides,tourist,The hotel director didn’t want to see the guides of the tourist that MASKTOKEN angry.,The hotel director didn’t want to see the guides of the tourist that,$PL,The hotel director didn’t want to see the guides of the tourist that,0.2805241580573563
17a,English,Fernandez,ambi,sg,0,0,the client,of the lawyer,client,lawyer,The receptionist greeted the client of the lawyer that MASKTOKEN chatting.,The receptionist greeted the client of the lawyer that,$SG,The receptionist greeted the client of the lawyer that,0.13486502056825067
17a,English,Fernandez,low,sg,0,0,the clients,of the lawyer,clients,lawyer,The receptionist greeted the clients of the lawyer that MASKTOKEN chatting.,The receptionist greeted the clients of the lawyer that,$SG,The receptionist greeted the clients of the lawyer that,0.10746300821727939
17a,English,Fernandez,high,sg,0,0,the client,of the lawyers,client,lawyers,The receptionist greeted the client of the lawyers that MASKTOKEN chatting.,The receptionist greeted the client of the lawyers that,$SG,The receptionist greeted the client of the lawyers that,0.03507416293550136
17a,English,Fernandez,ambi,pl,0,0,the clients,of the lawyers,clients,lawyers,The receptionist greeted the clients of the lawyers that MASKTOKEN chatting.,The receptionist greeted the clients of the lawyers that,$PL,The receptionist greeted the clients of the lawyers that,0.16428688304857353
17a,English,Fernandez,low,pl,0,0,the client,of the lawyers,client,lawyers,The receptionist greeted the client of the lawyers that MASKTOKEN chatting.,The receptionist greeted the client of the lawyers that,$PL,The receptionist greeted the client of the lawyers that,0.11176280710060205
17a,English,Fernandez,high,pl,0,0,the clients,of the lawyer,clients,lawyer,The receptionist greeted the clients of the lawyer that MASKTOKEN chatting.,The receptionist greeted the clients of the lawyer that,$PL,The receptionist greeted the clients of the lawyer that,0.02103953738621378
18a,English,Fernandez,ambi,sg,1,0,the guard,of the ambassador,guard,ambassador,Nobody noticed the guard of the ambassador that MASKTOKEN hiding.,Nobody noticed the guard of the ambassador that,$SG,Nobody noticed the guard of the ambassador that,0.29275633537156764
18a,English,Fernandez,low,sg,1,0,the guards,of the ambassador,guards,ambassador,Nobody noticed the guards of the ambassador that MASKTOKEN hiding.,Nobody noticed the guards of the ambassador that,$SG,Nobody noticed the guards of the ambassador that,0.06544149150500456
18a,English,Fernandez,high,sg,1,0,the guard,of the ambassadors,guard,ambassadors,Nobody noticed the guard of the ambassadors that MASKTOKEN hiding.,Nobody noticed the guard of the ambassadors that,$SG,Nobody noticed the guard of the ambassadors that,0.2059292019694574
18a,English,Fernandez,ambi,pl,1,0,the guards,of the ambassadors,guards,ambassadors,Nobody noticed the guards of the ambassadors that MASKTOKEN hiding.,Nobody noticed the guards of the ambassadors that,$PL,Nobody noticed the guards of the ambassadors that,0.2947509700154658
18a,English,Fernandez,low,pl,1,0,the guard,of the ambassadors,guard,ambassadors,Nobody noticed the guard of the ambassadors that MASKTOKEN hiding.,Nobody noticed the guard of the ambassadors that,$PL,Nobody noticed the guard of the ambassadors that,0.1187706402094264
18a,English,Fernandez,high,pl,1,0,the guards,of the ambassador,guards,ambassador,Nobody noticed the guards of the ambassador that MASKTOKEN hiding.,Nobody noticed the guards of the ambassador that,$PL,Nobody noticed the guards of the ambassador that,0.25876979977361003
19a,English,Fernandez,ambi,sg,0,0,the son,of the delegate,son,delegate,Ivana met the son of the delegate that MASKTOKEN smoking.,Ivana met the son of the delegate that,$SG,Ivana met the son of the delegate that,0.1379336551718353
19a,English,Fernandez,low,sg,0,0,the sons,of the delegate,sons,delegate,Ivana met the sons of the delegate that MASKTOKEN smoking.,Ivana met the sons of the delegate that,$SG,Ivana met the sons of the delegate that,0.13831986906274807
19a,English,Fernandez,high,sg,0,0,the son,of the delegates,son,delegates,Ivana met the son of the delegates that MASKTOKEN smoking.,Ivana met the son of the delegates that,$SG,Ivana met the son of the delegates that,0.045060425008765836
19a,English,Fernandez,ambi,pl,0,0,the sons,of the delegates,sons,delegates,Ivana met the sons of the delegates that MASKTOKEN smoking.,Ivana met the sons of the delegates that,$PL,Ivana met the sons of the delegates that,0.199787093879074
19a,English,Fernandez,low,pl,0,0,the son,of the delegates,son,delegates,Ivana met the son of the delegates that MASKTOKEN smoking.,Ivana met the son of the delegates that,$PL,Ivana met the son of the delegates that,0.12352604334694828
19a,English,Fernandez,high,pl,0,0,the sons,of the delegate,sons,delegate,Ivana met the sons of the delegate that MASKTOKEN smoking.,Ivana met the sons of the delegate that,$PL,Ivana met the sons of the delegate that,0.03281660643217599
20a,English,Fernandez,ambi,sg,1,0,the replacement,of the pen,replacement,pen,Lisa couldn’t find the replacement of the pen that MASKTOKEN on sale.,Lisa couldn’t find the replacement of the pen that,$SG,Lisa couldn’t find the replacement of the pen that,0.20399450471355607
20a,English,Fernandez,low,sg,1,0,the replacements,of the pen,replacements,pen,Lisa couldn’t find the replacements of the pen that MASKTOKEN on sale.,Lisa couldn’t find the replacements of the pen that,$SG,Lisa couldn’t find the replacements of the pen that,0.18134732086469807
20a,English,Fernandez,high,sg,1,0,the replacement,of the pens,replacement,pens,Lisa couldn’t find the replacement of the pens that MASKTOKEN on sale.,Lisa couldn’t find the replacement of the pens that,$SG,Lisa couldn’t find the replacement of the pens that,0.04690996955918525
20a,English,Fernandez,ambi,pl,1,0,the replacements,of the pens,replacements,pens,Lisa couldn’t find the replacements of the pens that MASKTOKEN on sale.,Lisa couldn’t find the replacements of the pens that,$PL,Lisa couldn’t find the replacements of the pens that,0.26699364054188557
20a,English,Fernandez,low,pl,1,0,the replacement,of the pens,replacement,pens,Lisa couldn’t find the replacement of the pens that MASKTOKEN on sale.,Lisa couldn’t find the replacement of the pens that,$PL,Lisa couldn’t find the replacement of the pens that,0.23791269051109865
20a,English,Fernandez,high,pl,1,0,the replacements,of the pen,replacements,pen,Lisa couldn’t find the replacements of the pen that MASKTOKEN on sale.,Lisa couldn’t find the replacements of the pen that,$PL,Lisa couldn’t find the replacements of the pen that,0.03364336433938897
21a,English,Fernandez,ambi,sg,0,0,the revision,of the manuscript,revision,manuscript,The student read the revision of the manuscript that MASKTOKEN on the test.,The student read the revision of the manuscript that,$SG,The student read the revision of the manuscript that,0.25784076295042335
21a,English,Fernandez,low,sg,0,0,the revisions,of the manuscript,revisions,manuscript,The student read the revisions of the manuscript that MASKTOKEN on the test.,The student read the revisions of the manuscript that,$SG,The student read the revisions of the manuscript that,0.036443046590443506
21a,English,Fernandez,high,sg,0,0,the revision,of the manuscripts,revision,manuscripts,The student read the revision of the manuscripts that MASKTOKEN on the test.,The student read the revision of the manuscripts that,$SG,The student read the revision of the manuscripts that,0.11280643596475182
21a,English,Fernandez,ambi,pl,0,0,the revisions,of the manuscripts,revisions,manuscripts,The student read the revisions of the manuscripts that MASKTOKEN on the test.,The student read the revisions of the manuscripts that,$PL,The student read the revisions of the manuscripts that,0.2768862300195103
21a,English,Fernandez,low,pl,0,0,the revision,of the manuscripts,revision,manuscripts,The student read the revision of the manuscripts that MASKTOKEN on the test.,The student read the revision of the manuscripts that,$PL,The student read the revision of the manuscripts that,0.15297550863862774
21a,English,Fernandez,high,pl,0,0,the revisions,of the manuscript,revisions,manuscript,The student read the revisions of the manuscript that MASKTOKEN on the test.,The student read the revisions of the manuscript that,$PL,The student read the revisions of the manuscript that,0.24075322609310312
22a,English,Fernandez,ambi,sg,0,0,the panel,of the box,panel,box,The archaeologists finally found the panel of the box that MASKTOKEN broken.,The archaeologists finally found the panel of the box that,$SG,The archaeologists finally found the panel of the box that,0.16411756399709487
22a,English,Fernandez,low,sg,0,0,the panels,of the box,panels,box,The archaeologists finally found the panels of the box that MASKTOKEN broken.,The archaeologists finally found the panels of the box that,$SG,The archaeologists finally found the panels of the box that,0.099740727575645
22a,English,Fernandez,high,sg,0,0,the panel,of the boxes,panel,boxes,The archaeologists finally found the panel of the boxes that MASKTOKEN broken.,The archaeologists finally found the panel of the boxes that,$SG,The archaeologists finally found the panel of the boxes that,0.11438584177239908
22a,English,Fernandez,ambi,pl,0,0,the panels,of the boxes,panels,boxes,The archaeologists finally found the panels of the boxes that MASKTOKEN broken.,The archaeologists finally found the panels of the boxes that,$PL,The archaeologists finally found the panels of the boxes that,0.18630436466838063
22a,English,Fernandez,low,pl,0,0,the panel,of the boxes,panel,boxes,The archaeologists finally found the panel of the boxes that MASKTOKEN broken.,The archaeologists finally found the panel of the boxes that,$PL,The archaeologists finally found the panel of the boxes that,0.07007629368694701
22a,English,Fernandez,high,pl,0,0,the panels,of the box,panels,box,The archaeologists finally found the panels of the box that MASKTOKEN broken.,The archaeologists finally found the panels of the box that,$PL,The archaeologists finally found the panels of the box that,0.030116991790550163
23a,English,Fernandez,ambi,sg,0,0,the printer,of the computer,printer,computer,Harry had inspected the printer of the computer that MASKTOKEN stolen.,Harry had inspected the printer of the computer that,$SG,Harry had inspected the printer of the computer that,0.16543483368475087
23a,English,Fernandez,low,sg,0,0,the printers,of the computer,printers,computer,Harry had inspected the printers of the computer that MASKTOKEN stolen.,Harry had inspected the printers of the computer that,$SG,Harry had inspected the printers of the computer that,0.14176599433035442
23a,English,Fernandez,high,sg,0,0,the printer,of the computers,printer,computers,Harry had inspected the printer of the computers that MASKTOKEN stolen.,Harry had inspected the printer of the computers that,$SG,Harry had inspected the printer of the computers that,0.03533978634373014
23a,English,Fernandez,ambi,pl,0,0,the printers,of the computers,printers,computers,Harry had inspected the printers of the computers that MASKTOKEN stolen.,Harry had inspected the printers of the computers that,$PL,Harry had inspected the printers of the computers that,0.22848008741287806
23a,English,Fernandez,low,pl,0,0,the printer,of the computers,printer,computers,Harry had inspected the printer of the computers that MASKTOKEN stolen.,Harry had inspected the printer of the computers that,$PL,Harry had inspected the printer of the computers that,0.20509710592702213
23a,English,Fernandez,high,pl,0,0,the printers,of the computer,printers,computer,Harry had inspected the printers of the computer that MASKTOKEN stolen.,Harry had inspected the printers of the computer that,$PL,Harry had inspected the printers of the computer that,0.019822223549750717
24a,English,Fernandez,ambi,sg,0,0,the hall,of the apartment,hall,apartment,Susan admired the hall of the apartment that MASKTOKEN painted.,Susan admired the hall of the apartment that,$SG,Susan admired the hall of the apartment that,0.10750173711296362
24a,English,Fernandez,low,sg,0,0,the halls,of the apartment,halls,apartment,Susan admired the halls of the apartment that MASKTOKEN painted.,Susan admired the halls of the apartment that,$SG,Susan admired the halls of the apartment that,0.04071305430313821
24a,English,Fernandez,high,sg,0,0,the hall,of the apartments,hall,apartments,Susan admired the hall of the apartments that MASKTOKEN painted.,Susan admired the hall of the apartments that,$SG,Susan admired the hall of the apartments that,0.10267314346153222
24a,English,Fernandez,ambi,pl,0,0,the halls,of the apartments,halls,apartments,Susan admired the halls of the apartments that MASKTOKEN painted.,Susan admired the halls of the apartments that,$PL,Susan admired the halls of the apartments that,0.15993078722650722
24a,English,Fernandez,low,pl,0,0,the hall,of the apartments,hall,apartments,Susan admired the hall of the apartments that MASKTOKEN painted.,Susan admired the hall of the apartments that,$PL,Susan admired the hall of the apartments that,0.08138818794440716
24a,English,Fernandez,high,pl,0,0,the halls,of the apartment,halls,apartment,Susan admired the halls of the apartment that MASKTOKEN painted.,Susan admired the halls of the apartment that,$PL,Susan admired the halls of the apartment that,0.0751428272087864
1,English,Cuetos_Mitchell,ambi,sg,0,0,the book,of the girl,book,girl,Peter was looking at the book of the girl that MASKTOKEN in the living room.,Peter was looking at the book of the girl that,$SG,Peter was looking at the book of the girl that,0.2097070534688772
1,English,Cuetos_Mitchell,low,sg,0,0,the books,of the girl,books,girl,Peter was looking at the books of the girl that MASKTOKEN in the living room.,Peter was looking at the books of the girl that,$SG,Peter was looking at the books of the girl that,0.19008893783874026
1,English,Cuetos_Mitchell,high,sg,0,0,the book,of the girls,book,girls,Peter was looking at the book of the girls that MASKTOKEN in the living room.,Peter was looking at the book of the girls that,$SG,Peter was looking at the book of the girls that,0.14860623857126765
1,English,Cuetos_Mitchell,ambi,pl,0,0,the books,of the girls,books,girls,Peter was looking at the books of the girls that MASKTOKEN in the living room.,Peter was looking at the books of the girls that,$PL,Peter was looking at the books of the girls that,0.26614068823633197
1,English,Cuetos_Mitchell,low,pl,0,0,the book,of the girls,book,girls,Peter was looking at the book of the girls that MASKTOKEN in the living room.,Peter was looking at the book of the girls that,$PL,Peter was looking at the book of the girls that,0.10756006984370359
1,English,Cuetos_Mitchell,high,pl,0,0,the books,of the girl,books,girl,Peter was looking at the books of the girl that MASKTOKEN in the living room.,Peter was looking at the books of the girl that,$PL,Peter was looking at the books of the girl that,0.01724636514136524
2,English,Cuetos_Mitchell,ambi,sg,0,0,the servant,of the actress,servant,actress,Someone shot the servant of the actress who MASKTOKEN on the balcony.,Someone shot the servant of the actress who,$SG,Someone shot the servant of the actress who,0.44409407057653727
2,English,Cuetos_Mitchell,low,sg,0,0,the servants,of the actress,servants,actress,Someone shot the servants of the actress who MASKTOKEN on the balcony.,Someone shot the servants of the actress who,$SG,Someone shot the servants of the actress who,0.42434245728900954
2,English,Cuetos_Mitchell,high,sg,0,0,the servant,of the actresses,servant,actresses,Someone shot the servant of the actresses who MASKTOKEN on the balcony.,Someone shot the servant of the actresses who,$SG,Someone shot the servant of the actresses who,0.1910615611198283
2,English,Cuetos_Mitchell,ambi,pl,0,0,the servants,of the actresses,servants,actresses,Someone shot the servants of the actresses who MASKTOKEN on the balcony.,Someone shot the servants of the actresses who,$PL,Someone shot the servants of the actresses who,0.43475682259538573
2,English,Cuetos_Mitchell,low,pl,0,0,the servant,of the actresses,servant,actresses,Someone shot the servant of the actresses who MASKTOKEN on the balcony.,Someone shot the servant of the actresses who,$PL,Someone shot the servant of the actresses who,0.24289192052197972
2,English,Cuetos_Mitchell,high,pl,0,0,the servants,of the actress,servants,actress,Someone shot the servants of the actress who MASKTOKEN on the balcony.,Someone shot the servants of the actress who,$PL,Someone shot the servants of the actress who,0.010131281205073006
3,English,Cuetos_Mitchell,ambi,sg,0,0,the friend,of the teacher,friend,teacher,John met the friend of the teacher who MASKTOKEN in Germany.,John met the friend of the teacher who,$SG,John met the friend of the teacher who,0.19171450185836791
3,English,Cuetos_Mitchell,low,sg,0,0,the friends,of the teacher,friends,teacher,John met the friends of the teacher who MASKTOKEN in Germany.,John met the friends of the teacher who,$SG,John met the friends of the teacher who,0.18706595742846321
3,English,Cuetos_Mitchell,high,sg,0,0,the friend,of the teachers,friend,teachers,John met the friend of the teachers who MASKTOKEN in Germany.,John met the friend of the teachers who,$SG,John met the friend of the teachers who,0.1958360672350441
3,English,Cuetos_Mitchell,ambi,pl,0,0,the friends,of the teachers,friends,teachers,John met the friends of the teachers who MASKTOKEN in Germany.,John met the friends of the teachers who,$PL,John met the friends of the teachers who,0.2583429161055797
3,English,Cuetos_Mitchell,low,pl,0,0,the friend,of the teachers,friend,teachers,John met the friend of the teachers who MASKTOKEN in Germany.,John met the friend of the teachers who,$PL,John met the friend of the teachers who,0.026234733970782464
3,English,Cuetos_Mitchell,high,pl,0,0,the friends,of the teacher,friends,teacher,John met the friends of the teacher who MASKTOKEN in Germany.,John met the friends of the teacher who,$PL,John met the friends of the teacher who,0.021595545721158516
4,English,Cuetos_Mitchell,ambi,sg,0,0,the case,of the tourist,case,tourist,A thief was keeping an eye on the case of the tourist that MASKTOKEN by the mailbox.,A thief was keeping an eye on the case of the tourist that,$SG,A thief was keeping an eye on the case of the tourist that,0.23561411121585962
4,English,Cuetos_Mitchell,low,sg,0,0,the cases,of the tourist,cases,tourist,A thief was keeping an eye on the cases of the tourist that MASKTOKEN by the mailbox.,A thief was keeping an eye on the cases of the tourist that,$SG,A thief was keeping an eye on the cases of the tourist that,0.09204178535413732
4,English,Cuetos_Mitchell,high,sg,0,0,the case,of the tourists,case,tourists,A thief was keeping an eye on the case of the tourists that MASKTOKEN by the mailbox.,A thief was keeping an eye on the case of the tourists that,$SG,A thief was keeping an eye on the case of the tourists that,0.04976449176267428
4,English,Cuetos_Mitchell,ambi,pl,0,0,the cases,of the tourists,cases,tourists,A thief was keeping an eye on the cases of the tourists that MASKTOKEN by the mailbox.,A thief was keeping an eye on the cases of the tourists that,$PL,A thief was keeping an eye on the cases of the tourists that,0.30126065195929197
4,English,Cuetos_Mitchell,low,pl,0,0,the case,of the tourists,case,tourists,A thief was keeping an eye on the case of the tourists that MASKTOKEN by the mailbox.,A thief was keeping an eye on the case of the tourists that,$PL,A thief was keeping an eye on the case of the tourists that,0.23255849914689453
4,English,Cuetos_Mitchell,high,pl,0,0,the cases,of the tourist,cases,tourist,A thief was keeping an eye on the cases of the tourist that MASKTOKEN by the mailbox.,A thief was keeping an eye on the cases of the tourist that,$PL,A thief was keeping an eye on the cases of the tourist that,0.1416722574295015
5,English,Cuetos_Mitchell,ambi,sg,1,0,the animal,of the peasant,animal,peasant,The tourist photographed the animal of the peasant that MASKTOKEN by the puddle.,The tourist photographed the animal of the peasant that,$SG,The tourist photographed the animal of the peasant that,0.16817290097868032
5,English,Cuetos_Mitchell,low,sg,1,0,the animals,of the peasant,animals,peasant,The tourist photographed the animals of the peasant that MASKTOKEN by the puddle.,The tourist photographed the animals of the peasant that,$SG,The tourist photographed the animals of the peasant that,0.09726855359521025
5,English,Cuetos_Mitchell,high,sg,1,0,the animal,of the peasants,animal,peasants,The tourist photographed the animal of the peasants that MASKTOKEN by the puddle.,The tourist photographed the animal of the peasants that,$SG,The tourist photographed the animal of the peasants that,0.09711271260660403
5,English,Cuetos_Mitchell,ambi,pl,1,0,the animals,of the peasants,animals,peasants,The tourist photographed the animals of the peasants that MASKTOKEN by the puddle.,The tourist photographed the animals of the peasants that,$PL,The tourist photographed the animals of the peasants that,0.2139935672952582
5,English,Cuetos_Mitchell,low,pl,1,0,the animal,of the peasants,animal,peasants,The tourist photographed the animal of the peasants that MASKTOKEN by the puddle.,The tourist photographed the animal of the peasants that,$PL,The tourist photographed the animal of the peasants that,0.1645233320745927
5,English,Cuetos_Mitchell,high,pl,1,0,the animals,of the peasant,animals,peasant,The tourist photographed the animals of the peasant that MASKTOKEN by the puddle.,The tourist photographed the animals of the peasant that,$PL,The tourist photographed the animals of the peasant that,0.08508064510930957
6,English,Cuetos_Mitchell,ambi,sg,0,1,the sister,of the driver,sister,driver,The police arrested the sister of the driver who MASKTOKEN in Melilla.,The police arrested the sister of the driver who,$SG,The police arrested the sister of the driver who,0.27024074765770445
6,English,Cuetos_Mitchell,low,sg,0,1,the sisters,of the driver,sisters,driver,The police arrested the sisters of the driver who MASKTOKEN in Melilla.,The police arrested the sisters of the driver who,$SG,The police arrested the sisters of the driver who,0.2240105350963406
6,English,Cuetos_Mitchell,high,sg,0,1,the sister,of the driver,sister,driver,The police arrested the sister of the driver who MASKTOKEN in Melilla.,The police arrested the sister of the driver who,$SG,The police arrested the sister of the driver who,0.27024074765770445
6,English,Cuetos_Mitchell,ambi,pl,0,1,the sisters,of the driver,sisters,driver,The police arrested the sisters of the driver who MASKTOKEN in Melilla.,The police arrested the sisters of the driver who,$PL,The police arrested the sisters of the driver who,0.05520878049492839
6,English,Cuetos_Mitchell,low,pl,0,1,the sister,of the driver,sister,driver,The police arrested the sister of the driver who MASKTOKEN in Melilla.,The police arrested the sister of the driver who,$PL,The police arrested the sister of the driver who,0.04797078654746578
6,English,Cuetos_Mitchell,high,pl,0,1,the sisters,of the driver,sisters,driver,The police arrested the sisters of the driver who MASKTOKEN in Melilla.,The police arrested the sisters of the driver who,$PL,The police arrested the sisters of the driver who,0.05520880171234355
7,English,Cuetos_Mitchell,ambi,sg,1,0,the medicine,of the patient,medicine,patient,The nurse took the medicine of the patient that MASKTOKEN by the window.,The nurse took the medicine of the patient that,$SG,The nurse took the medicine of the patient that,0.25685640475173344
7,English,Cuetos_Mitchell,low,sg,1,0,the medicines,of the patient,medicines,patient,The nurse took the medicines of the patient that MASKTOKEN by the window.,The nurse took the medicines of the patient that,$SG,The nurse took the medicines of the patient that,0.0990931124850416
7,English,Cuetos_Mitchell,high,sg,1,0,the medicine,of the patients,medicine,patients,The nurse took the medicine of the patients that MASKTOKEN by the window.,The nurse took the medicine of the patients that,$SG,The nurse took the medicine of the patients that,0.07370051202616112
7,English,Cuetos_Mitchell,ambi,pl,1,0,the medicines,of the patients,medicines,patients,The nurse took the medicines of the patients that MASKTOKEN by the window.,The nurse took the medicines of the patients that,$PL,The nurse took the medicines of the patients that,0.33336009128663147
7,English,Cuetos_Mitchell,low,pl,1,0,the medicine,of the patients,medicine,patients,The nurse took the medicine of the patients that MASKTOKEN by the window.,The nurse took the medicine of the patients that,$PL,The nurse took the medicine of the patients that,0.2677619265313185
7,English,Cuetos_Mitchell,high,pl,1,0,the medicines,of the patient,medicines,patient,The nurse took the medicines of the patient that MASKTOKEN by the window.,The nurse took the medicines of the patient that,$PL,The nurse took the medicines of the patient that,0.18328341306726337
8,English,Cuetos_Mitchell,ambi,sg,1,1,the sibling,of the farmer,sibling,farmer,Andrew was speaking with the sibling of the farmer who MASKTOKEN in Brazil.,Andrew was speaking with the sibling of the farmer who,$SG,Andrew was speaking with the sibling of the farmer who,0.29579648677780046
8,English,Cuetos_Mitchell,low,sg,1,1,the siblings,of the farmer,siblings,farmer,Andrew was speaking with the siblings of the farmer who MASKTOKEN in Brazil.,Andrew was speaking with the siblings of the farmer who,$SG,Andrew was speaking with the siblings of the farmer who,0.3327257274735729
8,English,Cuetos_Mitchell,high,sg,1,1,the sibling,of the farmers,sibling,farmers,Andrew was speaking with the sibling of the farmers who MASKTOKEN in Brazil.,Andrew was speaking with the sibling of the farmers who,$SG,Andrew was speaking with the sibling of the farmers who,0.1676842523796771
8,English,Cuetos_Mitchell,ambi,pl,1,1,the siblings,of the farmers,siblings,farmers,Andrew was speaking with the siblings of the farmers who MASKTOKEN in Brazil.,Andrew was speaking with the siblings of the farmers who,$PL,Andrew was speaking with the siblings of the farmers who,0.3367599717027838
8,English,Cuetos_Mitchell,low,pl,1,1,the sibling,of the farmers,sibling,farmers,Andrew was speaking with the sibling of the farmers who MASKTOKEN in Brazil.,Andrew was speaking with the sibling of the farmers who,$PL,Andrew was speaking with the sibling of the farmers who,0.16052317397613436
8,English,Cuetos_Mitchell,high,pl,1,1,the siblings,of the farmer,siblings,farmer,Andrew was speaking with the siblings of the farmer who MASKTOKEN in Brazil.,Andrew was speaking with the siblings of the farmer who,$PL,Andrew was speaking with the siblings of the farmer who,0.01446381859005963
9,English,Cuetos_Mitchell,ambi,sg,0,0,the shoe,of the guest,shoe,guest,The servant contemplated the shoe of the guest that MASKTOKEN close to the fireplace.,The servant contemplated the shoe of the guest that,$SG,The servant contemplated the shoe of the guest that,0.2857871430398369
9,English,Cuetos_Mitchell,low,sg,0,0,the shoes,of the guest,shoes,guest,The servant contemplated the shoes of the guest that MASKTOKEN close to the fireplace.,The servant contemplated the shoes of the guest that,$SG,The servant contemplated the shoes of the guest that,0.2339960943188215
9,English,Cuetos_Mitchell,high,sg,0,0,the shoe,of the guests,shoe,guests,The servant contemplated the shoe of the guests that MASKTOKEN close to the fireplace.,The servant contemplated the shoe of the guests that,$SG,The servant contemplated the shoe of the guests that,0.1773145791096553
9,English,Cuetos_Mitchell,ambi,pl,0,0,the shoes,of the guests,shoes,guests,The servant contemplated the shoes of the guests that MASKTOKEN close to the fireplace.,The servant contemplated the shoes of the guests that,$PL,The servant contemplated the shoes of the guests that,0.3915926916233632
9,English,Cuetos_Mitchell,low,pl,0,0,the shoe,of the guests,shoe,guests,The servant contemplated the shoe of the guests that MASKTOKEN close to the fireplace.,The servant contemplated the shoe of the guests that,$PL,The servant contemplated the shoe of the guests that,0.21046904581572168
9,English,Cuetos_Mitchell,high,pl,0,0,the shoes,of the guest,shoes,guest,The servant contemplated the shoes of the guest that MASKTOKEN close to the fireplace.,The servant contemplated the shoes of the guest that,$PL,The servant contemplated the shoes of the guest that,0.09877571468636415
10,English,Cuetos_Mitchell,ambi,sg,0,1,the girlfriend,of the town leader,girlfriend,leader,Yesterday I met with the girlfriend of the town leader who MASKTOKEN in Australia.,Yesterday I met with the girlfriend of the town leader who,$SG,Yesterday I met with the girlfriend of the town leader who,0.41259927794624796
10,English,Cuetos_Mitchell,low,sg,0,1,the girlfriends,of the town leader,girlfriends,leader,Yesterday I met with the girlfriends of the town leader who MASKTOKEN in Australia.,Yesterday I met with the girlfriends of the town leader who,$SG,Yesterday I met with the girlfriends of the town leader who,0.3404535178393884
10,English,Cuetos_Mitchell,high,sg,0,1,the girlfriend,of the town leaders,girlfriend,leaders,Yesterday I met with the girlfriend of the town leaders who MASKTOKEN in Australia.,Yesterday I met with the girlfriend of the town leaders who,$SG,Yesterday I met with the girlfriend of the town leaders who,0.13515984860799035
10,English,Cuetos_Mitchell,ambi,pl,0,1,the girlfriends,of the town leaders,girlfriends,leaders,Yesterday I met with the girlfriends of the town leaders who MASKTOKEN in Australia.,Yesterday I met with the girlfriends of the town leaders who,$PL,Yesterday I met with the girlfriends of the town leaders who,0.4148974272414856
10,English,Cuetos_Mitchell,low,pl,0,1,the girlfriend,of the town leaders,girlfriend,leaders,Yesterday I met with the girlfriend of the town leaders who MASKTOKEN in Australia.,Yesterday I met with the girlfriend of the town leaders who,$PL,Yesterday I met with the girlfriend of the town leaders who,0.2716615684158472
10,English,Cuetos_Mitchell,high,pl,0,1,the girlfriends,of the town leader,girlfriends,leader,Yesterday I met with the girlfriends of the town leader who MASKTOKEN in Australia.,Yesterday I met with the girlfriends of the town leader who,$PL,Yesterday I met with the girlfriends of the town leader who,0.08368090778192072
11,English,Cuetos_Mitchell,ambi,sg,0,1,the horse,of the traveler,horse,traveler,The bailiff locked up the horse of the traveler that MASKTOKEN by the bridge.,The bailiff locked up the horse of the traveler that,$SG,The bailiff locked up the horse of the traveler that,0.2501463575566927
11,English,Cuetos_Mitchell,low,sg,0,1,the horses,of the traveler,horses,traveler,The bailiff locked up the horses of the traveler that MASKTOKEN by the bridge.,The bailiff locked up the horses of the traveler that,$SG,The bailiff locked up the horses of the traveler that,0.24372133788827122
11,English,Cuetos_Mitchell,high,sg,0,1,the horse,of the travelers,horse,travelers,The bailiff locked up the horse of the travelers that MASKTOKEN by the bridge.,The bailiff locked up the horse of the travelers that,$SG,The bailiff locked up the horse of the travelers that,0.2394171828314322
11,English,Cuetos_Mitchell,ambi,pl,0,1,the horses,of the travelers,horses,travelers,The bailiff locked up the horses of the travelers that MASKTOKEN by the bridge.,The bailiff locked up the horses of the travelers that,$PL,The bailiff locked up the horses of the travelers that,0.3438782257439441
11,English,Cuetos_Mitchell,low,pl,0,1,the horse,of the travelers,horse,travelers,The bailiff locked up the horse of the travelers that MASKTOKEN by the bridge.,The bailiff locked up the horse of the travelers that,$PL,The bailiff locked up the horse of the travelers that,0.09448735018084564
11,English,Cuetos_Mitchell,high,pl,0,1,the horses,of the traveler,horses,traveler,The bailiff locked up the horses of the traveler that MASKTOKEN by the bridge.,The bailiff locked up the horses of the traveler that,$PL,The bailiff locked up the horses of the traveler that,0.023770827628954994
12,English,Cuetos_Mitchell,ambi,sg,0,0,the toy,of the baby,toy,baby,The old lady was observing the toy of the baby that MASKTOKEN on the bed.,The old lady was observing the toy of the baby that,$SG,The old lady was observing the toy of the baby that,0.3882952753811373
12,English,Cuetos_Mitchell,low,sg,0,0,the toys,of the baby,toys,baby,The old lady was observing the toys of the baby that MASKTOKEN on the bed.,The old lady was observing the toys of the baby that,$SG,The old lady was observing the toys of the baby that,0.36600108048322477
12,English,Cuetos_Mitchell,high,sg,0,0,the toy,of the babies,toy,babies,The old lady was observing the toy of the babies that MASKTOKEN on the bed.,The old lady was observing the toy of the babies that,$SG,The old lady was observing the toy of the babies that,0.14019354487198932
12,English,Cuetos_Mitchell,ambi,pl,0,0,the toys,of the babies,toys,babies,The old lady was observing the toys of the babies that MASKTOKEN on the bed.,The old lady was observing the toys of the babies that,$PL,The old lady was observing the toys of the babies that,0.5788289024765538
12,English,Cuetos_Mitchell,low,pl,0,0,the toy,of the babies,toy,babies,The old lady was observing the toy of the babies that MASKTOKEN on the bed.,The old lady was observing the toy of the babies that,$PL,The old lady was observing the toy of the babies that,0.3640511636556303
12,English,Cuetos_Mitchell,high,pl,0,0,the toys,of the baby,toys,baby,The old lady was observing the toys of the baby that MASKTOKEN on the bed.,The old lady was observing the toys of the baby that,$PL,The old lady was observing the toys of the baby that,0.13733789777251082
13,English,Cuetos_Mitchell,ambi,sg,0,1,the daughter,of the captain,daughter,captain,The journalist interviewed the daughter of the captain who MASKTOKEN near the accident.,The journalist interviewed the daughter of the captain who,$SG,The journalist interviewed the daughter of the captain who,0.25328239997006463
13,English,Cuetos_Mitchell,low,sg,0,1,the daughters,of the captain,daughters,captain,The journalist interviewed the daughters of the captain who MASKTOKEN near the accident.,The journalist interviewed the daughters of the captain who,$SG,The journalist interviewed the daughters of the captain who,0.22746632187874294
13,English,Cuetos_Mitchell,high,sg,0,1,the daughter,of the captains,daughter,captains,The journalist interviewed the daughter of the captains who MASKTOKEN near the accident.,The journalist interviewed the daughter of the captains who,$SG,The journalist interviewed the daughter of the captains who,0.07389998247795981
13,English,Cuetos_Mitchell,ambi,pl,0,1,the daughters,of the captains,daughters,captains,The journalist interviewed the daughters of the captains who MASKTOKEN near the accident.,The journalist interviewed the daughters of the captains who,$PL,The journalist interviewed the daughters of the captains who,0.23902880068196897
13,English,Cuetos_Mitchell,low,pl,0,1,the daughter,of the captains,daughter,captains,The journalist interviewed the daughter of the captains who MASKTOKEN near the accident.,The journalist interviewed the daughter of the captains who,$PL,The journalist interviewed the daughter of the captains who,0.19698666353507832
13,English,Cuetos_Mitchell,high,pl,0,1,the daughters,of the captain,daughters,captain,The journalist interviewed the daughters of the captain who MASKTOKEN near the accident.,The journalist interviewed the daughters of the captain who,$PL,The journalist interviewed the daughters of the captain who,0.0525462457446233
14,English,Cuetos_Mitchell,ambi,sg,0,1,the bag,of the visitor,bag,visitor,The peasant was gazing at the bag of the visitor that MASKTOKEN under a tree.,The peasant was gazing at the bag of the visitor that,$SG,The peasant was gazing at the bag of the visitor that,0.25970830589976046
14,English,Cuetos_Mitchell,low,sg,0,1,the bags,of the visitor,bags,visitor,The peasant was gazing at the bags of the visitor that MASKTOKEN under a tree.,The peasant was gazing at the bags of the visitor that,$SG,The peasant was gazing at the bags of the visitor that,0.04402064706106401
14,English,Cuetos_Mitchell,high,sg,0,1,the bag,of the visitors,bag,visitors,The peasant was gazing at the bag of the visitors that MASKTOKEN under a tree.,The peasant was gazing at the bag of the visitors that,$SG,The peasant was gazing at the bag of the visitors that,0.24827739058428744
14,English,Cuetos_Mitchell,ambi,pl,0,1,the bags,of the visitors,bags,visitors,The peasant was gazing at the bags of the visitors that MASKTOKEN under a tree.,The peasant was gazing at the bags of the visitors that,$PL,The peasant was gazing at the bags of the visitors that,0.37393970361300877
14,English,Cuetos_Mitchell,low,pl,0,1,the bag,of the visitors,bag,visitors,The peasant was gazing at the bag of the visitors that MASKTOKEN under a tree.,The peasant was gazing at the bag of the visitors that,$PL,The peasant was gazing at the bag of the visitors that,0.0534305720383923
14,English,Cuetos_Mitchell,high,pl,0,1,the bags,of the visitor,bags,visitor,The peasant was gazing at the bags of the visitor that MASKTOKEN under a tree.,The peasant was gazing at the bags of the visitor that,$PL,The peasant was gazing at the bags of the visitor that,0.3321516598048939
15,English,Cuetos_Mitchell,ambi,sg,0,0,the box,of the soldier,box,soldier,The people watched the box of the soldier that MASKTOKEN on the platform.,The people watched the box of the soldier that,$SG,The people watched the box of the soldier that,0.3209638476150589
15,English,Cuetos_Mitchell,low,sg,0,0,the boxes,of the soldier,boxes,soldier,The people watched the boxes of the soldier that MASKTOKEN on the platform.,The people watched the boxes of the soldier that,$SG,The people watched the boxes of the soldier that,0.22857899181257135
15,English,Cuetos_Mitchell,high,sg,0,0,the box,of the soldiers,box,soldiers,The people watched the box of the soldiers that MASKTOKEN on the platform.,The people watched the box of the soldiers that,$SG,The people watched the box of the soldiers that,0.1812503851883127
15,English,Cuetos_Mitchell,ambi,pl,0,0,the boxes,of the soldiers,boxes,soldiers,The people watched the boxes of the soldiers that MASKTOKEN on the platform.,The people watched the boxes of the soldiers that,$PL,The people watched the boxes of the soldiers that,0.4092633428535999
15,English,Cuetos_Mitchell,low,pl,0,0,the box,of the soldiers,box,soldiers,The people watched the box of the soldiers that MASKTOKEN on the platform.,The people watched the box of the soldiers that,$PL,The people watched the box of the soldiers that,0.21264127090261553
15,English,Cuetos_Mitchell,high,pl,0,0,the boxes,of the soldier,boxes,soldier,The people watched the boxes of the soldier that MASKTOKEN on the platform.,The people watched the boxes of the soldier that,$PL,The people watched the boxes of the soldier that,0.139591861524881
16,English,Cuetos_Mitchell,ambi,sg,0,1,the dog,of the fruit dealer,dog,dealer,Lewis ran over the dog of the fruit dealer that MASKTOKEN to this district.,Lewis ran over the dog of the fruit dealer that,$SG,Lewis ran over the dog of the fruit dealer that,0.12391602361308518
16,English,Cuetos_Mitchell,low,sg,0,1,the dogs,of the fruit dealer,dogs,dealer,Lewis ran over the dogs of the fruit dealer that MASKTOKEN to this district.,Lewis ran over the dogs of the fruit dealer that,$SG,Lewis ran over the dogs of the fruit dealer that,0.09004161845289183
16,English,Cuetos_Mitchell,high,sg,0,1,the dog,of the fruit dealers,dog,dealers,Lewis ran over the dog of the fruit dealers that MASKTOKEN to this district.,Lewis ran over the dog of the fruit dealers that,$SG,Lewis ran over the dog of the fruit dealers that,0.09951052868772692
16,English,Cuetos_Mitchell,ambi,pl,0,1,the dogs,of the fruit dealers,dogs,dealers,Lewis ran over the dogs of the fruit dealers that MASKTOKEN to this district.,Lewis ran over the dogs of the fruit dealers that,$PL,Lewis ran over the dogs of the fruit dealers that,0.17517813012830707
16,English,Cuetos_Mitchell,low,pl,0,1,the dog,of the fruit dealers,dog,dealers,Lewis ran over the dog of the fruit dealers that MASKTOKEN to this district.,Lewis ran over the dog of the fruit dealers that,$PL,Lewis ran over the dog of the fruit dealers that,0.05848005291281044
16,English,Cuetos_Mitchell,high,pl,0,1,the dogs,of the fruit dealer,dogs,dealer,Lewis ran over the dogs of the fruit dealer that MASKTOKEN to this district.,Lewis ran over the dogs of the fruit dealer that,$PL,Lewis ran over the dogs of the fruit dealer that,0.08039307511571092
17,English,Cuetos_Mitchell,ambi,sg,1,1,the relative,of the worker,relative,worker,Andrew had dinner with the relative of the worker who MASKTOKEN a member of the communist party.,Andrew had dinner with the relative of the worker who,$SG,Andrew had dinner with the relative of the worker who,0.2831392891919968
17,English,Cuetos_Mitchell,low,sg,1,1,the relatives,of the worker,relatives,worker,Andrew had dinner with the relatives of the worker who MASKTOKEN a member of the communist party.,Andrew had dinner with the relatives of the worker who,$SG,Andrew had dinner with the relatives of the worker who,0.1848732203083543
17,English,Cuetos_Mitchell,high,sg,1,1,the relative,of the workers,relative,workers,Andrew had dinner with the relative of the workers who MASKTOKEN a member of the communist party.,Andrew had dinner with the relative of the workers who,$SG,Andrew had dinner with the relative of the workers who,0.07611335777297068
17,English,Cuetos_Mitchell,ambi,pl,1,1,the relatives,of the workers,relatives,workers,Andrew had dinner with the relatives of the workers who MASKTOKEN a member of the communist party.,Andrew had dinner with the relatives of the workers who,$PL,Andrew had dinner with the relatives of the workers who,0.2523678642323186
17,English,Cuetos_Mitchell,low,pl,1,1,the relative,of the workers,relative,workers,Andrew had dinner with the relative of the workers who MASKTOKEN a member of the communist party.,Andrew had dinner with the relative of the workers who,$PL,Andrew had dinner with the relative of the workers who,0.23462181197051013
17,English,Cuetos_Mitchell,high,pl,1,1,the relatives,of the worker,relatives,worker,Andrew had dinner with the relatives of the worker who MASKTOKEN a member of the communist party.,Andrew had dinner with the relatives of the worker who,$PL,Andrew had dinner with the relatives of the worker who,0.007233473848159533
18,English,Cuetos_Mitchell,ambi,sg,0,0,the cat,of the french girl,cat,girl,George was stroking the cat of the french girl that MASKTOKEN at the fountain.,George was stroking the cat of the french girl that,$SG,George was stroking the cat of the french girl that,0.33297978560405816
18,English,Cuetos_Mitchell,low,sg,0,0,the cats,of the french girl,cats,girl,George was stroking the cats of the french girl that MASKTOKEN at the fountain.,George was stroking the cats of the french girl that,$SG,George was stroking the cats of the french girl that,0.2798781144196347
18,English,Cuetos_Mitchell,high,sg,0,0,the cat,of the french girls,cat,girls,George was stroking the cat of the french girls that MASKTOKEN at the fountain.,George was stroking the cat of the french girls that,$SG,George was stroking the cat of the french girls that,0.1818524448304757
18,English,Cuetos_Mitchell,ambi,pl,0,0,the cats,of the french girls,cats,girls,George was stroking the cats of the french girls that MASKTOKEN at the fountain.,George was stroking the cats of the french girls that,$PL,George was stroking the cats of the french girls that,0.3273241309594592
18,English,Cuetos_Mitchell,low,pl,0,0,the cat,of the french girls,cat,girls,George was stroking the cat of the french girls that MASKTOKEN at the fountain.,George was stroking the cat of the french girls that,$PL,George was stroking the cat of the french girls that,0.20584806070109885
18,English,Cuetos_Mitchell,high,pl,0,0,the cats,of the french girl,cats,girl,George was stroking the cats of the french girl that MASKTOKEN at the fountain.,George was stroking the cats of the french girl that,$PL,George was stroking the cats of the french girl that,0.0366912866093454
19,English,Cuetos_Mitchell,ambi,sg,0,0,the brother,of the priest,brother,priest,Martha cheered the brother of the priest who MASKTOKEN in the school.,Martha cheered the brother of the priest who,$SG,Martha cheered the brother of the priest who,0.19341305613286908
19,English,Cuetos_Mitchell,low,sg,0,0,the brothers,of the priest,brothers,priest,Martha cheered the brothers of the priest who MASKTOKEN in the school.,Martha cheered the brothers of the priest who,$SG,Martha cheered the brothers of the priest who,0.1366271925226652
19,English,Cuetos_Mitchell,high,sg,0,0,the brother,of the priests,brother,priests,Martha cheered the brother of the priests who MASKTOKEN in the school.,Martha cheered the brother of the priests who,$SG,Martha cheered the brother of the priests who,0.1680961604827158
19,English,Cuetos_Mitchell,ambi,pl,0,0,the brothers,of the priests,brothers,priests,Martha cheered the brothers of the priests who MASKTOKEN in the school.,Martha cheered the brothers of the priests who,$PL,Martha cheered the brothers of the priests who,0.2124849092339467
19,English,Cuetos_Mitchell,low,pl,0,0,the brother,of the priests,brother,priests,Martha cheered the brother of the priests who MASKTOKEN in the school.,Martha cheered the brother of the priests who,$PL,Martha cheered the brother of the priests who,0.05040605593402425
19,English,Cuetos_Mitchell,high,pl,0,0,the brothers,of the priest,brothers,priest,Martha cheered the brothers of the priest who MASKTOKEN in the school.,Martha cheered the brothers of the priest who,$PL,Martha cheered the brothers of the priest who,0.03214020477253854
20,English,Cuetos_Mitchell,ambi,sg,1,0,the container,of the student,container,student,The detective photographed the container of the student that MASKTOKEN on the terrace.,The detective photographed the container of the student that,$SG,The detective photographed the container of the student that,0.27733009206020176
20,English,Cuetos_Mitchell,low,sg,1,0,the containers,of the student,containers,student,The detective photographed the containers of the student that MASKTOKEN on the terrace.,The detective photographed the containers of the student that,$SG,The detective photographed the containers of the student that,0.10392025816520789
20,English,Cuetos_Mitchell,high,sg,1,0,the container,of the students,container,students,The detective photographed the container of the students that MASKTOKEN on the terrace.,The detective photographed the container of the students that,$SG,The detective photographed the container of the students that,0.17486239656779468
20,English,Cuetos_Mitchell,ambi,pl,1,0,the containers,of the students,containers,students,The detective photographed the containers of the students that MASKTOKEN on the terrace.,The detective photographed the containers of the students that,$PL,The detective photographed the containers of the students that,0.38594193056920467
20,English,Cuetos_Mitchell,low,pl,1,0,the container,of the students,container,students,The detective photographed the container of the students that MASKTOKEN on the terrace.,The detective photographed the container of the students that,$PL,The detective photographed the container of the students that,0.1577199380256884
20,English,Cuetos_Mitchell,high,pl,1,0,the containers,of the student,containers,student,The detective photographed the containers of the student that MASKTOKEN on the terrace.,The detective photographed the containers of the student that,$PL,The detective photographed the containers of the student that,0.21001181334468377
21,English,Cuetos_Mitchell,ambi,sg,0,1,the cousin,of the man,cousin,man,Mary argued with the cousin of the man who MASKTOKEN in Argentina.,Mary argued with the cousin of the man who,$SG,Mary argued with the cousin of the man who,0.15978310154474684
21,English,Cuetos_Mitchell,low,sg,0,1,the cousins,of the man,cousins,man,Mary argued with the cousins of the man who MASKTOKEN in Argentina.,Mary argued with the cousins of the man who,$SG,Mary argued with the cousins of the man who,0.1258205822334384
21,English,Cuetos_Mitchell,high,sg,0,1,the cousin,of the men,cousin,men,Mary argued with the cousin of the men who MASKTOKEN in Argentina.,Mary argued with the cousin of the men who,$SG,Mary argued with the cousin of the men who,0.15266522848713882
21,English,Cuetos_Mitchell,ambi,pl,0,1,the cousins,of the men,cousins,men,Mary argued with the cousins of the men who MASKTOKEN in Argentina.,Mary argued with the cousins of the men who,$PL,Mary argued with the cousins of the men who,0.1810360902116912
21,English,Cuetos_Mitchell,low,pl,0,1,the cousin,of the men,cousin,men,Mary argued with the cousin of the men who MASKTOKEN in Argentina.,Mary argued with the cousin of the men who,$PL,Mary argued with the cousin of the men who,0.10605829728221838
21,English,Cuetos_Mitchell,high,pl,0,1,the cousins,of the man,cousins,man,Mary argued with the cousins of the man who MASKTOKEN in Argentina.,Mary argued with the cousins of the man who,$PL,Mary argued with the cousins of the man who,0.020967281544705063
22,English,Cuetos_Mitchell,ambi,sg,1,0,the child,of the teacher,child,teacher,The boys poked fun at the child of the teacher who MASKTOKEN in the park.,The boys poked fun at the child of the teacher who,$SG,The boys poked fun at the child of the teacher who,0.3228619630543377
22,English,Cuetos_Mitchell,low,sg,1,0,the children,of the teacher,children,teacher,The boys poked fun at the children of the teacher who MASKTOKEN in the park.,The boys poked fun at the children of the teacher who,$SG,The boys poked fun at the children of the teacher who,0.24540986829147338
22,English,Cuetos_Mitchell,high,sg,1,0,the child,of the teachers,child,teachers,The boys poked fun at the child of the teachers who MASKTOKEN in the park.,The boys poked fun at the child of the teachers who,$SG,The boys poked fun at the child of the teachers who,0.15982989293224303
22,English,Cuetos_Mitchell,ambi,pl,1,0,the children,of the teachers,children,teachers,The boys poked fun at the children of the teachers who MASKTOKEN in the park.,The boys poked fun at the children of the teachers who,$PL,The boys poked fun at the children of the teachers who,0.3079660585081472
22,English,Cuetos_Mitchell,low,pl,1,0,the child,of the teachers,child,teachers,The boys poked fun at the child of the teachers who MASKTOKEN in the park.,The boys poked fun at the child of the teachers who,$PL,The boys poked fun at the child of the teachers who,0.14338941296929164
22,English,Cuetos_Mitchell,high,pl,1,0,the children,of the teacher,children,teacher,The boys poked fun at the children of the teacher who MASKTOKEN in the park.,The boys poked fun at the children of the teacher who,$PL,The boys poked fun at the children of the teacher who,0.022737179746550318
23,English,Cuetos_Mitchell,ambi,sg,1,1,the servant,of the lady,servant,lady,My mother argued with the servant of the lady who MASKTOKEN in the house.,My mother argued with the servant of the lady who,$SG,My mother argued with the servant of the lady who,0.23550350099751682
23,English,Cuetos_Mitchell,low,sg,1,1,the servants,of the lady,servants,lady,My mother argued with the servants of the lady who MASKTOKEN in the house.,My mother argued with the servants of the lady who,$SG,My mother argued with the servants of the lady who,0.2065145517769711
23,English,Cuetos_Mitchell,high,sg,1,1,the servant,of the ladies,servant,ladies,My mother argued with the servant of the ladies who MASKTOKEN in the house.,My mother argued with the servant of the ladies who,$SG,My mother argued with the servant of the ladies who,0.08600636081978696
23,English,Cuetos_Mitchell,ambi,pl,1,1,the servants,of the ladies,servants,ladies,My mother argued with the servants of the ladies who MASKTOKEN in the house.,My mother argued with the servants of the ladies who,$PL,My mother argued with the servants of the ladies who,0.25441915645254287
23,English,Cuetos_Mitchell,low,pl,1,1,the servant,of the ladies,servant,ladies,My mother argued with the servant of the ladies who MASKTOKEN in the house.,My mother argued with the servant of the ladies who,$PL,My mother argued with the servant of the ladies who,0.21801865043147184
23,English,Cuetos_Mitchell,high,pl,1,1,the servants,of the lady,servants,lady,My mother argued with the servants of the lady who MASKTOKEN in the house.,My mother argued with the servants of the lady who,$PL,My mother argued with the servants of the lady who,0.014699393035342845
24,English,Cuetos_Mitchell,ambi,sg,0,0,the son,of the doctor,son,doctor,This afternoon I saw the son of the doctor who MASKTOKEN at our home.,This afternoon I saw the son of the doctor who,$SG,This afternoon I saw the son of the doctor who,0.21557915122779026
24,English,Cuetos_Mitchell,low,sg,0,0,the sons,of the doctor,sons,doctor,This afternoon I saw the sons of the doctor who MASKTOKEN at our home.,This afternoon I saw the sons of the doctor who,$SG,This afternoon I saw the sons of the doctor who,0.25222180259325633
24,English,Cuetos_Mitchell,high,sg,0,0,the son,of the doctors,son,doctors,This afternoon I saw the son of the doctors who MASKTOKEN at our home.,This afternoon I saw the son of the doctors who,$SG,This afternoon I saw the son of the doctors who,0.16123400260024656
24,English,Cuetos_Mitchell,ambi,pl,0,0,the sons,of the doctors,sons,doctors,This afternoon I saw the sons of the doctors who MASKTOKEN at our home.,This afternoon I saw the sons of the doctors who,$PL,This afternoon I saw the sons of the doctors who,0.31204296156558087
24,English,Cuetos_Mitchell,low,pl,0,0,the son,of the doctors,son,doctors,This afternoon I saw the son of the doctors who MASKTOKEN at our home.,This afternoon I saw the son of the doctors who,$PL,This afternoon I saw the son of the doctors who,0.05528846835286938
24,English,Cuetos_Mitchell,high,pl,0,0,the sons,of the doctor,sons,doctor,This afternoon I saw the sons of the doctor who MASKTOKEN at our home.,This afternoon I saw the sons of the doctor who,$PL,This afternoon I saw the sons of the doctor who,0.07423726703027711
